project_id,partial_delivery_count,affected_sov_lines,acceleration_co_count,acceleration_approved_usd,acceleration_rejected_usd,acceleration_ot_hours,chain_B_ot_premium_usd
PRJ-2018-001,6,"['PRJ-2018-001-SOV-04', 'PRJ-2018-001-SOV-05', 'PRJ-2018-001-SOV-06', 'PRJ-2018-001-SOV-07', 'PRJ-2018-001-SOV-09', 'PRJ-2018-001-SOV-12']",0.0,0.0,0.0,0.0,0.0
PRJ-2018-002,7,"['PRJ-2018-002-SOV-04', 'PRJ-2018-002-SOV-09', 'PRJ-2018-002-SOV-03', 'PRJ-2018-002-SOV-06', 'PRJ-2018-002-SOV-12']",2.0,534000.0,242900.0,289.0,12456.68857366873
PRJ-2018-003,8,"['PRJ-2018-003-SOV-09', 'PRJ-2018-003-SOV-06', 'PRJ-2018-003-SOV-05', 'PRJ-2018-003-SOV-08', 'PRJ-2018-003-SOV-07', 'PRJ-2018-003-SOV-12', 'PRJ-2018-003-SOV-10']",3.0,231200.0,492300.0,235.0,10129.141227723709
PRJ-2018-004,7,"['PRJ-2018-004-SOV-08', 'PRJ-2018-004-SOV-09', 'PRJ-2018-004-SOV-03', 'PRJ-2018-004-SOV-07', 'PRJ-2018-004-SOV-06', 'PRJ-2018-004-SOV-11']",1.0,258300.0,0.0,162.0,6982.642037835067
PRJ-2018-005,8,"['PRJ-2018-005-SOV-03', 'PRJ-2018-005-SOV-06', 'PRJ-2018-005-SOV-07', 'PRJ-2018-005-SOV-10', 'PRJ-2018-005-SOV-12']",1.0,185000.0,0.0,111.0,4784.4028777758795
PRJ-2018-006,2,"['PRJ-2018-006-SOV-03', 'PRJ-2018-006-SOV-12']",1.0,52900.0,0.0,190.0,8189.5184394361895
PRJ-2018-007,17,"['PRJ-2018-007-SOV-09', 'PRJ-2018-007-SOV-08', 'PRJ-2018-007-SOV-04', 'PRJ-2018-007-SOV-07', 'PRJ-2018-007-SOV-05', 'PRJ-2018-007-SOV-11', 'PRJ-2018-007-SOV-12', 'PRJ-2018-007-SOV-10', 'PRJ-2018-007-SOV-22', 'PRJ-2018-007-SOV-20']",0.0,0.0,0.0,0.0,0.0
PRJ-2018-008,7,"['PRJ-2018-008-SOV-07', 'PRJ-2018-008-SOV-03', 'PRJ-2018-008-SOV-08', 'PRJ-2018-008-SOV-11', 'PRJ-2018-008-SOV-06', 'PRJ-2018-008-SOV-09']",1.0,153800.0,0.0,158.0,6810.231123320621
PRJ-2018-009,14,"['PRJ-2018-009-SOV-03', 'PRJ-2018-009-SOV-04', 'PRJ-2018-009-SOV-07', 'PRJ-2018-009-SOV-05', 'PRJ-2018-009-SOV-09', 'PRJ-2018-009-SOV-12', 'PRJ-2018-009-SOV-06', 'PRJ-2018-009-SOV-10']",0.0,0.0,0.0,0.0,0.0
PRJ-2018-010,11,"['PRJ-2018-010-SOV-06', 'PRJ-2018-010-SOV-03', 'PRJ-2018-010-SOV-05', 'PRJ-2018-010-SOV-04', 'PRJ-2018-010-SOV-09', 'PRJ-2018-010-SOV-12', 'PRJ-2018-010-SOV-10']",0.0,0.0,0.0,0.0,0.0
PRJ-2018-011,13,"['PRJ-2018-011-SOV-03', 'PRJ-2018-011-SOV-07', 'PRJ-2018-011-SOV-05', 'PRJ-2018-011-SOV-09', 'PRJ-2018-011-SOV-08', 'PRJ-2018-011-SOV-11', 'PRJ-2018-011-SOV-10', 'PRJ-2018-011-SOV-12']",1.0,0.0,518500.0,15.0,646.5409294291728
PRJ-2018-012,10,"['PRJ-2018-012-SOV-03', 'PRJ-2018-012-SOV-04', 'PRJ-2018-012-SOV-09', 'PRJ-2018-012-SOV-08', 'PRJ-2018-012-SOV-11', 'PRJ-2018-012-SOV-10', 'PRJ-2018-012-SOV-12']",0.0,0.0,0.0,0.0,0.0
PRJ-2018-013,16,"['PRJ-2018-013-SOV-03', 'PRJ-2018-013-SOV-04', 'PRJ-2018-013-SOV-05', 'PRJ-2018-013-SOV-09', 'PRJ-2018-013-SOV-08', 'PRJ-2018-013-SOV-10', 'PRJ-2018-013-SOV-07', 'PRJ-2018-013-SOV-12']",1.0,70000.0,0.0,111.0,4784.4028777758795
PRJ-2018-014,9,"['PRJ-2018-014-SOV-08', 'PRJ-2018-014-SOV-03', 'PRJ-2018-014-SOV-06', 'PRJ-2018-014-SOV-12', 'PRJ-2018-014-SOV-05']",0.0,0.0,0.0,0.0,0.0
PRJ-2018-015,8,"['PRJ-2018-015-SOV-03', 'PRJ-2018-015-SOV-04', 'PRJ-2018-015-SOV-06', 'PRJ-2018-015-SOV-11', 'PRJ-2018-015-SOV-10', 'PRJ-2018-015-SOV-12']",5.0,684000.0,529800.0,431.0,18577.276038931566
PRJ-2018-016,9,"['PRJ-2018-016-SOV-04', 'PRJ-2018-016-SOV-09', 'PRJ-2018-016-SOV-10', 'PRJ-2018-016-SOV-05', 'PRJ-2018-016-SOV-06', 'PRJ-2018-016-SOV-08', 'PRJ-2018-016-SOV-11']",2.0,223400.0,0.0,273.0,11767.044915610946
PRJ-2018-017,12,"['PRJ-2018-017-SOV-03', 'PRJ-2018-017-SOV-04', 'PRJ-2018-017-SOV-06', 'PRJ-2018-017-SOV-08', 'PRJ-2018-017-SOV-12', 'PRJ-2018-017-SOV-11', 'PRJ-2018-017-SOV-10']",0.0,0.0,0.0,0.0,0.0
PRJ-2018-018,11,"['PRJ-2018-018-SOV-04', 'PRJ-2018-018-SOV-05', 'PRJ-2018-018-SOV-03', 'PRJ-2018-018-SOV-12', 'PRJ-2018-018-SOV-10', 'PRJ-2018-018-SOV-11', 'PRJ-2018-018-SOV-17']",1.0,0.0,205800.0,128.0,5517.149264462275
PRJ-2018-019,8,"['PRJ-2018-019-SOV-04', 'PRJ-2018-019-SOV-09', 'PRJ-2018-019-SOV-03', 'PRJ-2018-019-SOV-10', 'PRJ-2018-019-SOV-07', 'PRJ-2018-019-SOV-06', 'PRJ-2018-019-SOV-19']",1.0,379400.0,0.0,125.0,5387.84107857644
PRJ-2018-020,6,"['PRJ-2018-020-SOV-09', 'PRJ-2018-020-SOV-03', 'PRJ-2018-020-SOV-07', 'PRJ-2018-020-SOV-10']",0.0,0.0,0.0,0.0,0.0
PRJ-2018-021,8,"['PRJ-2018-021-SOV-08', 'PRJ-2018-021-SOV-03', 'PRJ-2018-021-SOV-06', 'PRJ-2018-021-SOV-09', 'PRJ-2018-021-SOV-12']",3.0,1396000.0,686800.0,402.0,17327.296908701832
PRJ-2018-022,6,"['PRJ-2018-022-SOV-05', 'PRJ-2018-022-SOV-04', 'PRJ-2018-022-SOV-03', 'PRJ-2018-022-SOV-07', 'PRJ-2018-022-SOV-11']",2.0,1080000.0,0.0,286.0,12327.380387782896
PRJ-2018-023,10,"['PRJ-2018-023-SOV-06', 'PRJ-2018-023-SOV-04', 'PRJ-2018-023-SOV-03', 'PRJ-2018-023-SOV-05', 'PRJ-2018-023-SOV-10', 'PRJ-2018-023-SOV-11', 'PRJ-2018-023-SOV-17']",2.0,96200.0,67000.0,126.0,5430.943807205052
PRJ-2018-024,6,"['PRJ-2018-024-SOV-04', 'PRJ-2018-024-SOV-03', 'PRJ-2018-024-SOV-12', 'PRJ-2018-024-SOV-05']",1.0,361400.0,0.0,109.0,4698.197420518656
PRJ-2018-025,9,"['PRJ-2018-025-SOV-03', 'PRJ-2018-025-SOV-09', 'PRJ-2018-025-SOV-05', 'PRJ-2018-025-SOV-07', 'PRJ-2018-025-SOV-11', 'PRJ-2018-025-SOV-12']",3.0,592800.0,485900.0,289.0,12456.68857366873
PRJ-2018-026,9,"['PRJ-2018-026-SOV-04', 'PRJ-2018-026-SOV-03', 'PRJ-2018-026-SOV-08', 'PRJ-2018-026-SOV-06', 'PRJ-2018-026-SOV-11', 'PRJ-2018-026-SOV-12']",3.0,148200.0,0.0,176.0,7586.080238635628
PRJ-2018-027,3,"['PRJ-2018-027-SOV-03', 'PRJ-2018-027-SOV-09']",4.0,313800.0,146800.0,291.0,12542.894030925952
PRJ-2018-028,12,"['PRJ-2018-028-SOV-03', 'PRJ-2018-028-SOV-07', 'PRJ-2018-028-SOV-06', 'PRJ-2018-028-SOV-04', 'PRJ-2018-028-SOV-05', 'PRJ-2018-028-SOV-11', 'PRJ-2018-028-SOV-12', 'PRJ-2018-028-SOV-20']",2.0,376800.0,0.0,239.0,10301.552142238153
PRJ-2018-029,9,"['PRJ-2018-029-SOV-04', 'PRJ-2018-029-SOV-03', 'PRJ-2018-029-SOV-09', 'PRJ-2018-029-SOV-08', 'PRJ-2018-029-SOV-06', 'PRJ-2018-029-SOV-12']",1.0,0.0,25100.0,161.0,6939.539309206455
PRJ-2018-030,10,"['PRJ-2018-030-SOV-03', 'PRJ-2018-030-SOV-08', 'PRJ-2018-030-SOV-07', 'PRJ-2018-030-SOV-04', 'PRJ-2018-030-SOV-06', 'PRJ-2018-030-SOV-12']",4.0,464400.0,333500.0,738.0,31809.813727915305
PRJ-2018-031,12,"['PRJ-2018-031-SOV-04', 'PRJ-2018-031-SOV-06', 'PRJ-2018-031-SOV-05', 'PRJ-2018-031-SOV-09', 'PRJ-2018-031-SOV-11', 'PRJ-2018-031-SOV-10', 'PRJ-2018-031-SOV-08']",0.0,0.0,0.0,0.0,0.0
PRJ-2018-032,12,"['PRJ-2018-032-SOV-04', 'PRJ-2018-032-SOV-07', 'PRJ-2018-032-SOV-03', 'PRJ-2018-032-SOV-09', 'PRJ-2018-032-SOV-10', 'PRJ-2018-032-SOV-11', 'PRJ-2018-032-SOV-06', 'PRJ-2018-032-SOV-12']",0.0,0.0,0.0,0.0,0.0
PRJ-2018-033,9,"['PRJ-2018-033-SOV-09', 'PRJ-2018-033-SOV-07', 'PRJ-2018-033-SOV-12', 'PRJ-2018-033-SOV-08', 'PRJ-2018-033-SOV-11', 'PRJ-2018-033-SOV-05']",2.0,137200.0,0.0,137.0,5905.073822119779
PRJ-2018-034,10,"['PRJ-2018-034-SOV-03', 'PRJ-2018-034-SOV-09', 'PRJ-2018-034-SOV-06', 'PRJ-2018-034-SOV-10', 'PRJ-2018-034-SOV-12', 'PRJ-2018-034-SOV-08']",2.0,109600.0,113400.0,208.0,8965.367554751198
PRJ-2018-035,8,"['PRJ-2018-035-SOV-04', 'PRJ-2018-035-SOV-03', 'PRJ-2018-035-SOV-05', 'PRJ-2018-035-SOV-08', 'PRJ-2018-035-SOV-07', 'PRJ-2018-035-SOV-09']",1.0,0.0,68200.0,199.0,8577.442997093693
PRJ-2018-036,7,"['PRJ-2018-036-SOV-04', 'PRJ-2018-036-SOV-07', 'PRJ-2018-036-SOV-05', 'PRJ-2018-036-SOV-12', 'PRJ-2018-036-SOV-10']",1.0,468700.0,0.0,34.0,1465.4927733727918
PRJ-2018-037,12,"['PRJ-2018-037-SOV-04', 'PRJ-2018-037-SOV-03', 'PRJ-2018-037-SOV-07', 'PRJ-2018-037-SOV-09', 'PRJ-2018-037-SOV-05', 'PRJ-2018-037-SOV-10', 'PRJ-2018-037-SOV-11', 'PRJ-2018-037-SOV-08', 'PRJ-2018-037-SOV-12']",3.0,1486700.0,0.0,129.0,5560.251993090887
PRJ-2018-038,6,"['PRJ-2018-038-SOV-06', 'PRJ-2018-038-SOV-03', 'PRJ-2018-038-SOV-12', 'PRJ-2018-038-SOV-11', 'PRJ-2018-038-SOV-09']",1.0,148900.0,0.0,28.0,1206.8764016011226
PRJ-2018-039,8,"['PRJ-2018-039-SOV-04', 'PRJ-2018-039-SOV-03', 'PRJ-2018-039-SOV-06', 'PRJ-2018-039-SOV-08', 'PRJ-2018-039-SOV-12']",0.0,0.0,0.0,0.0,0.0
PRJ-2018-040,6,"['PRJ-2018-040-SOV-04', 'PRJ-2018-040-SOV-07', 'PRJ-2018-040-SOV-05', 'PRJ-2018-040-SOV-11', 'PRJ-2018-040-SOV-12']",1.0,175900.0,0.0,154.0,6637.820208806174
PRJ-2018-041,9,"['PRJ-2018-041-SOV-04', 'PRJ-2018-041-SOV-09', 'PRJ-2018-041-SOV-06', 'PRJ-2018-041-SOV-08', 'PRJ-2018-041-SOV-11', 'PRJ-2018-041-SOV-12', 'PRJ-2018-041-SOV-10']",2.0,1220400.0,0.0,206.0,8879.162097493974
PRJ-2018-042,5,"['PRJ-2018-042-SOV-09', 'PRJ-2018-042-SOV-05', 'PRJ-2018-042-SOV-10', 'PRJ-2018-042-SOV-06', 'PRJ-2018-042-SOV-11']",2.0,134200.0,212800.0,283.0,12198.072201897061
PRJ-2018-043,8,"['PRJ-2018-043-SOV-04', 'PRJ-2018-043-SOV-06', 'PRJ-2018-043-SOV-03', 'PRJ-2018-043-SOV-07', 'PRJ-2018-043-SOV-09', 'PRJ-2018-043-SOV-10']",1.0,116100.0,0.0,46.0,1982.7255169161301
PRJ-2018-044,15,"['PRJ-2018-044-SOV-07', 'PRJ-2018-044-SOV-03', 'PRJ-2018-044-SOV-08', 'PRJ-2018-044-SOV-06', 'PRJ-2018-044-SOV-04', 'PRJ-2018-044-SOV-09', 'PRJ-2018-044-SOV-12', 'PRJ-2018-044-SOV-11', 'PRJ-2018-044-SOV-21']",3.0,295700.0,114500.0,511.0,22025.494329220488
PRJ-2018-045,13,"['PRJ-2018-045-SOV-04', 'PRJ-2018-045-SOV-05', 'PRJ-2018-045-SOV-03', 'PRJ-2018-045-SOV-09', 'PRJ-2018-045-SOV-07', 'PRJ-2018-045-SOV-06', 'PRJ-2018-045-SOV-08', 'PRJ-2018-045-SOV-11']",2.0,95500.0,0.0,185.0,7974.004796293132
PRJ-2018-046,6,"['PRJ-2018-046-SOV-04', 'PRJ-2018-046-SOV-03', 'PRJ-2018-046-SOV-08', 'PRJ-2018-046-SOV-10']",1.0,133000.0,0.0,84.0,3620.629204803368
PRJ-2018-047,16,"['PRJ-2018-047-SOV-07', 'PRJ-2018-047-SOV-03', 'PRJ-2018-047-SOV-04', 'PRJ-2018-047-SOV-05', 'PRJ-2018-047-SOV-09', 'PRJ-2018-047-SOV-06', 'PRJ-2018-047-SOV-08', 'PRJ-2018-047-SOV-12', 'PRJ-2018-047-SOV-11']",0.0,0.0,0.0,0.0,0.0
PRJ-2018-048,8,"['PRJ-2018-048-SOV-05', 'PRJ-2018-048-SOV-10', 'PRJ-2018-048-SOV-12', 'PRJ-2018-048-SOV-11']",1.0,0.0,95500.0,96.0,4137.861948346706
PRJ-2018-049,10,"['PRJ-2018-049-SOV-04', 'PRJ-2018-049-SOV-03', 'PRJ-2018-049-SOV-09', 'PRJ-2018-049-SOV-07', 'PRJ-2018-049-SOV-08', 'PRJ-2018-049-SOV-05', 'PRJ-2018-049-SOV-12', 'PRJ-2018-049-SOV-11']",1.0,16100.0,0.0,11.0,474.13001491472676
PRJ-2018-050,15,"['PRJ-2018-050-SOV-04', 'PRJ-2018-050-SOV-06', 'PRJ-2018-050-SOV-12', 'PRJ-2018-050-SOV-10', 'PRJ-2018-050-SOV-11', 'PRJ-2018-050-SOV-05', 'PRJ-2018-050-SOV-08', 'PRJ-2018-050-SOV-07', 'PRJ-2018-050-SOV-09']",0.0,0.0,0.0,0.0,0.0
PRJ-2018-051,9,"['PRJ-2018-051-SOV-03', 'PRJ-2018-051-SOV-05', 'PRJ-2018-051-SOV-07', 'PRJ-2018-051-SOV-06', 'PRJ-2018-051-SOV-09', 'PRJ-2018-051-SOV-12', 'PRJ-2018-051-SOV-11', 'PRJ-2018-051-SOV-10']",1.0,155100.0,0.0,140.0,6034.382008005613
PRJ-2018-052,13,"['PRJ-2018-052-SOV-08', 'PRJ-2018-052-SOV-05', 'PRJ-2018-052-SOV-11', 'PRJ-2018-052-SOV-06', 'PRJ-2018-052-SOV-07', 'PRJ-2018-052-SOV-12', 'PRJ-2018-052-SOV-10']",0.0,0.0,0.0,0.0,0.0
PRJ-2018-053,5,"['PRJ-2018-053-SOV-04', 'PRJ-2018-053-SOV-05', 'PRJ-2018-053-SOV-03', 'PRJ-2018-053-SOV-06', 'PRJ-2018-053-SOV-11']",1.0,15400.0,0.0,45.0,1939.6227882875185
PRJ-2018-054,9,"['PRJ-2018-054-SOV-06', 'PRJ-2018-054-SOV-08', 'PRJ-2018-054-SOV-04', 'PRJ-2018-054-SOV-03', 'PRJ-2018-054-SOV-05', 'PRJ-2018-054-SOV-11', 'PRJ-2018-054-SOV-10']",1.0,122000.0,0.0,73.0,3146.499189888641
PRJ-2018-055,14,"['PRJ-2018-055-SOV-05', 'PRJ-2018-055-SOV-04', 'PRJ-2018-055-SOV-08', 'PRJ-2018-055-SOV-10', 'PRJ-2018-055-SOV-06', 'PRJ-2018-055-SOV-09', 'PRJ-2018-055-SOV-24', 'PRJ-2018-055-SOV-25']",2.0,73700.0,59000.0,186.0,8017.107524921743
PRJ-2018-056,6,"['PRJ-2018-056-SOV-05', 'PRJ-2018-056-SOV-06', 'PRJ-2018-056-SOV-07', 'PRJ-2018-056-SOV-12', 'PRJ-2018-056-SOV-10']",0.0,0.0,0.0,0.0,0.0
PRJ-2018-057,10,"['PRJ-2018-057-SOV-04', 'PRJ-2018-057-SOV-08', 'PRJ-2018-057-SOV-09', 'PRJ-2018-057-SOV-03', 'PRJ-2018-057-SOV-05', 'PRJ-2018-057-SOV-06', 'PRJ-2018-057-SOV-11', 'PRJ-2018-057-SOV-12']",1.0,197800.0,0.0,157.0,6767.128394692009
PRJ-2018-058,14,"['PRJ-2018-058-SOV-03', 'PRJ-2018-058-SOV-05', 'PRJ-2018-058-SOV-04', 'PRJ-2018-058-SOV-11', 'PRJ-2018-058-SOV-07', 'PRJ-2018-058-SOV-09', 'PRJ-2018-058-SOV-12']",0.0,0.0,0.0,0.0,0.0
PRJ-2018-059,6,"['PRJ-2018-059-SOV-04', 'PRJ-2018-059-SOV-08', 'PRJ-2018-059-SOV-07', 'PRJ-2018-059-SOV-06', 'PRJ-2018-059-SOV-11', 'PRJ-2018-059-SOV-12']",2.0,59300.0,53900.0,176.0,7586.080238635628
PRJ-2018-060,4,"['PRJ-2018-060-SOV-03', 'PRJ-2018-060-SOV-06', 'PRJ-2018-060-SOV-08', 'PRJ-2018-060-SOV-11']",0.0,0.0,0.0,0.0,0.0
PRJ-2018-061,3,"['PRJ-2018-061-SOV-07', 'PRJ-2018-061-SOV-05', 'PRJ-2018-061-SOV-12']",1.0,659000.0,0.0,80.0,3448.2182902889217
PRJ-2018-062,9,"['PRJ-2018-062-SOV-03', 'PRJ-2018-062-SOV-05', 'PRJ-2018-062-SOV-07', 'PRJ-2018-062-SOV-12', 'PRJ-2018-062-SOV-11', 'PRJ-2018-062-SOV-10']",2.0,574700.0,0.0,312.0,13448.051332126795
PRJ-2018-063,5,"['PRJ-2018-063-SOV-03', 'PRJ-2018-063-SOV-12', 'PRJ-2018-063-SOV-10', 'PRJ-2018-063-SOV-11']",0.0,0.0,0.0,0.0,0.0
PRJ-2018-064,9,"['PRJ-2018-064-SOV-04', 'PRJ-2018-064-SOV-06', 'PRJ-2018-064-SOV-05', 'PRJ-2018-064-SOV-12', 'PRJ-2018-064-SOV-11', 'PRJ-2018-064-SOV-10']",3.0,605300.0,0.0,237.0,10215.34668498093
PRJ-2018-065,15,"['PRJ-2018-065-SOV-06', 'PRJ-2018-065-SOV-04', 'PRJ-2018-065-SOV-03', 'PRJ-2018-065-SOV-08', 'PRJ-2018-065-SOV-05', 'PRJ-2018-065-SOV-11', 'PRJ-2018-065-SOV-07']",2.0,360500.0,0.0,302.0,13017.02404584068
PRJ-2018-066,14,"['PRJ-2018-066-SOV-03', 'PRJ-2018-066-SOV-04', 'PRJ-2018-066-SOV-08', 'PRJ-2018-066-SOV-05', 'PRJ-2018-066-SOV-06', 'PRJ-2018-066-SOV-07', 'PRJ-2018-066-SOV-11', 'PRJ-2018-066-SOV-12', 'PRJ-2018-066-SOV-10']",4.0,564900.0,103600.0,349.0,15042.852291385421
PRJ-2018-067,12,"['PRJ-2018-067-SOV-03', 'PRJ-2018-067-SOV-06', 'PRJ-2018-067-SOV-04', 'PRJ-2018-067-SOV-11', 'PRJ-2018-067-SOV-08', 'PRJ-2018-067-SOV-07', 'PRJ-2018-067-SOV-10', 'PRJ-2018-067-SOV-12']",0.0,0.0,0.0,0.0,0.0
PRJ-2018-068,12,"['PRJ-2018-068-SOV-03', 'PRJ-2018-068-SOV-09', 'PRJ-2018-068-SOV-05', 'PRJ-2018-068-SOV-08', 'PRJ-2018-068-SOV-07', 'PRJ-2018-068-SOV-10', 'PRJ-2018-068-SOV-11', 'PRJ-2018-068-SOV-12']",0.0,0.0,0.0,0.0,0.0
PRJ-2018-069,9,"['PRJ-2018-069-SOV-03', 'PRJ-2018-069-SOV-05', 'PRJ-2018-069-SOV-08', 'PRJ-2018-069-SOV-10']",3.0,778000.0,0.0,315.0,13577.35951801263
PRJ-2018-070,7,"['PRJ-2018-070-SOV-03', 'PRJ-2018-070-SOV-05', 'PRJ-2018-070-SOV-07', 'PRJ-2018-070-SOV-08', 'PRJ-2018-070-SOV-09', 'PRJ-2018-070-SOV-12']",0.0,0.0,0.0,0.0,0.0
PRJ-2018-071,9,"['PRJ-2018-071-SOV-08', 'PRJ-2018-071-SOV-07', 'PRJ-2018-071-SOV-05', 'PRJ-2018-071-SOV-12', 'PRJ-2018-071-SOV-10']",0.0,0.0,0.0,0.0,0.0
PRJ-2018-072,10,"['PRJ-2018-072-SOV-03', 'PRJ-2018-072-SOV-05', 'PRJ-2018-072-SOV-06', 'PRJ-2018-072-SOV-09', 'PRJ-2018-072-SOV-08', 'PRJ-2018-072-SOV-10', 'PRJ-2018-072-SOV-11']",1.0,103000.0,0.0,100.0,4310.272862861152
PRJ-2018-073,12,"['PRJ-2018-073-SOV-03', 'PRJ-2018-073-SOV-04', 'PRJ-2018-073-SOV-09', 'PRJ-2018-073-SOV-12', 'PRJ-2018-073-SOV-10', 'PRJ-2018-073-SOV-11', 'PRJ-2018-073-SOV-08']",0.0,0.0,0.0,0.0,0.0
PRJ-2018-074,10,"['PRJ-2018-074-SOV-04', 'PRJ-2018-074-SOV-03', 'PRJ-2018-074-SOV-06', 'PRJ-2018-074-SOV-07', 'PRJ-2018-074-SOV-12', 'PRJ-2018-074-SOV-11', 'PRJ-2018-074-SOV-05', 'PRJ-2018-074-SOV-22']",1.0,74000.0,0.0,91.0,3922.3483052036486
PRJ-2018-075,5,"['PRJ-2018-075-SOV-04', 'PRJ-2018-075-SOV-09', 'PRJ-2018-075-SOV-05', 'PRJ-2018-075-SOV-18']",2.0,76300.0,35200.0,105.0,4525.7865060042095
PRJ-2018-076,7,"['PRJ-2018-076-SOV-05', 'PRJ-2018-076-SOV-06', 'PRJ-2018-076-SOV-09', 'PRJ-2018-076-SOV-04', 'PRJ-2018-076-SOV-07', 'PRJ-2018-076-SOV-03']",2.0,83800.0,286600.0,350.0,15085.955020014033
PRJ-2018-077,11,"['PRJ-2018-077-SOV-09', 'PRJ-2018-077-SOV-07', 'PRJ-2018-077-SOV-03', 'PRJ-2018-077-SOV-06', 'PRJ-2018-077-SOV-08', 'PRJ-2018-077-SOV-12', 'PRJ-2018-077-SOV-21']",1.0,0.0,71700.0,69.0,2974.0882753741953
PRJ-2018-078,8,"['PRJ-2018-078-SOV-03', 'PRJ-2018-078-SOV-06', 'PRJ-2018-078-SOV-04', 'PRJ-2018-078-SOV-08', 'PRJ-2018-078-SOV-07', 'PRJ-2018-078-SOV-10', 'PRJ-2018-078-SOV-21']",1.0,95700.0,0.0,166.0,7155.052952349512
PRJ-2018-079,5,"['PRJ-2018-079-SOV-03', 'PRJ-2018-079-SOV-05', 'PRJ-2018-079-SOV-08']",2.0,330900.0,372600.0,151.0,6508.51202292034
PRJ-2018-080,7,"['PRJ-2018-080-SOV-09', 'PRJ-2018-080-SOV-05', 'PRJ-2018-080-SOV-12', 'PRJ-2018-080-SOV-06', 'PRJ-2018-080-SOV-10', 'PRJ-2018-080-SOV-11']",0.0,0.0,0.0,0.0,0.0
PRJ-2019-081,12,"['PRJ-2019-081-SOV-04', 'PRJ-2019-081-SOV-09', 'PRJ-2019-081-SOV-06', 'PRJ-2019-081-SOV-12', 'PRJ-2019-081-SOV-07', 'PRJ-2019-081-SOV-05', 'PRJ-2019-081-SOV-11', 'PRJ-2019-081-SOV-10', 'PRJ-2019-081-SOV-19']",3.0,2028000.0,0.0,377.0,16249.728692986544
PRJ-2019-082,16,"['PRJ-2019-082-SOV-04', 'PRJ-2019-082-SOV-03', 'PRJ-2019-082-SOV-09', 'PRJ-2019-082-SOV-05', 'PRJ-2019-082-SOV-08', 'PRJ-2019-082-SOV-06', 'PRJ-2019-082-SOV-10', 'PRJ-2019-082-SOV-12']",1.0,0.0,342700.0,105.0,4525.7865060042095
PRJ-2019-083,13,"['PRJ-2019-083-SOV-03', 'PRJ-2019-083-SOV-09', 'PRJ-2019-083-SOV-06', 'PRJ-2019-083-SOV-08', 'PRJ-2019-083-SOV-05', 'PRJ-2019-083-SOV-07', 'PRJ-2019-083-SOV-11', 'PRJ-2019-083-SOV-12', 'PRJ-2019-083-SOV-10']",2.0,333300.0,0.0,303.0,13060.126774469292
PRJ-2019-084,11,"['PRJ-2019-084-SOV-04', 'PRJ-2019-084-SOV-03', 'PRJ-2019-084-SOV-06', 'PRJ-2019-084-SOV-07', 'PRJ-2019-084-SOV-09', 'PRJ-2019-084-SOV-12', 'PRJ-2019-084-SOV-11', 'PRJ-2019-084-SOV-17']",3.0,378500.0,0.0,278.0,11982.558558754003
PRJ-2019-085,5,"['PRJ-2019-085-SOV-03', 'PRJ-2019-085-SOV-12', 'PRJ-2019-085-SOV-10', 'PRJ-2019-085-SOV-08', 'PRJ-2019-085-SOV-11']",0.0,0.0,0.0,0.0,0.0
PRJ-2019-086,7,"['PRJ-2019-086-SOV-03', 'PRJ-2019-086-SOV-04', 'PRJ-2019-086-SOV-05', 'PRJ-2019-086-SOV-12', 'PRJ-2019-086-SOV-11']",2.0,234100.0,155700.0,245.0,10560.168514009823
PRJ-2019-087,8,"['PRJ-2019-087-SOV-04', 'PRJ-2019-087-SOV-09', 'PRJ-2019-087-SOV-11', 'PRJ-2019-087-SOV-10']",1.0,361500.0,0.0,103.0,4439.581048746987
PRJ-2019-088,8,"['PRJ-2019-088-SOV-08', 'PRJ-2019-088-SOV-09', 'PRJ-2019-088-SOV-12', 'PRJ-2019-088-SOV-11', 'PRJ-2019-088-SOV-19']",1.0,0.0,188200.0,187.0,8060.2102535503545
PRJ-2019-089,10,"['PRJ-2019-089-SOV-03', 'PRJ-2019-089-SOV-07', 'PRJ-2019-089-SOV-06', 'PRJ-2019-089-SOV-08', 'PRJ-2019-089-SOV-12', 'PRJ-2019-089-SOV-19']",1.0,0.0,273000.0,150.0,6465.409294291729
PRJ-2019-090,9,"['PRJ-2019-090-SOV-09', 'PRJ-2019-090-SOV-05', 'PRJ-2019-090-SOV-06', 'PRJ-2019-090-SOV-04', 'PRJ-2019-090-SOV-12', 'PRJ-2019-090-SOV-08']",0.0,0.0,0.0,0.0,0.0
PRJ-2019-091,12,"['PRJ-2019-091-SOV-09', 'PRJ-2019-091-SOV-08', 'PRJ-2019-091-SOV-03', 'PRJ-2019-091-SOV-07', 'PRJ-2019-091-SOV-04', 'PRJ-2019-091-SOV-11']",1.0,0.0,163900.0,154.0,6637.820208806174
PRJ-2019-092,8,"['PRJ-2019-092-SOV-03', 'PRJ-2019-092-SOV-08', 'PRJ-2019-092-SOV-12', 'PRJ-2019-092-SOV-07', 'PRJ-2019-092-SOV-10']",1.0,55500.0,0.0,90.0,3879.245576575037
PRJ-2019-093,11,"['PRJ-2019-093-SOV-04', 'PRJ-2019-093-SOV-07', 'PRJ-2019-093-SOV-06', 'PRJ-2019-093-SOV-05', 'PRJ-2019-093-SOV-03', 'PRJ-2019-093-SOV-10', 'PRJ-2019-093-SOV-08', 'PRJ-2019-093-SOV-12']",2.0,156400.0,0.0,265.0,11422.223086582053
PRJ-2019-094,16,"['PRJ-2019-094-SOV-03', 'PRJ-2019-094-SOV-09', 'PRJ-2019-094-SOV-08', 'PRJ-2019-094-SOV-04', 'PRJ-2019-094-SOV-07', 'PRJ-2019-094-SOV-06', 'PRJ-2019-094-SOV-11', 'PRJ-2019-094-SOV-12', 'PRJ-2019-094-SOV-10', 'PRJ-2019-094-SOV-20']",1.0,245800.0,0.0,51.0,2198.2391600591877
PRJ-2019-095,14,"['PRJ-2019-095-SOV-03', 'PRJ-2019-095-SOV-08', 'PRJ-2019-095-SOV-06', 'PRJ-2019-095-SOV-04', 'PRJ-2019-095-SOV-09', 'PRJ-2019-095-SOV-07', 'PRJ-2019-095-SOV-12', 'PRJ-2019-095-SOV-11']",1.0,93900.0,0.0,101.0,4353.375591489764
PRJ-2019-096,10,"['PRJ-2019-096-SOV-06', 'PRJ-2019-096-SOV-09', 'PRJ-2019-096-SOV-12', 'PRJ-2019-096-SOV-05', 'PRJ-2019-096-SOV-11', 'PRJ-2019-096-SOV-10']",1.0,63600.0,0.0,19.0,818.9518439436189
PRJ-2019-097,6,"['PRJ-2019-097-SOV-05', 'PRJ-2019-097-SOV-09', 'PRJ-2019-097-SOV-10', 'PRJ-2019-097-SOV-11']",1.0,87100.0,0.0,143.0,6163.690193891448
PRJ-2019-098,7,"['PRJ-2019-098-SOV-03', 'PRJ-2019-098-SOV-04', 'PRJ-2019-098-SOV-12', 'PRJ-2019-098-SOV-10', 'PRJ-2019-098-SOV-11']",1.0,134900.0,0.0,192.0,8275.723896693413
PRJ-2019-099,2,['PRJ-2019-099-SOV-07'],0.0,0.0,0.0,0.0,0.0
PRJ-2019-100,9,"['PRJ-2019-100-SOV-04', 'PRJ-2019-100-SOV-03', 'PRJ-2019-100-SOV-08', 'PRJ-2019-100-SOV-06', 'PRJ-2019-100-SOV-09', 'PRJ-2019-100-SOV-12', 'PRJ-2019-100-SOV-11']",0.0,0.0,0.0,0.0,0.0
PRJ-2019-101,8,"['PRJ-2019-101-SOV-08', 'PRJ-2019-101-SOV-05', 'PRJ-2019-101-SOV-09', 'PRJ-2019-101-SOV-06', 'PRJ-2019-101-SOV-10', 'PRJ-2019-101-SOV-12']",0.0,0.0,0.0,0.0,0.0
PRJ-2019-102,7,"['PRJ-2019-102-SOV-08', 'PRJ-2019-102-SOV-09', 'PRJ-2019-102-SOV-05', 'PRJ-2019-102-SOV-06', 'PRJ-2019-102-SOV-11']",1.0,192300.0,0.0,55.0,2370.650074573634
PRJ-2019-103,11,"['PRJ-2019-103-SOV-03', 'PRJ-2019-103-SOV-09', 'PRJ-2019-103-SOV-05', 'PRJ-2019-103-SOV-07', 'PRJ-2019-103-SOV-06', 'PRJ-2019-103-SOV-12', 'PRJ-2019-103-SOV-11']",2.0,157100.0,0.0,97.0,4180.964676975318
PRJ-2019-104,6,"['PRJ-2019-104-SOV-04', 'PRJ-2019-104-SOV-05', 'PRJ-2019-104-SOV-03', 'PRJ-2019-104-SOV-11', 'PRJ-2019-104-SOV-12']",0.0,0.0,0.0,0.0,0.0
PRJ-2019-105,9,"['PRJ-2019-105-SOV-04', 'PRJ-2019-105-SOV-07', 'PRJ-2019-105-SOV-09', 'PRJ-2019-105-SOV-08', 'PRJ-2019-105-SOV-11', 'PRJ-2019-105-SOV-06']",0.0,0.0,0.0,0.0,0.0
PRJ-2019-106,10,"['PRJ-2019-106-SOV-07', 'PRJ-2019-106-SOV-03', 'PRJ-2019-106-SOV-08', 'PRJ-2019-106-SOV-11', 'PRJ-2019-106-SOV-10']",0.0,0.0,0.0,0.0,0.0
PRJ-2019-107,10,"['PRJ-2019-107-SOV-04', 'PRJ-2019-107-SOV-08', 'PRJ-2019-107-SOV-09', 'PRJ-2019-107-SOV-05', 'PRJ-2019-107-SOV-12', 'PRJ-2019-107-SOV-11']",1.0,381700.0,0.0,193.0,8318.826625322024
PRJ-2019-108,14,"['PRJ-2019-108-SOV-04', 'PRJ-2019-108-SOV-03', 'PRJ-2019-108-SOV-06', 'PRJ-2019-108-SOV-07', 'PRJ-2019-108-SOV-11', 'PRJ-2019-108-SOV-10', 'PRJ-2019-108-SOV-09', 'PRJ-2019-108-SOV-12']",5.0,651900.0,66600.0,572.0,24654.760775565792
PRJ-2019-109,10,"['PRJ-2019-109-SOV-08', 'PRJ-2019-109-SOV-04', 'PRJ-2019-109-SOV-07', 'PRJ-2019-109-SOV-09', 'PRJ-2019-109-SOV-05', 'PRJ-2019-109-SOV-03', 'PRJ-2019-109-SOV-12']",1.0,299900.0,0.0,73.0,3146.499189888641
PRJ-2019-110,12,"['PRJ-2019-110-SOV-06', 'PRJ-2019-110-SOV-04', 'PRJ-2019-110-SOV-05', 'PRJ-2019-110-SOV-11', 'PRJ-2019-110-SOV-12', 'PRJ-2019-110-SOV-07', 'PRJ-2019-110-SOV-10']",0.0,0.0,0.0,0.0,0.0
PRJ-2019-111,12,"['PRJ-2019-111-SOV-03', 'PRJ-2019-111-SOV-04', 'PRJ-2019-111-SOV-06', 'PRJ-2019-111-SOV-09', 'PRJ-2019-111-SOV-07', 'PRJ-2019-111-SOV-10', 'PRJ-2019-111-SOV-08', 'PRJ-2019-111-SOV-11', 'PRJ-2019-111-SOV-12', 'PRJ-2019-111-SOV-18']",1.0,221000.0,0.0,122.0,5258.532892690606
PRJ-2019-112,9,"['PRJ-2019-112-SOV-04', 'PRJ-2019-112-SOV-07', 'PRJ-2019-112-SOV-06', 'PRJ-2019-112-SOV-11', 'PRJ-2019-112-SOV-10', 'PRJ-2019-112-SOV-08', 'PRJ-2019-112-SOV-12']",1.0,206600.0,0.0,123.0,5301.6356213192175
PRJ-2019-113,8,"['PRJ-2019-113-SOV-03', 'PRJ-2019-113-SOV-07', 'PRJ-2019-113-SOV-10', 'PRJ-2019-113-SOV-11', 'PRJ-2019-113-SOV-06', 'PRJ-2019-113-SOV-09']",2.0,113700.0,0.0,221.0,9525.703026923147
PRJ-2019-114,10,"['PRJ-2019-114-SOV-04', 'PRJ-2019-114-SOV-07', 'PRJ-2019-114-SOV-12', 'PRJ-2019-114-SOV-11', 'PRJ-2019-114-SOV-08', 'PRJ-2019-114-SOV-10', 'PRJ-2019-114-SOV-25']",0.0,0.0,0.0,0.0,0.0
PRJ-2019-115,9,"['PRJ-2019-115-SOV-09', 'PRJ-2019-115-SOV-05', 'PRJ-2019-115-SOV-06', 'PRJ-2019-115-SOV-08', 'PRJ-2019-115-SOV-10', 'PRJ-2019-115-SOV-12', 'PRJ-2019-115-SOV-11']",1.0,391500.0,0.0,175.0,7542.9775100070165
PRJ-2019-116,12,"['PRJ-2019-116-SOV-07', 'PRJ-2019-116-SOV-09', 'PRJ-2019-116-SOV-06', 'PRJ-2019-116-SOV-08', 'PRJ-2019-116-SOV-10', 'PRJ-2019-116-SOV-11', 'PRJ-2019-116-SOV-12']",2.0,936600.0,0.0,147.0,6336.101108405894
PRJ-2019-117,9,"['PRJ-2019-117-SOV-03', 'PRJ-2019-117-SOV-09', 'PRJ-2019-117-SOV-05', 'PRJ-2019-117-SOV-07', 'PRJ-2019-117-SOV-08', 'PRJ-2019-117-SOV-06']",0.0,0.0,0.0,0.0,0.0
PRJ-2019-118,7,"['PRJ-2019-118-SOV-04', 'PRJ-2019-118-SOV-07', 'PRJ-2019-118-SOV-05', 'PRJ-2019-118-SOV-10', 'PRJ-2019-118-SOV-06']",2.0,73700.0,77300.0,191.0,8232.621168064801
PRJ-2019-119,5,"['PRJ-2019-119-SOV-03', 'PRJ-2019-119-SOV-05', 'PRJ-2019-119-SOV-08', 'PRJ-2019-119-SOV-12']",0.0,0.0,0.0,0.0,0.0
PRJ-2019-120,5,"['PRJ-2019-120-SOV-07', 'PRJ-2019-120-SOV-03', 'PRJ-2019-120-SOV-10', 'PRJ-2019-120-SOV-12']",1.0,65300.0,0.0,41.0,1767.2118737730725
PRJ-2019-121,9,"['PRJ-2019-121-SOV-05', 'PRJ-2019-121-SOV-04', 'PRJ-2019-121-SOV-06', 'PRJ-2019-121-SOV-12', 'PRJ-2019-121-SOV-07', 'PRJ-2019-121-SOV-09', 'PRJ-2019-121-SOV-11', 'PRJ-2019-121-SOV-08']",3.0,875600.0,317900.0,413.0,17801.42692361656
PRJ-2019-122,9,"['PRJ-2019-122-SOV-03', 'PRJ-2019-122-SOV-08', 'PRJ-2019-122-SOV-04', 'PRJ-2019-122-SOV-06', 'PRJ-2019-122-SOV-09', 'PRJ-2019-122-SOV-07']",0.0,0.0,0.0,0.0,0.0
PRJ-2019-123,13,"['PRJ-2019-123-SOV-04', 'PRJ-2019-123-SOV-07', 'PRJ-2019-123-SOV-08', 'PRJ-2019-123-SOV-05', 'PRJ-2019-123-SOV-09', 'PRJ-2019-123-SOV-11', 'PRJ-2019-123-SOV-12', 'PRJ-2019-123-SOV-24', 'PRJ-2019-123-SOV-22']",1.0,53900.0,0.0,118.0,5086.121978176159
PRJ-2019-124,6,"['PRJ-2019-124-SOV-04', 'PRJ-2019-124-SOV-05', 'PRJ-2019-124-SOV-07', 'PRJ-2019-124-SOV-10', 'PRJ-2019-124-SOV-08', 'PRJ-2019-124-SOV-12']",1.0,55900.0,0.0,55.0,2370.650074573634
PRJ-2019-125,8,"['PRJ-2019-125-SOV-03', 'PRJ-2019-125-SOV-06', 'PRJ-2019-125-SOV-05', 'PRJ-2019-125-SOV-07', 'PRJ-2019-125-SOV-12']",1.0,32100.0,0.0,141.0,6077.484736634225
PRJ-2019-126,17,"['PRJ-2019-126-SOV-04', 'PRJ-2019-126-SOV-03', 'PRJ-2019-126-SOV-06', 'PRJ-2019-126-SOV-08', 'PRJ-2019-126-SOV-05', 'PRJ-2019-126-SOV-07', 'PRJ-2019-126-SOV-09', 'PRJ-2019-126-SOV-12', 'PRJ-2019-126-SOV-11', 'PRJ-2019-126-SOV-17']",5.0,2658000.0,0.0,694.0,29913.293668256396
PRJ-2019-127,10,"['PRJ-2019-127-SOV-03', 'PRJ-2019-127-SOV-04', 'PRJ-2019-127-SOV-09', 'PRJ-2019-127-SOV-07', 'PRJ-2019-127-SOV-08', 'PRJ-2019-127-SOV-06', 'PRJ-2019-127-SOV-12']",1.0,283400.0,0.0,179.0,7715.388424521462
PRJ-2019-128,9,"['PRJ-2019-128-SOV-07', 'PRJ-2019-128-SOV-08', 'PRJ-2019-128-SOV-04', 'PRJ-2019-128-SOV-05', 'PRJ-2019-128-SOV-12', 'PRJ-2019-128-SOV-06']",0.0,0.0,0.0,0.0,0.0
PRJ-2019-129,10,"['PRJ-2019-129-SOV-04', 'PRJ-2019-129-SOV-05', 'PRJ-2019-129-SOV-08', 'PRJ-2019-129-SOV-11', 'PRJ-2019-129-SOV-12']",1.0,273900.0,0.0,185.0,7974.004796293132
PRJ-2019-130,6,"['PRJ-2019-130-SOV-08', 'PRJ-2019-130-SOV-04', 'PRJ-2019-130-SOV-07', 'PRJ-2019-130-SOV-12', 'PRJ-2019-130-SOV-11']",3.0,146900.0,59700.0,260.0,11206.709443438996
PRJ-2019-131,11,"['PRJ-2019-131-SOV-03', 'PRJ-2019-131-SOV-04', 'PRJ-2019-131-SOV-08', 'PRJ-2019-131-SOV-09', 'PRJ-2019-131-SOV-07', 'PRJ-2019-131-SOV-05', 'PRJ-2019-131-SOV-12', 'PRJ-2019-131-SOV-10']",1.0,1063000.0,0.0,199.0,8577.442997093693
PRJ-2019-132,9,"['PRJ-2019-132-SOV-03', 'PRJ-2019-132-SOV-04', 'PRJ-2019-132-SOV-08', 'PRJ-2019-132-SOV-05', 'PRJ-2019-132-SOV-09', 'PRJ-2019-132-SOV-12', 'PRJ-2019-132-SOV-24']",2.0,92700.0,0.0,218.0,9396.394841037312
PRJ-2019-133,5,"['PRJ-2019-133-SOV-03', 'PRJ-2019-133-SOV-06', 'PRJ-2019-133-SOV-09', 'PRJ-2019-133-SOV-07']",1.0,106800.0,0.0,21.0,905.157301200842
PRJ-2019-134,5,"['PRJ-2019-134-SOV-05', 'PRJ-2019-134-SOV-09', 'PRJ-2019-134-SOV-07', 'PRJ-2019-134-SOV-08', 'PRJ-2019-134-SOV-12']",1.0,90200.0,0.0,166.0,7155.052952349512
PRJ-2019-135,8,"['PRJ-2019-135-SOV-03', 'PRJ-2019-135-SOV-04', 'PRJ-2019-135-SOV-05', 'PRJ-2019-135-SOV-12', 'PRJ-2019-135-SOV-10', 'PRJ-2019-135-SOV-09']",1.0,382700.0,0.0,111.0,4784.4028777758795
PRJ-2019-136,10,"['PRJ-2019-136-SOV-09', 'PRJ-2019-136-SOV-12', 'PRJ-2019-136-SOV-05', 'PRJ-2019-136-SOV-07', 'PRJ-2019-136-SOV-06', 'PRJ-2019-136-SOV-10', 'PRJ-2019-136-SOV-11']",3.0,536700.0,0.0,231.0,9956.730313209262
PRJ-2019-137,15,"['PRJ-2019-137-SOV-04', 'PRJ-2019-137-SOV-07', 'PRJ-2019-137-SOV-06', 'PRJ-2019-137-SOV-03', 'PRJ-2019-137-SOV-05', 'PRJ-2019-137-SOV-09', 'PRJ-2019-137-SOV-08', 'PRJ-2019-137-SOV-11']",1.0,651400.0,0.0,50.0,2155.136431430576
PRJ-2019-138,10,"['PRJ-2019-138-SOV-04', 'PRJ-2019-138-SOV-05', 'PRJ-2019-138-SOV-06', 'PRJ-2019-138-SOV-09', 'PRJ-2019-138-SOV-10']",2.0,330100.0,0.0,231.0,9956.730313209262
PRJ-2019-139,11,"['PRJ-2019-139-SOV-03', 'PRJ-2019-139-SOV-06', 'PRJ-2019-139-SOV-07', 'PRJ-2019-139-SOV-09', 'PRJ-2019-139-SOV-08', 'PRJ-2019-139-SOV-10', 'PRJ-2019-139-SOV-12']",0.0,0.0,0.0,0.0,0.0
PRJ-2019-140,9,"['PRJ-2019-140-SOV-03', 'PRJ-2019-140-SOV-09', 'PRJ-2019-140-SOV-11', 'PRJ-2019-140-SOV-06', 'PRJ-2019-140-SOV-10', 'PRJ-2019-140-SOV-18']",2.0,268500.0,0.0,307.0,13232.537688983737
PRJ-2019-141,5,"['PRJ-2019-141-SOV-05', 'PRJ-2019-141-SOV-09', 'PRJ-2019-141-SOV-08', 'PRJ-2019-141-SOV-10']",2.0,0.0,1268100.0,312.0,13448.051332126795
PRJ-2019-142,5,"['PRJ-2019-142-SOV-04', 'PRJ-2019-142-SOV-08', 'PRJ-2019-142-SOV-06', 'PRJ-2019-142-SOV-09']",0.0,0.0,0.0,0.0,0.0
PRJ-2019-143,7,"['PRJ-2019-143-SOV-04', 'PRJ-2019-143-SOV-07', 'PRJ-2019-143-SOV-08', 'PRJ-2019-143-SOV-06', 'PRJ-2019-143-SOV-09', 'PRJ-2019-143-SOV-05']",0.0,0.0,0.0,0.0,0.0
PRJ-2019-144,10,"['PRJ-2019-144-SOV-07', 'PRJ-2019-144-SOV-03', 'PRJ-2019-144-SOV-09', 'PRJ-2019-144-SOV-04', 'PRJ-2019-144-SOV-05', 'PRJ-2019-144-SOV-12', 'PRJ-2019-144-SOV-11', 'PRJ-2019-144-SOV-10']",3.0,356400.0,0.0,449.0,19353.125154246572
PRJ-2019-145,8,"['PRJ-2019-145-SOV-05', 'PRJ-2019-145-SOV-03', 'PRJ-2019-145-SOV-09', 'PRJ-2019-145-SOV-06', 'PRJ-2019-145-SOV-12']",0.0,0.0,0.0,0.0,0.0
PRJ-2019-146,15,"['PRJ-2019-146-SOV-06', 'PRJ-2019-146-SOV-09', 'PRJ-2019-146-SOV-07', 'PRJ-2019-146-SOV-05', 'PRJ-2019-146-SOV-08', 'PRJ-2019-146-SOV-03', 'PRJ-2019-146-SOV-12', 'PRJ-2019-146-SOV-11']",3.0,225200.0,167800.0,448.0,19310.02242561796
PRJ-2019-147,3,"['PRJ-2019-147-SOV-05', 'PRJ-2019-147-SOV-06', 'PRJ-2019-147-SOV-12']",2.0,609200.0,0.0,153.0,6594.717480177563
PRJ-2019-148,8,"['PRJ-2019-148-SOV-03', 'PRJ-2019-148-SOV-08', 'PRJ-2019-148-SOV-06', 'PRJ-2019-148-SOV-10', 'PRJ-2019-148-SOV-05', 'PRJ-2019-148-SOV-12']",2.0,306300.0,0.0,243.0,10473.9630567526
PRJ-2019-149,12,"['PRJ-2019-149-SOV-04', 'PRJ-2019-149-SOV-07', 'PRJ-2019-149-SOV-09', 'PRJ-2019-149-SOV-05', 'PRJ-2019-149-SOV-08', 'PRJ-2019-149-SOV-03', 'PRJ-2019-149-SOV-06', 'PRJ-2019-149-SOV-11', 'PRJ-2019-149-SOV-12', 'PRJ-2019-149-SOV-10']",0.0,0.0,0.0,0.0,0.0
PRJ-2019-150,6,"['PRJ-2019-150-SOV-03', 'PRJ-2019-150-SOV-06', 'PRJ-2019-150-SOV-08', 'PRJ-2019-150-SOV-09', 'PRJ-2019-150-SOV-10', 'PRJ-2019-150-SOV-12']",3.0,465500.0,210500.0,239.0,10301.552142238153
PRJ-2019-151,4,"['PRJ-2019-151-SOV-09', 'PRJ-2019-151-SOV-10', 'PRJ-2019-151-SOV-11']",0.0,0.0,0.0,0.0,0.0
PRJ-2019-152,12,"['PRJ-2019-152-SOV-04', 'PRJ-2019-152-SOV-09', 'PRJ-2019-152-SOV-03', 'PRJ-2019-152-SOV-08', 'PRJ-2019-152-SOV-05', 'PRJ-2019-152-SOV-10', 'PRJ-2019-152-SOV-07', 'PRJ-2019-152-SOV-12', 'PRJ-2019-152-SOV-18']",2.0,6800.0,54200.0,189.0,8146.415710807578
PRJ-2019-153,9,"['PRJ-2019-153-SOV-03', 'PRJ-2019-153-SOV-09', 'PRJ-2019-153-SOV-07', 'PRJ-2019-153-SOV-04', 'PRJ-2019-153-SOV-08', 'PRJ-2019-153-SOV-12']",1.0,82000.0,0.0,44.0,1896.520059658907
PRJ-2019-154,9,"['PRJ-2019-154-SOV-03', 'PRJ-2019-154-SOV-08', 'PRJ-2019-154-SOV-04', 'PRJ-2019-154-SOV-05', 'PRJ-2019-154-SOV-09', 'PRJ-2019-154-SOV-12', 'PRJ-2019-154-SOV-10']",0.0,0.0,0.0,0.0,0.0
PRJ-2019-155,11,"['PRJ-2019-155-SOV-04', 'PRJ-2019-155-SOV-03', 'PRJ-2019-155-SOV-05', 'PRJ-2019-155-SOV-08', 'PRJ-2019-155-SOV-06', 'PRJ-2019-155-SOV-12', 'PRJ-2019-155-SOV-11', 'PRJ-2019-155-SOV-10']",0.0,0.0,0.0,0.0,0.0
PRJ-2019-156,4,"['PRJ-2019-156-SOV-09', 'PRJ-2019-156-SOV-05', 'PRJ-2019-156-SOV-10', 'PRJ-2019-156-SOV-07']",1.0,870800.0,0.0,44.0,1896.520059658907
PRJ-2019-157,13,"['PRJ-2019-157-SOV-03', 'PRJ-2019-157-SOV-06', 'PRJ-2019-157-SOV-08', 'PRJ-2019-157-SOV-05', 'PRJ-2019-157-SOV-11', 'PRJ-2019-157-SOV-07', 'PRJ-2019-157-SOV-10']",1.0,26700.0,0.0,146.0,6292.998379777282
PRJ-2019-158,11,"['PRJ-2019-158-SOV-04', 'PRJ-2019-158-SOV-05', 'PRJ-2019-158-SOV-06', 'PRJ-2019-158-SOV-09', 'PRJ-2019-158-SOV-11', 'PRJ-2019-158-SOV-12', 'PRJ-2019-158-SOV-10']",2.0,164900.0,0.0,76.0,3275.8073757744755
PRJ-2019-159,10,"['PRJ-2019-159-SOV-05', 'PRJ-2019-159-SOV-09', 'PRJ-2019-159-SOV-06', 'PRJ-2019-159-SOV-03', 'PRJ-2019-159-SOV-11', 'PRJ-2019-159-SOV-10']",0.0,0.0,0.0,0.0,0.0
PRJ-2019-160,8,"['PRJ-2019-160-SOV-03', 'PRJ-2019-160-SOV-04', 'PRJ-2019-160-SOV-06', 'PRJ-2019-160-SOV-10', 'PRJ-2019-160-SOV-05', 'PRJ-2019-160-SOV-08', 'PRJ-2019-160-SOV-07']",4.0,297000.0,199600.0,205.0,8836.059368865363
PRJ-2020-161,16,"['PRJ-2020-161-SOV-04', 'PRJ-2020-161-SOV-03', 'PRJ-2020-161-SOV-08', 'PRJ-2020-161-SOV-09', 'PRJ-2020-161-SOV-06', 'PRJ-2020-161-SOV-05', 'PRJ-2020-161-SOV-11', 'PRJ-2020-161-SOV-12', 'PRJ-2020-161-SOV-10']",4.0,1129800.0,2208300.0,596.0,25689.226262652468
PRJ-2020-162,10,"['PRJ-2020-162-SOV-04', 'PRJ-2020-162-SOV-06', 'PRJ-2020-162-SOV-03', 'PRJ-2020-162-SOV-09', 'PRJ-2020-162-SOV-11', 'PRJ-2020-162-SOV-12', 'PRJ-2020-162-SOV-10']",0.0,0.0,0.0,0.0,0.0
PRJ-2020-163,8,"['PRJ-2020-163-SOV-08', 'PRJ-2020-163-SOV-06', 'PRJ-2020-163-SOV-09', 'PRJ-2020-163-SOV-05', 'PRJ-2020-163-SOV-10', 'PRJ-2020-163-SOV-12']",3.0,266000.0,25200.0,93.0,4008.5537624608714
PRJ-2020-164,11,"['PRJ-2020-164-SOV-04', 'PRJ-2020-164-SOV-06', 'PRJ-2020-164-SOV-08', 'PRJ-2020-164-SOV-09', 'PRJ-2020-164-SOV-07', 'PRJ-2020-164-SOV-03', 'PRJ-2020-164-SOV-11', 'PRJ-2020-164-SOV-10', 'PRJ-2020-164-SOV-12']",1.0,147600.0,0.0,113.0,4870.608335033102
PRJ-2020-165,9,"['PRJ-2020-165-SOV-07', 'PRJ-2020-165-SOV-03', 'PRJ-2020-165-SOV-05', 'PRJ-2020-165-SOV-04', 'PRJ-2020-165-SOV-09', 'PRJ-2020-165-SOV-08', 'PRJ-2020-165-SOV-11', 'PRJ-2020-165-SOV-06']",5.0,749700.0,0.0,713.0,30732.245512200017
PRJ-2020-166,13,"['PRJ-2020-166-SOV-04', 'PRJ-2020-166-SOV-03', 'PRJ-2020-166-SOV-08', 'PRJ-2020-166-SOV-10', 'PRJ-2020-166-SOV-07', 'PRJ-2020-166-SOV-11', 'PRJ-2020-166-SOV-09']",0.0,0.0,0.0,0.0,0.0
PRJ-2020-167,13,"['PRJ-2020-167-SOV-04', 'PRJ-2020-167-SOV-03', 'PRJ-2020-167-SOV-06', 'PRJ-2020-167-SOV-09', 'PRJ-2020-167-SOV-08', 'PRJ-2020-167-SOV-07', 'PRJ-2020-167-SOV-05']",2.0,241600.0,94900.0,52.0,2241.3418886877994
PRJ-2020-168,8,"['PRJ-2020-168-SOV-07', 'PRJ-2020-168-SOV-08', 'PRJ-2020-168-SOV-06', 'PRJ-2020-168-SOV-11', 'PRJ-2020-168-SOV-10', 'PRJ-2020-168-SOV-12']",0.0,0.0,0.0,0.0,0.0
PRJ-2020-169,8,"['PRJ-2020-169-SOV-09', 'PRJ-2020-169-SOV-08', 'PRJ-2020-169-SOV-06', 'PRJ-2020-169-SOV-12', 'PRJ-2020-169-SOV-11']",0.0,0.0,0.0,0.0,0.0
PRJ-2020-170,7,"['PRJ-2020-170-SOV-05', 'PRJ-2020-170-SOV-09', 'PRJ-2020-170-SOV-08']",0.0,0.0,0.0,0.0,0.0
PRJ-2020-171,10,"['PRJ-2020-171-SOV-05', 'PRJ-2020-171-SOV-03', 'PRJ-2020-171-SOV-08', 'PRJ-2020-171-SOV-07', 'PRJ-2020-171-SOV-12', 'PRJ-2020-171-SOV-11', 'PRJ-2020-171-SOV-09', 'PRJ-2020-171-SOV-10']",2.0,118200.0,0.0,142.0,6120.587465262836
PRJ-2020-172,8,"['PRJ-2020-172-SOV-06', 'PRJ-2020-172-SOV-08', 'PRJ-2020-172-SOV-03', 'PRJ-2020-172-SOV-10', 'PRJ-2020-172-SOV-12', 'PRJ-2020-172-SOV-11']",3.0,101500.0,89700.0,407.0,17542.81055184489
PRJ-2020-173,15,"['PRJ-2020-173-SOV-05', 'PRJ-2020-173-SOV-04', 'PRJ-2020-173-SOV-06', 'PRJ-2020-173-SOV-03', 'PRJ-2020-173-SOV-12', 'PRJ-2020-173-SOV-07', 'PRJ-2020-173-SOV-10', 'PRJ-2020-173-SOV-08']",0.0,0.0,0.0,0.0,0.0
PRJ-2020-174,14,"['PRJ-2020-174-SOV-06', 'PRJ-2020-174-SOV-08', 'PRJ-2020-174-SOV-05', 'PRJ-2020-174-SOV-09', 'PRJ-2020-174-SOV-10', 'PRJ-2020-174-SOV-12']",2.0,290800.0,0.0,155.0,6680.922937434786
PRJ-2020-175,16,"['PRJ-2020-175-SOV-09', 'PRJ-2020-175-SOV-04', 'PRJ-2020-175-SOV-06', 'PRJ-2020-175-SOV-03', 'PRJ-2020-175-SOV-07', 'PRJ-2020-175-SOV-12', 'PRJ-2020-175-SOV-10', 'PRJ-2020-175-SOV-08', 'PRJ-2020-175-SOV-11']",3.0,912300.0,0.0,388.0,16723.858707901272
PRJ-2020-176,9,"['PRJ-2020-176-SOV-03', 'PRJ-2020-176-SOV-08', 'PRJ-2020-176-SOV-06', 'PRJ-2020-176-SOV-09', 'PRJ-2020-176-SOV-05', 'PRJ-2020-176-SOV-10', 'PRJ-2020-176-SOV-11']",2.0,0.0,1159000.0,170.0,7327.463866863959
PRJ-2020-177,7,"['PRJ-2020-177-SOV-04', 'PRJ-2020-177-SOV-06', 'PRJ-2020-177-SOV-10', 'PRJ-2020-177-SOV-07', 'PRJ-2020-177-SOV-08', 'PRJ-2020-177-SOV-09']",0.0,0.0,0.0,0.0,0.0
PRJ-2020-178,6,"['PRJ-2020-178-SOV-03', 'PRJ-2020-178-SOV-04', 'PRJ-2020-178-SOV-08', 'PRJ-2020-178-SOV-12']",2.0,191100.0,249200.0,190.0,8189.5184394361895
PRJ-2020-179,10,"['PRJ-2020-179-SOV-09', 'PRJ-2020-179-SOV-04', 'PRJ-2020-179-SOV-08', 'PRJ-2020-179-SOV-06', 'PRJ-2020-179-SOV-03', 'PRJ-2020-179-SOV-07', 'PRJ-2020-179-SOV-10']",1.0,89800.0,0.0,51.0,2198.2391600591877
PRJ-2020-180,8,"['PRJ-2020-180-SOV-05', 'PRJ-2020-180-SOV-03', 'PRJ-2020-180-SOV-12', 'PRJ-2020-180-SOV-11', 'PRJ-2020-180-SOV-10']",3.0,527100.0,0.0,339.0,14611.825005099307
PRJ-2020-181,10,"['PRJ-2020-181-SOV-03', 'PRJ-2020-181-SOV-04', 'PRJ-2020-181-SOV-08', 'PRJ-2020-181-SOV-05', 'PRJ-2020-181-SOV-09', 'PRJ-2020-181-SOV-07', 'PRJ-2020-181-SOV-12', 'PRJ-2020-181-SOV-11']",0.0,0.0,0.0,0.0,0.0
PRJ-2020-182,11,"['PRJ-2020-182-SOV-03', 'PRJ-2020-182-SOV-09', 'PRJ-2020-182-SOV-05', 'PRJ-2020-182-SOV-06', 'PRJ-2020-182-SOV-08', 'PRJ-2020-182-SOV-11']",0.0,0.0,0.0,0.0,0.0
PRJ-2020-183,8,"['PRJ-2020-183-SOV-06', 'PRJ-2020-183-SOV-03', 'PRJ-2020-183-SOV-07', 'PRJ-2020-183-SOV-10', 'PRJ-2020-183-SOV-08', 'PRJ-2020-183-SOV-11']",2.0,157800.0,184000.0,258.0,11120.503986181773
PRJ-2020-184,8,"['PRJ-2020-184-SOV-03', 'PRJ-2020-184-SOV-05', 'PRJ-2020-184-SOV-08', 'PRJ-2020-184-SOV-11', 'PRJ-2020-184-SOV-12']",1.0,46900.0,0.0,87.0,3749.9373906892024
PRJ-2020-185,7,"['PRJ-2020-185-SOV-04', 'PRJ-2020-185-SOV-12', 'PRJ-2020-185-SOV-05', 'PRJ-2020-185-SOV-11', 'PRJ-2020-185-SOV-10']",1.0,0.0,90300.0,22.0,948.2600298294535
PRJ-2020-186,12,"['PRJ-2020-186-SOV-04', 'PRJ-2020-186-SOV-07', 'PRJ-2020-186-SOV-09', 'PRJ-2020-186-SOV-08', 'PRJ-2020-186-SOV-06', 'PRJ-2020-186-SOV-10']",0.0,0.0,0.0,0.0,0.0
PRJ-2020-187,10,"['PRJ-2020-187-SOV-03', 'PRJ-2020-187-SOV-09', 'PRJ-2020-187-SOV-07', 'PRJ-2020-187-SOV-06', 'PRJ-2020-187-SOV-05', 'PRJ-2020-187-SOV-11']",0.0,0.0,0.0,0.0,0.0
PRJ-2020-188,12,"['PRJ-2020-188-SOV-04', 'PRJ-2020-188-SOV-09', 'PRJ-2020-188-SOV-06', 'PRJ-2020-188-SOV-08', 'PRJ-2020-188-SOV-05', 'PRJ-2020-188-SOV-07', 'PRJ-2020-188-SOV-10', 'PRJ-2020-188-SOV-11']",1.0,124700.0,0.0,183.0,7887.799339035909
PRJ-2020-189,12,"['PRJ-2020-189-SOV-08', 'PRJ-2020-189-SOV-07', 'PRJ-2020-189-SOV-03', 'PRJ-2020-189-SOV-04', 'PRJ-2020-189-SOV-06', 'PRJ-2020-189-SOV-05', 'PRJ-2020-189-SOV-09']",0.0,0.0,0.0,0.0,0.0
PRJ-2020-190,10,"['PRJ-2020-190-SOV-03', 'PRJ-2020-190-SOV-05', 'PRJ-2020-190-SOV-09', 'PRJ-2020-190-SOV-10', 'PRJ-2020-190-SOV-07', 'PRJ-2020-190-SOV-12']",1.0,159600.0,0.0,91.0,3922.3483052036486
PRJ-2020-191,7,"['PRJ-2020-191-SOV-04', 'PRJ-2020-191-SOV-03', 'PRJ-2020-191-SOV-08', 'PRJ-2020-191-SOV-07', 'PRJ-2020-191-SOV-11']",1.0,0.0,965900.0,138.0,5948.176550748391
PRJ-2020-192,8,"['PRJ-2020-192-SOV-04', 'PRJ-2020-192-SOV-03', 'PRJ-2020-192-SOV-06', 'PRJ-2020-192-SOV-07', 'PRJ-2020-192-SOV-10', 'PRJ-2020-192-SOV-11']",1.0,0.0,237500.0,42.0,1810.314602401684
PRJ-2020-193,14,"['PRJ-2020-193-SOV-03', 'PRJ-2020-193-SOV-09', 'PRJ-2020-193-SOV-05', 'PRJ-2020-193-SOV-07', 'PRJ-2020-193-SOV-10', 'PRJ-2020-193-SOV-11', 'PRJ-2020-193-SOV-08']",3.0,373300.0,0.0,202.0,8706.751182979528
PRJ-2020-194,12,"['PRJ-2020-194-SOV-08', 'PRJ-2020-194-SOV-03', 'PRJ-2020-194-SOV-11', 'PRJ-2020-194-SOV-09', 'PRJ-2020-194-SOV-10', 'PRJ-2020-194-SOV-05']",1.0,311100.0,0.0,30.0,1293.0818588583456
PRJ-2020-195,13,"['PRJ-2020-195-SOV-03', 'PRJ-2020-195-SOV-08', 'PRJ-2020-195-SOV-09', 'PRJ-2020-195-SOV-12', 'PRJ-2020-195-SOV-07', 'PRJ-2020-195-SOV-10', 'PRJ-2020-195-SOV-11']",1.0,0.0,96600.0,172.0,7413.6693241211815
PRJ-2020-196,10,"['PRJ-2020-196-SOV-04', 'PRJ-2020-196-SOV-06', 'PRJ-2020-196-SOV-07', 'PRJ-2020-196-SOV-10', 'PRJ-2020-196-SOV-08', 'PRJ-2020-196-SOV-11', 'PRJ-2020-196-SOV-09']",1.0,219600.0,0.0,175.0,7542.9775100070165
PRJ-2020-197,4,"['PRJ-2020-197-SOV-03', 'PRJ-2020-197-SOV-09', 'PRJ-2020-197-SOV-08', 'PRJ-2020-197-SOV-11']",1.0,24200.0,0.0,124.0,5344.738349947829
PRJ-2020-198,9,"['PRJ-2020-198-SOV-05', 'PRJ-2020-198-SOV-09', 'PRJ-2020-198-SOV-07', 'PRJ-2020-198-SOV-06', 'PRJ-2020-198-SOV-10', 'PRJ-2020-198-SOV-08', 'PRJ-2020-198-SOV-11']",2.0,191300.0,128400.0,285.0,12284.277659154284
PRJ-2020-199,10,"['PRJ-2020-199-SOV-03', 'PRJ-2020-199-SOV-06', 'PRJ-2020-199-SOV-05', 'PRJ-2020-199-SOV-09', 'PRJ-2020-199-SOV-11', 'PRJ-2020-199-SOV-10', 'PRJ-2020-199-SOV-07', 'PRJ-2020-199-SOV-12']",0.0,0.0,0.0,0.0,0.0
PRJ-2020-200,9,"['PRJ-2020-200-SOV-08', 'PRJ-2020-200-SOV-09', 'PRJ-2020-200-SOV-11', 'PRJ-2020-200-SOV-07']",2.0,33000.0,52900.0,307.0,13232.537688983737
PRJ-2020-201,10,"['PRJ-2020-201-SOV-07', 'PRJ-2020-201-SOV-04', 'PRJ-2020-201-SOV-09', 'PRJ-2020-201-SOV-08', 'PRJ-2020-201-SOV-12', 'PRJ-2020-201-SOV-06', 'PRJ-2020-201-SOV-11']",4.0,2091600.0,251200.0,273.0,11767.044915610946
PRJ-2020-202,12,"['PRJ-2020-202-SOV-04', 'PRJ-2020-202-SOV-06', 'PRJ-2020-202-SOV-03', 'PRJ-2020-202-SOV-08', 'PRJ-2020-202-SOV-10', 'PRJ-2020-202-SOV-05', 'PRJ-2020-202-SOV-11']",2.0,1082400.0,0.0,90.0,3879.245576575037
PRJ-2020-203,8,"['PRJ-2020-203-SOV-04', 'PRJ-2020-203-SOV-09', 'PRJ-2020-203-SOV-07', 'PRJ-2020-203-SOV-06', 'PRJ-2020-203-SOV-12', 'PRJ-2020-203-SOV-11']",1.0,49800.0,0.0,148.0,6379.203837034505
PRJ-2020-204,7,"['PRJ-2020-204-SOV-07', 'PRJ-2020-204-SOV-12', 'PRJ-2020-204-SOV-05', 'PRJ-2020-204-SOV-10', 'PRJ-2020-204-SOV-11']",1.0,309800.0,0.0,126.0,5430.943807205052
PRJ-2020-205,4,"['PRJ-2020-205-SOV-04', 'PRJ-2020-205-SOV-09', 'PRJ-2020-205-SOV-05', 'PRJ-2020-205-SOV-10']",1.0,150300.0,0.0,55.0,2370.650074573634
PRJ-2020-206,14,"['PRJ-2020-206-SOV-03', 'PRJ-2020-206-SOV-05', 'PRJ-2020-206-SOV-07', 'PRJ-2020-206-SOV-12', 'PRJ-2020-206-SOV-06', 'PRJ-2020-206-SOV-09', 'PRJ-2020-206-SOV-10', 'PRJ-2020-206-SOV-11']",2.0,517500.0,0.0,137.0,5905.073822119779
PRJ-2020-207,8,"['PRJ-2020-207-SOV-04', 'PRJ-2020-207-SOV-05', 'PRJ-2020-207-SOV-03', 'PRJ-2020-207-SOV-06', 'PRJ-2020-207-SOV-08']",0.0,0.0,0.0,0.0,0.0
PRJ-2020-208,8,"['PRJ-2020-208-SOV-03', 'PRJ-2020-208-SOV-12', 'PRJ-2020-208-SOV-08', 'PRJ-2020-208-SOV-07', 'PRJ-2020-208-SOV-09']",2.0,390200.0,0.0,168.0,7241.258409606736
PRJ-2020-209,8,"['PRJ-2020-209-SOV-04', 'PRJ-2020-209-SOV-03', 'PRJ-2020-209-SOV-05', 'PRJ-2020-209-SOV-07', 'PRJ-2020-209-SOV-08', 'PRJ-2020-209-SOV-11']",2.0,0.0,344800.0,138.0,5948.176550748391
PRJ-2020-210,9,"['PRJ-2020-210-SOV-03', 'PRJ-2020-210-SOV-09', 'PRJ-2020-210-SOV-07', 'PRJ-2020-210-SOV-08', 'PRJ-2020-210-SOV-10', 'PRJ-2020-210-SOV-06']",0.0,0.0,0.0,0.0,0.0
PRJ-2020-211,8,"['PRJ-2020-211-SOV-04', 'PRJ-2020-211-SOV-03', 'PRJ-2020-211-SOV-06', 'PRJ-2020-211-SOV-08', 'PRJ-2020-211-SOV-05', 'PRJ-2020-211-SOV-12', 'PRJ-2020-211-SOV-11']",2.0,1042600.0,0.0,172.0,7413.6693241211815
PRJ-2020-212,5,"['PRJ-2020-212-SOV-07', 'PRJ-2020-212-SOV-11', 'PRJ-2020-212-SOV-12', 'PRJ-2020-212-SOV-06']",3.0,373100.0,876900.0,317.0,13663.564975269852
PRJ-2020-213,7,"['PRJ-2020-213-SOV-04', 'PRJ-2020-213-SOV-03', 'PRJ-2020-213-SOV-08', 'PRJ-2020-213-SOV-06', 'PRJ-2020-213-SOV-10', 'PRJ-2020-213-SOV-05']",0.0,0.0,0.0,0.0,0.0
PRJ-2020-214,10,"['PRJ-2020-214-SOV-03', 'PRJ-2020-214-SOV-09', 'PRJ-2020-214-SOV-04', 'PRJ-2020-214-SOV-06', 'PRJ-2020-214-SOV-12', 'PRJ-2020-214-SOV-11']",0.0,0.0,0.0,0.0,0.0
PRJ-2020-215,7,"['PRJ-2020-215-SOV-03', 'PRJ-2020-215-SOV-06', 'PRJ-2020-215-SOV-05', 'PRJ-2020-215-SOV-09', 'PRJ-2020-215-SOV-11', 'PRJ-2020-215-SOV-10']",1.0,146100.0,0.0,36.0,1551.698230630015
PRJ-2020-216,4,"['PRJ-2020-216-SOV-06', 'PRJ-2020-216-SOV-11', 'PRJ-2020-216-SOV-10', 'PRJ-2020-216-SOV-12']",1.0,1010100.0,0.0,145.0,6249.89565114867
PRJ-2020-217,14,"['PRJ-2020-217-SOV-04', 'PRJ-2020-217-SOV-03', 'PRJ-2020-217-SOV-07', 'PRJ-2020-217-SOV-08', 'PRJ-2020-217-SOV-11', 'PRJ-2020-217-SOV-09', 'PRJ-2020-217-SOV-12']",2.0,92100.0,79300.0,97.0,4180.964676975318
PRJ-2020-218,8,"['PRJ-2020-218-SOV-09', 'PRJ-2020-218-SOV-03', 'PRJ-2020-218-SOV-07', 'PRJ-2020-218-SOV-12']",4.0,110800.0,434700.0,574.0,24740.966232823015
PRJ-2020-219,6,"['PRJ-2020-219-SOV-08', 'PRJ-2020-219-SOV-03', 'PRJ-2020-219-SOV-11', 'PRJ-2020-219-SOV-09', 'PRJ-2020-219-SOV-10']",0.0,0.0,0.0,0.0,0.0
PRJ-2020-220,17,"['PRJ-2020-220-SOV-06', 'PRJ-2020-220-SOV-09', 'PRJ-2020-220-SOV-05', 'PRJ-2020-220-SOV-04', 'PRJ-2020-220-SOV-11', 'PRJ-2020-220-SOV-07', 'PRJ-2020-220-SOV-08', 'PRJ-2020-220-SOV-12', 'PRJ-2020-220-SOV-10']",4.0,722300.0,209700.0,274.0,11810.147644239558
PRJ-2020-221,6,"['PRJ-2020-221-SOV-06', 'PRJ-2020-221-SOV-04', 'PRJ-2020-221-SOV-12', 'PRJ-2020-221-SOV-08']",1.0,292700.0,0.0,122.0,5258.532892690606
PRJ-2020-222,7,"['PRJ-2020-222-SOV-04', 'PRJ-2020-222-SOV-07', 'PRJ-2020-222-SOV-03', 'PRJ-2020-222-SOV-06', 'PRJ-2020-222-SOV-09', 'PRJ-2020-222-SOV-11']",2.0,218100.0,133700.0,110.0,4741.300149147268
PRJ-2020-223,8,"['PRJ-2020-223-SOV-05', 'PRJ-2020-223-SOV-08', 'PRJ-2020-223-SOV-03', 'PRJ-2020-223-SOV-06', 'PRJ-2020-223-SOV-07', 'PRJ-2020-223-SOV-11']",4.0,148800.0,180800.0,309.0,13318.74314624096
PRJ-2020-224,8,"['PRJ-2020-224-SOV-03', 'PRJ-2020-224-SOV-05', 'PRJ-2020-224-SOV-04', 'PRJ-2020-224-SOV-12', 'PRJ-2020-224-SOV-08', 'PRJ-2020-224-SOV-11']",4.0,350600.0,55400.0,563.0,24266.836217908287
PRJ-2020-225,7,"['PRJ-2020-225-SOV-03', 'PRJ-2020-225-SOV-04', 'PRJ-2020-225-SOV-11', 'PRJ-2020-225-SOV-05', 'PRJ-2020-225-SOV-08', 'PRJ-2020-225-SOV-09']",0.0,0.0,0.0,0.0,0.0
PRJ-2020-226,8,"['PRJ-2020-226-SOV-04', 'PRJ-2020-226-SOV-03', 'PRJ-2020-226-SOV-09', 'PRJ-2020-226-SOV-05', 'PRJ-2020-226-SOV-12']",2.0,1084100.0,0.0,333.0,14353.208633327637
PRJ-2020-227,9,"['PRJ-2020-227-SOV-08', 'PRJ-2020-227-SOV-09', 'PRJ-2020-227-SOV-03', 'PRJ-2020-227-SOV-07', 'PRJ-2020-227-SOV-05', 'PRJ-2020-227-SOV-12', 'PRJ-2020-227-SOV-11']",4.0,554300.0,1327100.0,476.0,20516.898827219084
PRJ-2020-228,10,"['PRJ-2020-228-SOV-03', 'PRJ-2020-228-SOV-04', 'PRJ-2020-228-SOV-10', 'PRJ-2020-228-SOV-08', 'PRJ-2020-228-SOV-07', 'PRJ-2020-228-SOV-12']",1.0,0.0,131700.0,105.0,4525.7865060042095
PRJ-2020-229,8,"['PRJ-2020-229-SOV-05', 'PRJ-2020-229-SOV-06', 'PRJ-2020-229-SOV-08', 'PRJ-2020-229-SOV-10', 'PRJ-2020-229-SOV-11', 'PRJ-2020-229-SOV-12']",0.0,0.0,0.0,0.0,0.0
PRJ-2020-230,14,"['PRJ-2020-230-SOV-09', 'PRJ-2020-230-SOV-08', 'PRJ-2020-230-SOV-03', 'PRJ-2020-230-SOV-11', 'PRJ-2020-230-SOV-06', 'PRJ-2020-230-SOV-07', 'PRJ-2020-230-SOV-05', 'PRJ-2020-230-SOV-10']",0.0,0.0,0.0,0.0,0.0
PRJ-2020-231,10,"['PRJ-2020-231-SOV-03', 'PRJ-2020-231-SOV-04', 'PRJ-2020-231-SOV-06', 'PRJ-2020-231-SOV-08', 'PRJ-2020-231-SOV-09', 'PRJ-2020-231-SOV-10', 'PRJ-2020-231-SOV-07', 'PRJ-2020-231-SOV-11']",5.0,120100.0,570500.0,356.0,15344.571391785703
PRJ-2020-232,7,"['PRJ-2020-232-SOV-06', 'PRJ-2020-232-SOV-09', 'PRJ-2020-232-SOV-08', 'PRJ-2020-232-SOV-05', 'PRJ-2020-232-SOV-11']",2.0,104200.0,0.0,142.0,6120.587465262836
PRJ-2020-233,7,"['PRJ-2020-233-SOV-08', 'PRJ-2020-233-SOV-05', 'PRJ-2020-233-SOV-11', 'PRJ-2020-233-SOV-12']",2.0,35500.0,42700.0,294.0,12672.202216811787
PRJ-2020-234,11,"['PRJ-2020-234-SOV-06', 'PRJ-2020-234-SOV-03', 'PRJ-2020-234-SOV-07', 'PRJ-2020-234-SOV-04', 'PRJ-2020-234-SOV-11', 'PRJ-2020-234-SOV-12', 'PRJ-2020-234-SOV-09', 'PRJ-2020-234-SOV-10']",1.0,441500.0,0.0,46.0,1982.7255169161301
PRJ-2020-235,10,"['PRJ-2020-235-SOV-07', 'PRJ-2020-235-SOV-04', 'PRJ-2020-235-SOV-08', 'PRJ-2020-235-SOV-09', 'PRJ-2020-235-SOV-11', 'PRJ-2020-235-SOV-12']",0.0,0.0,0.0,0.0,0.0
PRJ-2020-236,9,"['PRJ-2020-236-SOV-06', 'PRJ-2020-236-SOV-03', 'PRJ-2020-236-SOV-04', 'PRJ-2020-236-SOV-11', 'PRJ-2020-236-SOV-09', 'PRJ-2020-236-SOV-05', 'PRJ-2020-236-SOV-08']",0.0,0.0,0.0,0.0,0.0
PRJ-2020-237,11,"['PRJ-2020-237-SOV-05', 'PRJ-2020-237-SOV-04', 'PRJ-2020-237-SOV-07', 'PRJ-2020-237-SOV-08', 'PRJ-2020-237-SOV-03', 'PRJ-2020-237-SOV-11', 'PRJ-2020-237-SOV-12']",0.0,0.0,0.0,0.0,0.0
PRJ-2020-238,10,"['PRJ-2020-238-SOV-06', 'PRJ-2020-238-SOV-04', 'PRJ-2020-238-SOV-03', 'PRJ-2020-238-SOV-05', 'PRJ-2020-238-SOV-09', 'PRJ-2020-238-SOV-12', 'PRJ-2020-238-SOV-11']",1.0,108500.0,0.0,130.0,5603.354721719498
PRJ-2020-239,13,"['PRJ-2020-239-SOV-04', 'PRJ-2020-239-SOV-09', 'PRJ-2020-239-SOV-07', 'PRJ-2020-239-SOV-12', 'PRJ-2020-239-SOV-11', 'PRJ-2020-239-SOV-08', 'PRJ-2020-239-SOV-06', 'PRJ-2020-239-SOV-05', 'PRJ-2020-239-SOV-10']",1.0,158200.0,0.0,198.0,8534.340268465081
PRJ-2020-240,11,"['PRJ-2020-240-SOV-04', 'PRJ-2020-240-SOV-03', 'PRJ-2020-240-SOV-06', 'PRJ-2020-240-SOV-10', 'PRJ-2020-240-SOV-11', 'PRJ-2020-240-SOV-12', 'PRJ-2020-240-SOV-05', 'PRJ-2020-240-SOV-07']",2.0,315600.0,0.0,273.0,11767.044915610946
PRJ-2021-241,11,"['PRJ-2021-241-SOV-03', 'PRJ-2021-241-SOV-06', 'PRJ-2021-241-SOV-04', 'PRJ-2021-241-SOV-11', 'PRJ-2021-241-SOV-12', 'PRJ-2021-241-SOV-10', 'PRJ-2021-241-SOV-09']",2.0,582300.0,0.0,275.0,11853.25037286817
PRJ-2021-242,5,"['PRJ-2021-242-SOV-03', 'PRJ-2021-242-SOV-05', 'PRJ-2021-242-SOV-08', 'PRJ-2021-242-SOV-11', 'PRJ-2021-242-SOV-07']",1.0,0.0,312300.0,79.0,3405.1155616603105
PRJ-2021-243,9,"['PRJ-2021-243-SOV-06', 'PRJ-2021-243-SOV-09', 'PRJ-2021-243-SOV-03', 'PRJ-2021-243-SOV-07', 'PRJ-2021-243-SOV-05', 'PRJ-2021-243-SOV-12', 'PRJ-2021-243-SOV-10']",1.0,0.0,70200.0,157.0,6767.128394692009
PRJ-2021-244,11,"['PRJ-2021-244-SOV-03', 'PRJ-2021-244-SOV-07', 'PRJ-2021-244-SOV-12', 'PRJ-2021-244-SOV-10', 'PRJ-2021-244-SOV-05', 'PRJ-2021-244-SOV-06', 'PRJ-2021-244-SOV-11']",3.0,626000.0,0.0,411.0,17715.221466359337
PRJ-2021-245,9,"['PRJ-2021-245-SOV-03', 'PRJ-2021-245-SOV-09', 'PRJ-2021-245-SOV-11', 'PRJ-2021-245-SOV-08']",2.0,151800.0,201200.0,191.0,8232.621168064801
PRJ-2021-246,6,"['PRJ-2021-246-SOV-04', 'PRJ-2021-246-SOV-10', 'PRJ-2021-246-SOV-09', 'PRJ-2021-246-SOV-08']",4.0,480100.0,0.0,471.0,20301.38518407603
PRJ-2021-247,10,"['PRJ-2021-247-SOV-09', 'PRJ-2021-247-SOV-03', 'PRJ-2021-247-SOV-07', 'PRJ-2021-247-SOV-10', 'PRJ-2021-247-SOV-12', 'PRJ-2021-247-SOV-08', 'PRJ-2021-247-SOV-06', 'PRJ-2021-247-SOV-11']",1.0,0.0,66300.0,47.0,2025.8282455447415
PRJ-2021-248,3,"['PRJ-2021-248-SOV-03', 'PRJ-2021-248-SOV-05', 'PRJ-2021-248-SOV-11']",0.0,0.0,0.0,0.0,0.0
PRJ-2021-249,8,"['PRJ-2021-249-SOV-06', 'PRJ-2021-249-SOV-04', 'PRJ-2021-249-SOV-08', 'PRJ-2021-249-SOV-07', 'PRJ-2021-249-SOV-11', 'PRJ-2021-249-SOV-12']",1.0,0.0,526300.0,32.0,1379.2873161155687
PRJ-2021-250,4,"['PRJ-2021-250-SOV-06', 'PRJ-2021-250-SOV-12', 'PRJ-2021-250-SOV-07', 'PRJ-2021-250-SOV-05']",3.0,609400.0,0.0,264.0,11379.120357953441
PRJ-2021-251,3,"['PRJ-2021-251-SOV-05', 'PRJ-2021-251-SOV-08', 'PRJ-2021-251-SOV-10']",3.0,1561500.0,132600.0,364.0,15689.393220814594
PRJ-2021-252,8,"['PRJ-2021-252-SOV-04', 'PRJ-2021-252-SOV-03', 'PRJ-2021-252-SOV-10', 'PRJ-2021-252-SOV-08', 'PRJ-2021-252-SOV-12', 'PRJ-2021-252-SOV-09', 'PRJ-2021-252-SOV-11']",2.0,420500.0,0.0,86.0,3706.8346620605907
PRJ-2021-253,7,"['PRJ-2021-253-SOV-03', 'PRJ-2021-253-SOV-09', 'PRJ-2021-253-SOV-08', 'PRJ-2021-253-SOV-07']",3.0,720800.0,0.0,270.0,11637.736729725111
PRJ-2021-254,6,"['PRJ-2021-254-SOV-03', 'PRJ-2021-254-SOV-04', 'PRJ-2021-254-SOV-05', 'PRJ-2021-254-SOV-06', 'PRJ-2021-254-SOV-12']",1.0,0.0,163000.0,113.0,4870.608335033102
PRJ-2021-255,13,"['PRJ-2021-255-SOV-06', 'PRJ-2021-255-SOV-04', 'PRJ-2021-255-SOV-03', 'PRJ-2021-255-SOV-08', 'PRJ-2021-255-SOV-09', 'PRJ-2021-255-SOV-11', 'PRJ-2021-255-SOV-07', 'PRJ-2021-255-SOV-12']",1.0,115000.0,0.0,143.0,6163.690193891448
PRJ-2021-256,9,"['PRJ-2021-256-SOV-05', 'PRJ-2021-256-SOV-09', 'PRJ-2021-256-SOV-06', 'PRJ-2021-256-SOV-03', 'PRJ-2021-256-SOV-07', 'PRJ-2021-256-SOV-08', 'PRJ-2021-256-SOV-11', 'PRJ-2021-256-SOV-12']",1.0,0.0,349400.0,13.0,560.3354721719498
PRJ-2021-257,10,"['PRJ-2021-257-SOV-03', 'PRJ-2021-257-SOV-05', 'PRJ-2021-257-SOV-09', 'PRJ-2021-257-SOV-10', 'PRJ-2021-257-SOV-07', 'PRJ-2021-257-SOV-08']",2.0,308500.0,380000.0,309.0,13318.74314624096
PRJ-2021-258,9,"['PRJ-2021-258-SOV-09', 'PRJ-2021-258-SOV-06', 'PRJ-2021-258-SOV-03', 'PRJ-2021-258-SOV-07', 'PRJ-2021-258-SOV-05']",2.0,146500.0,85700.0,98.0,4224.067405603929
PRJ-2021-259,3,"['PRJ-2021-259-SOV-06', 'PRJ-2021-259-SOV-11', 'PRJ-2021-259-SOV-12']",0.0,0.0,0.0,0.0,0.0
PRJ-2021-260,9,"['PRJ-2021-260-SOV-08', 'PRJ-2021-260-SOV-06', 'PRJ-2021-260-SOV-09', 'PRJ-2021-260-SOV-05', 'PRJ-2021-260-SOV-04', 'PRJ-2021-260-SOV-11']",1.0,11100.0,0.0,185.0,7974.004796293132
PRJ-2021-261,13,"['PRJ-2021-261-SOV-03', 'PRJ-2021-261-SOV-04', 'PRJ-2021-261-SOV-09', 'PRJ-2021-261-SOV-08', 'PRJ-2021-261-SOV-05', 'PRJ-2021-261-SOV-12', 'PRJ-2021-261-SOV-11']",2.0,0.0,281200.0,212.0,9137.778469265642
PRJ-2021-262,10,"['PRJ-2021-262-SOV-04', 'PRJ-2021-262-SOV-03', 'PRJ-2021-262-SOV-07', 'PRJ-2021-262-SOV-05', 'PRJ-2021-262-SOV-12', 'PRJ-2021-262-SOV-08']",2.0,172800.0,625800.0,203.0,8749.85391160814
PRJ-2021-263,2,['PRJ-2021-263-SOV-05'],2.0,233200.0,0.0,196.0,8448.134811207858
PRJ-2021-264,14,"['PRJ-2021-264-SOV-04', 'PRJ-2021-264-SOV-09', 'PRJ-2021-264-SOV-03', 'PRJ-2021-264-SOV-08', 'PRJ-2021-264-SOV-06', 'PRJ-2021-264-SOV-07', 'PRJ-2021-264-SOV-11', 'PRJ-2021-264-SOV-10']",0.0,0.0,0.0,0.0,0.0
PRJ-2021-265,10,"['PRJ-2021-265-SOV-06', 'PRJ-2021-265-SOV-07', 'PRJ-2021-265-SOV-04', 'PRJ-2021-265-SOV-09', 'PRJ-2021-265-SOV-12', 'PRJ-2021-265-SOV-10', 'PRJ-2021-265-SOV-11']",0.0,0.0,0.0,0.0,0.0
PRJ-2021-266,10,"['PRJ-2021-266-SOV-04', 'PRJ-2021-266-SOV-03', 'PRJ-2021-266-SOV-06', 'PRJ-2021-266-SOV-05', 'PRJ-2021-266-SOV-11', 'PRJ-2021-266-SOV-10']",1.0,314600.0,0.0,55.0,2370.650074573634
PRJ-2021-267,13,"['PRJ-2021-267-SOV-04', 'PRJ-2021-267-SOV-06', 'PRJ-2021-267-SOV-05', 'PRJ-2021-267-SOV-03', 'PRJ-2021-267-SOV-11', 'PRJ-2021-267-SOV-12', 'PRJ-2021-267-SOV-10']",2.0,414100.0,0.0,219.0,9439.497569665924
PRJ-2021-268,13,"['PRJ-2021-268-SOV-05', 'PRJ-2021-268-SOV-09', 'PRJ-2021-268-SOV-03', 'PRJ-2021-268-SOV-08', 'PRJ-2021-268-SOV-12', 'PRJ-2021-268-SOV-06', 'PRJ-2021-268-SOV-10', 'PRJ-2021-268-SOV-11']",0.0,0.0,0.0,0.0,0.0
PRJ-2021-269,16,"['PRJ-2021-269-SOV-03', 'PRJ-2021-269-SOV-04', 'PRJ-2021-269-SOV-08', 'PRJ-2021-269-SOV-09', 'PRJ-2021-269-SOV-05', 'PRJ-2021-269-SOV-06', 'PRJ-2021-269-SOV-12', 'PRJ-2021-269-SOV-07', 'PRJ-2021-269-SOV-11']",2.0,209200.0,0.0,106.0,4568.889234632821
PRJ-2021-270,12,"['PRJ-2021-270-SOV-03', 'PRJ-2021-270-SOV-04', 'PRJ-2021-270-SOV-05', 'PRJ-2021-270-SOV-06', 'PRJ-2021-270-SOV-09', 'PRJ-2021-270-SOV-11', 'PRJ-2021-270-SOV-12', 'PRJ-2021-270-SOV-10']",0.0,0.0,0.0,0.0,0.0
PRJ-2021-271,9,"['PRJ-2021-271-SOV-04', 'PRJ-2021-271-SOV-03', 'PRJ-2021-271-SOV-09', 'PRJ-2021-271-SOV-10', 'PRJ-2021-271-SOV-06', 'PRJ-2021-271-SOV-12', 'PRJ-2021-271-SOV-11']",2.0,1405300.0,0.0,143.0,6163.690193891448
PRJ-2021-272,15,"['PRJ-2021-272-SOV-04', 'PRJ-2021-272-SOV-05', 'PRJ-2021-272-SOV-07', 'PRJ-2021-272-SOV-12', 'PRJ-2021-272-SOV-09', 'PRJ-2021-272-SOV-11', 'PRJ-2021-272-SOV-10']",0.0,0.0,0.0,0.0,0.0
PRJ-2021-273,12,"['PRJ-2021-273-SOV-04', 'PRJ-2021-273-SOV-03', 'PRJ-2021-273-SOV-09', 'PRJ-2021-273-SOV-05', 'PRJ-2021-273-SOV-06', 'PRJ-2021-273-SOV-08', 'PRJ-2021-273-SOV-10']",1.0,12200.0,0.0,156.0,6724.025666063398
PRJ-2021-274,5,"['PRJ-2021-274-SOV-03', 'PRJ-2021-274-SOV-09', 'PRJ-2021-274-SOV-07', 'PRJ-2021-274-SOV-05']",1.0,100100.0,0.0,87.0,3749.9373906892024
PRJ-2021-275,6,"['PRJ-2021-275-SOV-07', 'PRJ-2021-275-SOV-04', 'PRJ-2021-275-SOV-05', 'PRJ-2021-275-SOV-09', 'PRJ-2021-275-SOV-11']",2.0,290600.0,283900.0,195.0,8405.032082579248
PRJ-2021-276,5,"['PRJ-2021-276-SOV-04', 'PRJ-2021-276-SOV-03', 'PRJ-2021-276-SOV-08', 'PRJ-2021-276-SOV-12', 'PRJ-2021-276-SOV-11']",1.0,0.0,177200.0,16.0,689.6436580577844
PRJ-2021-277,13,"['PRJ-2021-277-SOV-03', 'PRJ-2021-277-SOV-04', 'PRJ-2021-277-SOV-07', 'PRJ-2021-277-SOV-06', 'PRJ-2021-277-SOV-12', 'PRJ-2021-277-SOV-10']",0.0,0.0,0.0,0.0,0.0
PRJ-2021-278,12,"['PRJ-2021-278-SOV-04', 'PRJ-2021-278-SOV-07', 'PRJ-2021-278-SOV-09', 'PRJ-2021-278-SOV-05', 'PRJ-2021-278-SOV-08', 'PRJ-2021-278-SOV-11', 'PRJ-2021-278-SOV-10']",2.0,223700.0,0.0,235.0,10129.141227723709
PRJ-2021-279,6,"['PRJ-2021-279-SOV-08', 'PRJ-2021-279-SOV-11', 'PRJ-2021-279-SOV-05', 'PRJ-2021-279-SOV-09', 'PRJ-2021-279-SOV-06', 'PRJ-2021-279-SOV-12']",2.0,158600.0,0.0,316.0,13620.462246641242
PRJ-2021-280,5,"['PRJ-2021-280-SOV-03', 'PRJ-2021-280-SOV-08', 'PRJ-2021-280-SOV-10']",3.0,669900.0,0.0,377.0,16249.728692986544
PRJ-2021-281,8,"['PRJ-2021-281-SOV-04', 'PRJ-2021-281-SOV-09', 'PRJ-2021-281-SOV-03', 'PRJ-2021-281-SOV-07', 'PRJ-2021-281-SOV-05', 'PRJ-2021-281-SOV-08', 'PRJ-2021-281-SOV-10']",2.0,974800.0,0.0,221.0,9525.703026923147
PRJ-2021-282,8,"['PRJ-2021-282-SOV-04', 'PRJ-2021-282-SOV-07', 'PRJ-2021-282-SOV-09', 'PRJ-2021-282-SOV-05', 'PRJ-2021-282-SOV-12', 'PRJ-2021-282-SOV-10']",3.0,706800.0,289900.0,370.0,15948.009592586264
PRJ-2021-283,11,"['PRJ-2021-283-SOV-03', 'PRJ-2021-283-SOV-07', 'PRJ-2021-283-SOV-04', 'PRJ-2021-283-SOV-08', 'PRJ-2021-283-SOV-09', 'PRJ-2021-283-SOV-10', 'PRJ-2021-283-SOV-11']",1.0,60600.0,0.0,33.0,1422.3900447441802
PRJ-2021-284,10,"['PRJ-2021-284-SOV-04', 'PRJ-2021-284-SOV-05', 'PRJ-2021-284-SOV-03', 'PRJ-2021-284-SOV-09', 'PRJ-2021-284-SOV-07', 'PRJ-2021-284-SOV-12', 'PRJ-2021-284-SOV-11']",1.0,117100.0,0.0,197.0,8491.23753983647
PRJ-2021-285,10,"['PRJ-2021-285-SOV-04', 'PRJ-2021-285-SOV-07', 'PRJ-2021-285-SOV-06', 'PRJ-2021-285-SOV-05', 'PRJ-2021-285-SOV-12', 'PRJ-2021-285-SOV-10', 'PRJ-2021-285-SOV-09']",1.0,0.0,147400.0,99.0,4267.1701342325405
PRJ-2021-286,9,"['PRJ-2021-286-SOV-03', 'PRJ-2021-286-SOV-04', 'PRJ-2021-286-SOV-09', 'PRJ-2021-286-SOV-08', 'PRJ-2021-286-SOV-05', 'PRJ-2021-286-SOV-10', 'PRJ-2021-286-SOV-07']",0.0,0.0,0.0,0.0,0.0
PRJ-2021-287,3,"['PRJ-2021-287-SOV-04', 'PRJ-2021-287-SOV-03', 'PRJ-2021-287-SOV-12']",0.0,0.0,0.0,0.0,0.0
PRJ-2021-288,10,"['PRJ-2021-288-SOV-04', 'PRJ-2021-288-SOV-05', 'PRJ-2021-288-SOV-03', 'PRJ-2021-288-SOV-08', 'PRJ-2021-288-SOV-07', 'PRJ-2021-288-SOV-11', 'PRJ-2021-288-SOV-12']",1.0,176600.0,0.0,158.0,6810.231123320621
PRJ-2021-289,8,"['PRJ-2021-289-SOV-04', 'PRJ-2021-289-SOV-08', 'PRJ-2021-289-SOV-07', 'PRJ-2021-289-SOV-12']",3.0,377100.0,208500.0,541.0,23318.576188078834
PRJ-2021-290,5,"['PRJ-2021-290-SOV-03', 'PRJ-2021-290-SOV-09', 'PRJ-2021-290-SOV-11', 'PRJ-2021-290-SOV-12']",0.0,0.0,0.0,0.0,0.0
PRJ-2021-291,10,"['PRJ-2021-291-SOV-04', 'PRJ-2021-291-SOV-06', 'PRJ-2021-291-SOV-05', 'PRJ-2021-291-SOV-12', 'PRJ-2021-291-SOV-08', 'PRJ-2021-291-SOV-10', 'PRJ-2021-291-SOV-11']",2.0,94900.0,589900.0,317.0,13663.564975269852
PRJ-2021-292,6,"['PRJ-2021-292-SOV-12', 'PRJ-2021-292-SOV-10', 'PRJ-2021-292-SOV-06', 'PRJ-2021-292-SOV-11']",2.0,170600.0,111300.0,237.0,10215.34668498093
PRJ-2021-293,6,"['PRJ-2021-293-SOV-04', 'PRJ-2021-293-SOV-07', 'PRJ-2021-293-SOV-03', 'PRJ-2021-293-SOV-06', 'PRJ-2021-293-SOV-09', 'PRJ-2021-293-SOV-11']",1.0,0.0,81200.0,36.0,1551.698230630015
PRJ-2021-294,12,"['PRJ-2021-294-SOV-03', 'PRJ-2021-294-SOV-07', 'PRJ-2021-294-SOV-05', 'PRJ-2021-294-SOV-04', 'PRJ-2021-294-SOV-08', 'PRJ-2021-294-SOV-09', 'PRJ-2021-294-SOV-10']",3.0,467500.0,0.0,274.0,11810.147644239558
PRJ-2021-295,13,"['PRJ-2021-295-SOV-03', 'PRJ-2021-295-SOV-04', 'PRJ-2021-295-SOV-08', 'PRJ-2021-295-SOV-07', 'PRJ-2021-295-SOV-09', 'PRJ-2021-295-SOV-10', 'PRJ-2021-295-SOV-05', 'PRJ-2021-295-SOV-11']",1.0,55600.0,0.0,195.0,8405.032082579248
PRJ-2021-296,7,"['PRJ-2021-296-SOV-09', 'PRJ-2021-296-SOV-11', 'PRJ-2021-296-SOV-10', 'PRJ-2021-296-SOV-06', 'PRJ-2021-296-SOV-07', 'PRJ-2021-296-SOV-12']",1.0,827300.0,0.0,67.0,2887.882818116972
PRJ-2021-297,12,"['PRJ-2021-297-SOV-04', 'PRJ-2021-297-SOV-09', 'PRJ-2021-297-SOV-08', 'PRJ-2021-297-SOV-03', 'PRJ-2021-297-SOV-05', 'PRJ-2021-297-SOV-06', 'PRJ-2021-297-SOV-07', 'PRJ-2021-297-SOV-12']",0.0,0.0,0.0,0.0,0.0
PRJ-2021-298,10,"['PRJ-2021-298-SOV-04', 'PRJ-2021-298-SOV-03', 'PRJ-2021-298-SOV-06', 'PRJ-2021-298-SOV-11', 'PRJ-2021-298-SOV-08', 'PRJ-2021-298-SOV-10', 'PRJ-2021-298-SOV-09', 'PRJ-2021-298-SOV-12']",1.0,250400.0,0.0,20.0,862.0545725722304
PRJ-2021-299,7,"['PRJ-2021-299-SOV-03', 'PRJ-2021-299-SOV-05', 'PRJ-2021-299-SOV-08', 'PRJ-2021-299-SOV-09', 'PRJ-2021-299-SOV-06', 'PRJ-2021-299-SOV-07', 'PRJ-2021-299-SOV-10']",2.0,188300.0,204600.0,279.0,12025.661287382614
PRJ-2021-300,8,"['PRJ-2021-300-SOV-10', 'PRJ-2021-300-SOV-05', 'PRJ-2021-300-SOV-08', 'PRJ-2021-300-SOV-06', 'PRJ-2021-300-SOV-12', 'PRJ-2021-300-SOV-11']",1.0,249800.0,0.0,35.0,1508.5955020014032
PRJ-2021-301,7,"['PRJ-2021-301-SOV-04', 'PRJ-2021-301-SOV-07', 'PRJ-2021-301-SOV-12', 'PRJ-2021-301-SOV-09', 'PRJ-2021-301-SOV-05']",2.0,0.0,382500.0,171.0,7370.566595492571
PRJ-2021-302,12,"['PRJ-2021-302-SOV-03', 'PRJ-2021-302-SOV-07', 'PRJ-2021-302-SOV-09', 'PRJ-2021-302-SOV-04', 'PRJ-2021-302-SOV-06', 'PRJ-2021-302-SOV-12', 'PRJ-2021-302-SOV-08', 'PRJ-2021-302-SOV-10']",0.0,0.0,0.0,0.0,0.0
PRJ-2021-303,12,"['PRJ-2021-303-SOV-05', 'PRJ-2021-303-SOV-09', 'PRJ-2021-303-SOV-08', 'PRJ-2021-303-SOV-04', 'PRJ-2021-303-SOV-03', 'PRJ-2021-303-SOV-10', 'PRJ-2021-303-SOV-12', 'PRJ-2021-303-SOV-11']",0.0,0.0,0.0,0.0,0.0
PRJ-2021-304,11,"['PRJ-2021-304-SOV-03', 'PRJ-2021-304-SOV-04', 'PRJ-2021-304-SOV-09', 'PRJ-2021-304-SOV-07', 'PRJ-2021-304-SOV-05', 'PRJ-2021-304-SOV-10']",1.0,100500.0,0.0,60.0,2586.1637177166913
PRJ-2021-305,10,"['PRJ-2021-305-SOV-03', 'PRJ-2021-305-SOV-08', 'PRJ-2021-305-SOV-07', 'PRJ-2021-305-SOV-11', 'PRJ-2021-305-SOV-10', 'PRJ-2021-305-SOV-06', 'PRJ-2021-305-SOV-12']",5.0,333300.0,27100.0,452.0,19482.433340132407
PRJ-2021-306,9,"['PRJ-2021-306-SOV-09', 'PRJ-2021-306-SOV-04', 'PRJ-2021-306-SOV-08', 'PRJ-2021-306-SOV-05', 'PRJ-2021-306-SOV-10', 'PRJ-2021-306-SOV-07', 'PRJ-2021-306-SOV-06']",1.0,179500.0,0.0,72.0,3103.39646126003
PRJ-2021-307,8,"['PRJ-2021-307-SOV-05', 'PRJ-2021-307-SOV-08', 'PRJ-2021-307-SOV-11', 'PRJ-2021-307-SOV-06', 'PRJ-2021-307-SOV-12', 'PRJ-2021-307-SOV-07']",2.0,295300.0,650500.0,283.0,12198.072201897061
PRJ-2021-308,6,"['PRJ-2021-308-SOV-03', 'PRJ-2021-308-SOV-07', 'PRJ-2021-308-SOV-05', 'PRJ-2021-308-SOV-09']",3.0,215500.0,63300.0,162.0,6982.642037835067
PRJ-2021-309,13,"['PRJ-2021-309-SOV-03', 'PRJ-2021-309-SOV-05', 'PRJ-2021-309-SOV-06', 'PRJ-2021-309-SOV-04', 'PRJ-2021-309-SOV-11', 'PRJ-2021-309-SOV-09', 'PRJ-2021-309-SOV-12', 'PRJ-2021-309-SOV-08']",2.0,449500.0,283000.0,136.0,5861.971093491167
PRJ-2021-310,8,"['PRJ-2021-310-SOV-04', 'PRJ-2021-310-SOV-08', 'PRJ-2021-310-SOV-09', 'PRJ-2021-310-SOV-06', 'PRJ-2021-310-SOV-10', 'PRJ-2021-310-SOV-12']",3.0,1475000.0,0.0,61.0,2629.266446345303
PRJ-2021-311,6,"['PRJ-2021-311-SOV-05', 'PRJ-2021-311-SOV-07', 'PRJ-2021-311-SOV-06', 'PRJ-2021-311-SOV-10']",0.0,0.0,0.0,0.0,0.0
PRJ-2021-312,11,"['PRJ-2021-312-SOV-04', 'PRJ-2021-312-SOV-06', 'PRJ-2021-312-SOV-05', 'PRJ-2021-312-SOV-03', 'PRJ-2021-312-SOV-07', 'PRJ-2021-312-SOV-09', 'PRJ-2021-312-SOV-10', 'PRJ-2021-312-SOV-12']",1.0,232300.0,0.0,189.0,8146.415710807578
PRJ-2021-313,5,"['PRJ-2021-313-SOV-12', 'PRJ-2021-313-SOV-11', 'PRJ-2021-313-SOV-10', 'PRJ-2021-313-SOV-06']",1.0,126300.0,0.0,186.0,8017.107524921743
PRJ-2021-314,14,"['PRJ-2021-314-SOV-09', 'PRJ-2021-314-SOV-04', 'PRJ-2021-314-SOV-07', 'PRJ-2021-314-SOV-03', 'PRJ-2021-314-SOV-08', 'PRJ-2021-314-SOV-06', 'PRJ-2021-314-SOV-11']",2.0,174100.0,0.0,338.0,14568.722276470695
PRJ-2021-315,14,"['PRJ-2021-315-SOV-03', 'PRJ-2021-315-SOV-05', 'PRJ-2021-315-SOV-06', 'PRJ-2021-315-SOV-07', 'PRJ-2021-315-SOV-09', 'PRJ-2021-315-SOV-10', 'PRJ-2021-315-SOV-12', 'PRJ-2021-315-SOV-11']",3.0,111500.0,0.0,347.0,14956.646834128198
PRJ-2021-316,8,"['PRJ-2021-316-SOV-06', 'PRJ-2021-316-SOV-07', 'PRJ-2021-316-SOV-04', 'PRJ-2021-316-SOV-09', 'PRJ-2021-316-SOV-05', 'PRJ-2021-316-SOV-11']",0.0,0.0,0.0,0.0,0.0
PRJ-2021-317,5,"['PRJ-2021-317-SOV-09', 'PRJ-2021-317-SOV-12', 'PRJ-2021-317-SOV-08', 'PRJ-2021-317-SOV-11']",0.0,0.0,0.0,0.0,0.0
PRJ-2021-318,10,"['PRJ-2021-318-SOV-09', 'PRJ-2021-318-SOV-03', 'PRJ-2021-318-SOV-04', 'PRJ-2021-318-SOV-05', 'PRJ-2021-318-SOV-08', 'PRJ-2021-318-SOV-06', 'PRJ-2021-318-SOV-12']",2.0,93000.0,0.0,111.0,4784.4028777758795
PRJ-2021-319,6,"['PRJ-2021-319-SOV-04', 'PRJ-2021-319-SOV-03', 'PRJ-2021-319-SOV-06', 'PRJ-2021-319-SOV-12']",2.0,220900.0,0.0,82.0,3534.423747546145
PRJ-2021-320,9,"['PRJ-2021-320-SOV-03', 'PRJ-2021-320-SOV-08', 'PRJ-2021-320-SOV-06', 'PRJ-2021-320-SOV-10', 'PRJ-2021-320-SOV-05', 'PRJ-2021-320-SOV-11']",2.0,685000.0,0.0,261.0,11249.812172067608
PRJ-2022-321,8,"['PRJ-2022-321-SOV-04', 'PRJ-2022-321-SOV-06', 'PRJ-2022-321-SOV-09', 'PRJ-2022-321-SOV-08', 'PRJ-2022-321-SOV-12']",0.0,0.0,0.0,0.0,0.0
PRJ-2022-322,11,"['PRJ-2022-322-SOV-04', 'PRJ-2022-322-SOV-03', 'PRJ-2022-322-SOV-05', 'PRJ-2022-322-SOV-09', 'PRJ-2022-322-SOV-11', 'PRJ-2022-322-SOV-08', 'PRJ-2022-322-SOV-10', 'PRJ-2022-322-SOV-12']",4.0,188800.0,0.0,309.0,13318.74314624096
PRJ-2022-323,9,"['PRJ-2022-323-SOV-06', 'PRJ-2022-323-SOV-05', 'PRJ-2022-323-SOV-10', 'PRJ-2022-323-SOV-09', 'PRJ-2022-323-SOV-08', 'PRJ-2022-323-SOV-11', 'PRJ-2022-323-SOV-12']",1.0,59700.0,0.0,153.0,6594.717480177563
PRJ-2022-324,6,"['PRJ-2022-324-SOV-04', 'PRJ-2022-324-SOV-03', 'PRJ-2022-324-SOV-05', 'PRJ-2022-324-SOV-11']",0.0,0.0,0.0,0.0,0.0
PRJ-2022-325,9,"['PRJ-2022-325-SOV-07', 'PRJ-2022-325-SOV-04', 'PRJ-2022-325-SOV-09', 'PRJ-2022-325-SOV-12', 'PRJ-2022-325-SOV-11', 'PRJ-2022-325-SOV-10']",3.0,132300.0,0.0,406.0,17499.70782321628
PRJ-2022-326,13,"['PRJ-2022-326-SOV-03', 'PRJ-2022-326-SOV-06', 'PRJ-2022-326-SOV-07', 'PRJ-2022-326-SOV-04', 'PRJ-2022-326-SOV-08', 'PRJ-2022-326-SOV-05', 'PRJ-2022-326-SOV-11']",1.0,78300.0,0.0,185.0,7974.004796293132
PRJ-2022-327,6,"['PRJ-2022-327-SOV-08', 'PRJ-2022-327-SOV-10', 'PRJ-2022-327-SOV-11']",0.0,0.0,0.0,0.0,0.0
PRJ-2022-328,12,"['PRJ-2022-328-SOV-03', 'PRJ-2022-328-SOV-04', 'PRJ-2022-328-SOV-09', 'PRJ-2022-328-SOV-07', 'PRJ-2022-328-SOV-10', 'PRJ-2022-328-SOV-12', 'PRJ-2022-328-SOV-11']",5.0,509600.0,337900.0,366.0,15775.598678071818
PRJ-2022-329,7,"['PRJ-2022-329-SOV-03', 'PRJ-2022-329-SOV-09', 'PRJ-2022-329-SOV-12', 'PRJ-2022-329-SOV-11', 'PRJ-2022-329-SOV-08', 'PRJ-2022-329-SOV-06']",1.0,357500.0,0.0,174.0,7499.874781378405
PRJ-2022-330,13,"['PRJ-2022-330-SOV-08', 'PRJ-2022-330-SOV-12', 'PRJ-2022-330-SOV-05', 'PRJ-2022-330-SOV-11', 'PRJ-2022-330-SOV-06', 'PRJ-2022-330-SOV-10', 'PRJ-2022-330-SOV-07']",0.0,0.0,0.0,0.0,0.0
PRJ-2022-331,11,"['PRJ-2022-331-SOV-08', 'PRJ-2022-331-SOV-04', 'PRJ-2022-331-SOV-07', 'PRJ-2022-331-SOV-06', 'PRJ-2022-331-SOV-12', 'PRJ-2022-331-SOV-11', 'PRJ-2022-331-SOV-10']",0.0,0.0,0.0,0.0,0.0
PRJ-2022-332,13,"['PRJ-2022-332-SOV-03', 'PRJ-2022-332-SOV-06', 'PRJ-2022-332-SOV-05', 'PRJ-2022-332-SOV-12', 'PRJ-2022-332-SOV-07', 'PRJ-2022-332-SOV-08', 'PRJ-2022-332-SOV-10', 'PRJ-2022-332-SOV-11']",1.0,0.0,168900.0,157.0,6767.128394692009
PRJ-2022-333,9,"['PRJ-2022-333-SOV-04', 'PRJ-2022-333-SOV-05', 'PRJ-2022-333-SOV-08', 'PRJ-2022-333-SOV-06', 'PRJ-2022-333-SOV-07', 'PRJ-2022-333-SOV-11']",0.0,0.0,0.0,0.0,0.0
PRJ-2022-334,8,"['PRJ-2022-334-SOV-07', 'PRJ-2022-334-SOV-05', 'PRJ-2022-334-SOV-09', 'PRJ-2022-334-SOV-08', 'PRJ-2022-334-SOV-11', 'PRJ-2022-334-SOV-10']",1.0,0.0,176200.0,128.0,5517.149264462275
PRJ-2022-335,4,"['PRJ-2022-335-SOV-04', 'PRJ-2022-335-SOV-05', 'PRJ-2022-335-SOV-03', 'PRJ-2022-335-SOV-06']",0.0,0.0,0.0,0.0,0.0
PRJ-2022-336,10,"['PRJ-2022-336-SOV-07', 'PRJ-2022-336-SOV-04', 'PRJ-2022-336-SOV-03', 'PRJ-2022-336-SOV-06', 'PRJ-2022-336-SOV-11', 'PRJ-2022-336-SOV-09', 'PRJ-2022-336-SOV-10']",2.0,606800.0,0.0,286.0,12327.380387782896
PRJ-2022-337,8,"['PRJ-2022-337-SOV-03', 'PRJ-2022-337-SOV-04', 'PRJ-2022-337-SOV-08', 'PRJ-2022-337-SOV-12', 'PRJ-2022-337-SOV-09', 'PRJ-2022-337-SOV-05', 'PRJ-2022-337-SOV-11']",3.0,779900.0,242500.0,478.0,20603.104284476307
PRJ-2022-338,10,"['PRJ-2022-338-SOV-04', 'PRJ-2022-338-SOV-05', 'PRJ-2022-338-SOV-07', 'PRJ-2022-338-SOV-09', 'PRJ-2022-338-SOV-06', 'PRJ-2022-338-SOV-11', 'PRJ-2022-338-SOV-10']",1.0,109900.0,0.0,140.0,6034.382008005613
PRJ-2022-339,7,"['PRJ-2022-339-SOV-03', 'PRJ-2022-339-SOV-08', 'PRJ-2022-339-SOV-11', 'PRJ-2022-339-SOV-09', 'PRJ-2022-339-SOV-10']",3.0,446600.0,416200.0,310.0,13361.845874869572
PRJ-2022-340,11,"['PRJ-2022-340-SOV-08', 'PRJ-2022-340-SOV-03', 'PRJ-2022-340-SOV-04', 'PRJ-2022-340-SOV-06', 'PRJ-2022-340-SOV-05', 'PRJ-2022-340-SOV-11', 'PRJ-2022-340-SOV-12', 'PRJ-2022-340-SOV-10', 'PRJ-2022-340-SOV-07']",1.0,233900.0,0.0,48.0,2068.930974173353
PRJ-2022-341,10,"['PRJ-2022-341-SOV-04', 'PRJ-2022-341-SOV-03', 'PRJ-2022-341-SOV-05', 'PRJ-2022-341-SOV-08', 'PRJ-2022-341-SOV-10', 'PRJ-2022-341-SOV-11', 'PRJ-2022-341-SOV-12']",1.0,0.0,102100.0,39.0,1681.0064165158494
PRJ-2022-342,12,"['PRJ-2022-342-SOV-04', 'PRJ-2022-342-SOV-03', 'PRJ-2022-342-SOV-09', 'PRJ-2022-342-SOV-07', 'PRJ-2022-342-SOV-05', 'PRJ-2022-342-SOV-12']",0.0,0.0,0.0,0.0,0.0
PRJ-2022-343,11,"['PRJ-2022-343-SOV-09', 'PRJ-2022-343-SOV-04', 'PRJ-2022-343-SOV-06', 'PRJ-2022-343-SOV-05', 'PRJ-2022-343-SOV-07', 'PRJ-2022-343-SOV-08', 'PRJ-2022-343-SOV-10']",2.0,47200.0,46000.0,167.0,7198.155680978124
PRJ-2022-344,11,"['PRJ-2022-344-SOV-03', 'PRJ-2022-344-SOV-09', 'PRJ-2022-344-SOV-07', 'PRJ-2022-344-SOV-12', 'PRJ-2022-344-SOV-11', 'PRJ-2022-344-SOV-10', 'PRJ-2022-344-SOV-06', 'PRJ-2022-344-SOV-08', 'PRJ-2022-344-SOV-05']",2.0,208200.0,144200.0,245.0,10560.168514009823
PRJ-2022-345,7,"['PRJ-2022-345-SOV-03', 'PRJ-2022-345-SOV-06', 'PRJ-2022-345-SOV-04', 'PRJ-2022-345-SOV-09']",6.0,1896200.0,398600.0,821.0,35387.34020409006
PRJ-2022-346,18,"['PRJ-2022-346-SOV-03', 'PRJ-2022-346-SOV-09', 'PRJ-2022-346-SOV-04', 'PRJ-2022-346-SOV-07', 'PRJ-2022-346-SOV-06', 'PRJ-2022-346-SOV-05', 'PRJ-2022-346-SOV-10', 'PRJ-2022-346-SOV-11', 'PRJ-2022-346-SOV-08']",4.0,535200.0,475100.0,246.0,10603.271242638435
PRJ-2022-347,11,"['PRJ-2022-347-SOV-04', 'PRJ-2022-347-SOV-03', 'PRJ-2022-347-SOV-08', 'PRJ-2022-347-SOV-10', 'PRJ-2022-347-SOV-06', 'PRJ-2022-347-SOV-11', 'PRJ-2022-347-SOV-09', 'PRJ-2022-347-SOV-12']",0.0,0.0,0.0,0.0,0.0
PRJ-2022-348,10,"['PRJ-2022-348-SOV-03', 'PRJ-2022-348-SOV-05', 'PRJ-2022-348-SOV-04', 'PRJ-2022-348-SOV-09', 'PRJ-2022-348-SOV-06', 'PRJ-2022-348-SOV-08', 'PRJ-2022-348-SOV-12', 'PRJ-2022-348-SOV-07', 'PRJ-2022-348-SOV-10']",1.0,78000.0,0.0,181.0,7801.5938817786855
PRJ-2022-349,11,"['PRJ-2022-349-SOV-04', 'PRJ-2022-349-SOV-06', 'PRJ-2022-349-SOV-03', 'PRJ-2022-349-SOV-05', 'PRJ-2022-349-SOV-12', 'PRJ-2022-349-SOV-08', 'PRJ-2022-349-SOV-10', 'PRJ-2022-349-SOV-11']",3.0,746800.0,0.0,375.0,16163.52323572932
PRJ-2022-350,11,"['PRJ-2022-350-SOV-04', 'PRJ-2022-350-SOV-03', 'PRJ-2022-350-SOV-07', 'PRJ-2022-350-SOV-11', 'PRJ-2022-350-SOV-05', 'PRJ-2022-350-SOV-10', 'PRJ-2022-350-SOV-12']",3.0,89300.0,207200.0,318.0,13706.667703898464
PRJ-2022-351,13,"['PRJ-2022-351-SOV-05', 'PRJ-2022-351-SOV-09', 'PRJ-2022-351-SOV-03', 'PRJ-2022-351-SOV-08', 'PRJ-2022-351-SOV-06', 'PRJ-2022-351-SOV-04', 'PRJ-2022-351-SOV-11', 'PRJ-2022-351-SOV-10', 'PRJ-2022-351-SOV-12']",2.0,319000.0,447800.0,208.0,8965.367554751198
PRJ-2022-352,8,"['PRJ-2022-352-SOV-04', 'PRJ-2022-352-SOV-05', 'PRJ-2022-352-SOV-06', 'PRJ-2022-352-SOV-10', 'PRJ-2022-352-SOV-11']",2.0,178800.0,199500.0,185.0,7974.004796293132
PRJ-2022-353,5,"['PRJ-2022-353-SOV-03', 'PRJ-2022-353-SOV-07', 'PRJ-2022-353-SOV-05', 'PRJ-2022-353-SOV-11', 'PRJ-2022-353-SOV-12']",0.0,0.0,0.0,0.0,0.0
PRJ-2022-354,8,"['PRJ-2022-354-SOV-07', 'PRJ-2022-354-SOV-03', 'PRJ-2022-354-SOV-05', 'PRJ-2022-354-SOV-10']",2.0,199600.0,0.0,143.0,6163.690193891448
PRJ-2022-355,5,"['PRJ-2022-355-SOV-08', 'PRJ-2022-355-SOV-04', 'PRJ-2022-355-SOV-06', 'PRJ-2022-355-SOV-10']",3.0,952800.0,0.0,154.0,6637.820208806174
PRJ-2022-356,9,"['PRJ-2022-356-SOV-09', 'PRJ-2022-356-SOV-04', 'PRJ-2022-356-SOV-03', 'PRJ-2022-356-SOV-08', 'PRJ-2022-356-SOV-07', 'PRJ-2022-356-SOV-12']",1.0,0.0,232000.0,80.0,3448.2182902889217
PRJ-2022-357,11,"['PRJ-2022-357-SOV-03', 'PRJ-2022-357-SOV-05', 'PRJ-2022-357-SOV-07', 'PRJ-2022-357-SOV-09', 'PRJ-2022-357-SOV-12', 'PRJ-2022-357-SOV-10']",0.0,0.0,0.0,0.0,0.0
PRJ-2022-358,7,"['PRJ-2022-358-SOV-04', 'PRJ-2022-358-SOV-03', 'PRJ-2022-358-SOV-09', 'PRJ-2022-358-SOV-08', 'PRJ-2022-358-SOV-05', 'PRJ-2022-358-SOV-07']",0.0,0.0,0.0,0.0,0.0
PRJ-2022-359,12,"['PRJ-2022-359-SOV-03', 'PRJ-2022-359-SOV-04', 'PRJ-2022-359-SOV-05', 'PRJ-2022-359-SOV-08', 'PRJ-2022-359-SOV-09', 'PRJ-2022-359-SOV-06', 'PRJ-2022-359-SOV-11', 'PRJ-2022-359-SOV-10']",1.0,194200.0,0.0,53.0,2284.4446173164106
PRJ-2022-360,3,"['PRJ-2022-360-SOV-04', 'PRJ-2022-360-SOV-03', 'PRJ-2022-360-SOV-11']",1.0,0.0,114700.0,181.0,7801.5938817786855
PRJ-2022-361,8,"['PRJ-2022-361-SOV-07', 'PRJ-2022-361-SOV-12', 'PRJ-2022-361-SOV-11', 'PRJ-2022-361-SOV-10', 'PRJ-2022-361-SOV-05', 'PRJ-2022-361-SOV-08']",1.0,0.0,221600.0,115.0,4956.813792290325
PRJ-2022-362,16,"['PRJ-2022-362-SOV-04', 'PRJ-2022-362-SOV-03', 'PRJ-2022-362-SOV-07', 'PRJ-2022-362-SOV-08', 'PRJ-2022-362-SOV-09', 'PRJ-2022-362-SOV-06', 'PRJ-2022-362-SOV-11', 'PRJ-2022-362-SOV-10', 'PRJ-2022-362-SOV-12']",2.0,615000.0,405700.0,169.0,7284.361138235347
PRJ-2022-363,4,"['PRJ-2022-363-SOV-05', 'PRJ-2022-363-SOV-11', 'PRJ-2022-363-SOV-06', 'PRJ-2022-363-SOV-07']",1.0,39100.0,0.0,191.0,8232.621168064801
PRJ-2022-364,9,"['PRJ-2022-364-SOV-03', 'PRJ-2022-364-SOV-08', 'PRJ-2022-364-SOV-10', 'PRJ-2022-364-SOV-06', 'PRJ-2022-364-SOV-11', 'PRJ-2022-364-SOV-05', 'PRJ-2022-364-SOV-07']",1.0,230400.0,0.0,125.0,5387.84107857644
PRJ-2022-365,7,"['PRJ-2022-365-SOV-03', 'PRJ-2022-365-SOV-08', 'PRJ-2022-365-SOV-04', 'PRJ-2022-365-SOV-07', 'PRJ-2022-365-SOV-10']",2.0,460300.0,0.0,290.0,12499.79130229734
PRJ-2022-366,11,"['PRJ-2022-366-SOV-03', 'PRJ-2022-366-SOV-08', 'PRJ-2022-366-SOV-05', 'PRJ-2022-366-SOV-09', 'PRJ-2022-366-SOV-07', 'PRJ-2022-366-SOV-04', 'PRJ-2022-366-SOV-12', 'PRJ-2022-366-SOV-10', 'PRJ-2022-366-SOV-11']",3.0,193400.0,0.0,176.0,7586.080238635628
PRJ-2022-367,6,"['PRJ-2022-367-SOV-09', 'PRJ-2022-367-SOV-07', 'PRJ-2022-367-SOV-12', 'PRJ-2022-367-SOV-11']",0.0,0.0,0.0,0.0,0.0
PRJ-2022-368,10,"['PRJ-2022-368-SOV-09', 'PRJ-2022-368-SOV-03', 'PRJ-2022-368-SOV-08', 'PRJ-2022-368-SOV-05', 'PRJ-2022-368-SOV-10', 'PRJ-2022-368-SOV-11', 'PRJ-2022-368-SOV-12']",3.0,517100.0,0.0,338.0,14568.722276470695
PRJ-2022-369,10,"['PRJ-2022-369-SOV-04', 'PRJ-2022-369-SOV-05', 'PRJ-2022-369-SOV-08', 'PRJ-2022-369-SOV-06', 'PRJ-2022-369-SOV-12', 'PRJ-2022-369-SOV-10']",0.0,0.0,0.0,0.0,0.0
PRJ-2022-370,10,"['PRJ-2022-370-SOV-03', 'PRJ-2022-370-SOV-04', 'PRJ-2022-370-SOV-09', 'PRJ-2022-370-SOV-07', 'PRJ-2022-370-SOV-08', 'PRJ-2022-370-SOV-10', 'PRJ-2022-370-SOV-05']",1.0,0.0,48600.0,67.0,2887.882818116972
PRJ-2022-371,9,"['PRJ-2022-371-SOV-07', 'PRJ-2022-371-SOV-03', 'PRJ-2022-371-SOV-06', 'PRJ-2022-371-SOV-11', 'PRJ-2022-371-SOV-09', 'PRJ-2022-371-SOV-10']",1.0,703200.0,0.0,116.0,4999.916520918937
PRJ-2022-372,8,"['PRJ-2022-372-SOV-08', 'PRJ-2022-372-SOV-05', 'PRJ-2022-372-SOV-11', 'PRJ-2022-372-SOV-06', 'PRJ-2022-372-SOV-12', 'PRJ-2022-372-SOV-10']",4.0,271300.0,174000.0,571.0,24611.65804693718
PRJ-2022-373,12,"['PRJ-2022-373-SOV-03', 'PRJ-2022-373-SOV-07', 'PRJ-2022-373-SOV-09', 'PRJ-2022-373-SOV-06', 'PRJ-2022-373-SOV-11', 'PRJ-2022-373-SOV-08', 'PRJ-2022-373-SOV-10']",0.0,0.0,0.0,0.0,0.0
PRJ-2022-374,8,"['PRJ-2022-374-SOV-04', 'PRJ-2022-374-SOV-06', 'PRJ-2022-374-SOV-09', 'PRJ-2022-374-SOV-08', 'PRJ-2022-374-SOV-05', 'PRJ-2022-374-SOV-10']",2.0,65800.0,96900.0,257.0,11077.401257553161
PRJ-2022-375,13,"['PRJ-2022-375-SOV-03', 'PRJ-2022-375-SOV-04', 'PRJ-2022-375-SOV-05', 'PRJ-2022-375-SOV-09', 'PRJ-2022-375-SOV-10', 'PRJ-2022-375-SOV-07', 'PRJ-2022-375-SOV-11']",2.0,211900.0,219800.0,166.0,7155.052952349512
PRJ-2022-376,14,"['PRJ-2022-376-SOV-03', 'PRJ-2022-376-SOV-06', 'PRJ-2022-376-SOV-09', 'PRJ-2022-376-SOV-10', 'PRJ-2022-376-SOV-05', 'PRJ-2022-376-SOV-11', 'PRJ-2022-376-SOV-12']",0.0,0.0,0.0,0.0,0.0
PRJ-2022-377,11,"['PRJ-2022-377-SOV-04', 'PRJ-2022-377-SOV-03', 'PRJ-2022-377-SOV-07', 'PRJ-2022-377-SOV-06', 'PRJ-2022-377-SOV-05', 'PRJ-2022-377-SOV-09', 'PRJ-2022-377-SOV-12']",1.0,0.0,102400.0,110.0,4741.300149147268
PRJ-2022-378,5,"['PRJ-2022-378-SOV-04', 'PRJ-2022-378-SOV-11', 'PRJ-2022-378-SOV-08', 'PRJ-2022-378-SOV-12']",0.0,0.0,0.0,0.0,0.0
PRJ-2022-379,10,"['PRJ-2022-379-SOV-04', 'PRJ-2022-379-SOV-06', 'PRJ-2022-379-SOV-05', 'PRJ-2022-379-SOV-10', 'PRJ-2022-379-SOV-09']",2.0,143900.0,54600.0,316.0,13620.462246641242
PRJ-2022-380,13,"['PRJ-2022-380-SOV-08', 'PRJ-2022-380-SOV-06', 'PRJ-2022-380-SOV-05', 'PRJ-2022-380-SOV-09', 'PRJ-2022-380-SOV-12', 'PRJ-2022-380-SOV-11']",0.0,0.0,0.0,0.0,0.0
PRJ-2023-381,9,"['PRJ-2023-381-SOV-04', 'PRJ-2023-381-SOV-09', 'PRJ-2023-381-SOV-06', 'PRJ-2023-381-SOV-07', 'PRJ-2023-381-SOV-08', 'PRJ-2023-381-SOV-12']",1.0,801100.0,0.0,149.0,6422.306565663117
PRJ-2023-382,14,"['PRJ-2023-382-SOV-04', 'PRJ-2023-382-SOV-09', 'PRJ-2023-382-SOV-06', 'PRJ-2023-382-SOV-08', 'PRJ-2023-382-SOV-12', 'PRJ-2023-382-SOV-10', 'PRJ-2023-382-SOV-07', 'PRJ-2023-382-SOV-11']",0.0,0.0,0.0,0.0,0.0
PRJ-2023-383,11,"['PRJ-2023-383-SOV-05', 'PRJ-2023-383-SOV-09', 'PRJ-2023-383-SOV-03', 'PRJ-2023-383-SOV-06', 'PRJ-2023-383-SOV-08', 'PRJ-2023-383-SOV-07', 'PRJ-2023-383-SOV-12']",2.0,115100.0,0.0,227.0,9784.319398694815
PRJ-2023-384,9,"['PRJ-2023-384-SOV-03', 'PRJ-2023-384-SOV-04', 'PRJ-2023-384-SOV-06', 'PRJ-2023-384-SOV-11', 'PRJ-2023-384-SOV-07', 'PRJ-2023-384-SOV-09', 'PRJ-2023-384-SOV-05', 'PRJ-2023-384-SOV-12']",2.0,417700.0,0.0,27.0,1163.7736729725111
PRJ-2023-385,15,"['PRJ-2023-385-SOV-04', 'PRJ-2023-385-SOV-03', 'PRJ-2023-385-SOV-08', 'PRJ-2023-385-SOV-09', 'PRJ-2023-385-SOV-06', 'PRJ-2023-385-SOV-05', 'PRJ-2023-385-SOV-07', 'PRJ-2023-385-SOV-11']",0.0,0.0,0.0,0.0,0.0
PRJ-2023-386,10,"['PRJ-2023-386-SOV-03', 'PRJ-2023-386-SOV-07', 'PRJ-2023-386-SOV-04', 'PRJ-2023-386-SOV-08', 'PRJ-2023-386-SOV-06', 'PRJ-2023-386-SOV-05', 'PRJ-2023-386-SOV-12']",0.0,0.0,0.0,0.0,0.0
PRJ-2023-387,8,"['PRJ-2023-387-SOV-03', 'PRJ-2023-387-SOV-09', 'PRJ-2023-387-SOV-12', 'PRJ-2023-387-SOV-06', 'PRJ-2023-387-SOV-11', 'PRJ-2023-387-SOV-07']",2.0,42500.0,93000.0,130.0,5603.354721719498
PRJ-2023-388,7,"['PRJ-2023-388-SOV-05', 'PRJ-2023-388-SOV-09', 'PRJ-2023-388-SOV-07', 'PRJ-2023-388-SOV-10']",0.0,0.0,0.0,0.0,0.0
PRJ-2023-389,6,"['PRJ-2023-389-SOV-06', 'PRJ-2023-389-SOV-10', 'PRJ-2023-389-SOV-08', 'PRJ-2023-389-SOV-11']",1.0,0.0,243900.0,193.0,8318.826625322024
PRJ-2023-390,6,"['PRJ-2023-390-SOV-03', 'PRJ-2023-390-SOV-06', 'PRJ-2023-390-SOV-09', 'PRJ-2023-390-SOV-10', 'PRJ-2023-390-SOV-12']",1.0,0.0,163700.0,130.0,5603.354721719498
PRJ-2023-391,10,"['PRJ-2023-391-SOV-06', 'PRJ-2023-391-SOV-09', 'PRJ-2023-391-SOV-04', 'PRJ-2023-391-SOV-03', 'PRJ-2023-391-SOV-11', 'PRJ-2023-391-SOV-08', 'PRJ-2023-391-SOV-12', 'PRJ-2023-391-SOV-05']",2.0,314000.0,0.0,287.0,12370.483116411508
PRJ-2023-392,11,"['PRJ-2023-392-SOV-04', 'PRJ-2023-392-SOV-06', 'PRJ-2023-392-SOV-03', 'PRJ-2023-392-SOV-12', 'PRJ-2023-392-SOV-05', 'PRJ-2023-392-SOV-11']",3.0,105100.0,159300.0,207.0,8922.264826122586
PRJ-2023-393,12,"['PRJ-2023-393-SOV-05', 'PRJ-2023-393-SOV-03', 'PRJ-2023-393-SOV-07', 'PRJ-2023-393-SOV-09', 'PRJ-2023-393-SOV-10', 'PRJ-2023-393-SOV-08', 'PRJ-2023-393-SOV-11', 'PRJ-2023-393-SOV-06', 'PRJ-2023-393-SOV-12']",2.0,47300.0,0.0,223.0,9611.908484180369
PRJ-2023-394,6,"['PRJ-2023-394-SOV-06', 'PRJ-2023-394-SOV-04', 'PRJ-2023-394-SOV-08', 'PRJ-2023-394-SOV-10']",0.0,0.0,0.0,0.0,0.0
PRJ-2023-395,13,"['PRJ-2023-395-SOV-04', 'PRJ-2023-395-SOV-08', 'PRJ-2023-395-SOV-09', 'PRJ-2023-395-SOV-06', 'PRJ-2023-395-SOV-12']",1.0,23100.0,0.0,27.0,1163.7736729725111
PRJ-2023-396,9,"['PRJ-2023-396-SOV-04', 'PRJ-2023-396-SOV-08', 'PRJ-2023-396-SOV-09', 'PRJ-2023-396-SOV-07', 'PRJ-2023-396-SOV-05', 'PRJ-2023-396-SOV-11']",1.0,384100.0,0.0,192.0,8275.723896693413
PRJ-2023-397,10,"['PRJ-2023-397-SOV-06', 'PRJ-2023-397-SOV-07', 'PRJ-2023-397-SOV-08', 'PRJ-2023-397-SOV-09', 'PRJ-2023-397-SOV-03', 'PRJ-2023-397-SOV-10', 'PRJ-2023-397-SOV-12']",1.0,0.0,542700.0,73.0,3146.499189888641
PRJ-2023-398,11,"['PRJ-2023-398-SOV-09', 'PRJ-2023-398-SOV-04', 'PRJ-2023-398-SOV-10', 'PRJ-2023-398-SOV-06', 'PRJ-2023-398-SOV-11', 'PRJ-2023-398-SOV-08', 'PRJ-2023-398-SOV-05', 'PRJ-2023-398-SOV-12']",2.0,82400.0,77000.0,246.0,10603.271242638435
PRJ-2023-399,14,"['PRJ-2023-399-SOV-03', 'PRJ-2023-399-SOV-04', 'PRJ-2023-399-SOV-08', 'PRJ-2023-399-SOV-12', 'PRJ-2023-399-SOV-10', 'PRJ-2023-399-SOV-09']",1.0,128300.0,0.0,17.0,732.7463866863959
PRJ-2023-400,9,"['PRJ-2023-400-SOV-03', 'PRJ-2023-400-SOV-04', 'PRJ-2023-400-SOV-08', 'PRJ-2023-400-SOV-05', 'PRJ-2023-400-SOV-12', 'PRJ-2023-400-SOV-07']",0.0,0.0,0.0,0.0,0.0
PRJ-2024-001,5,"['PRJ-2024-001-SOV-03', 'PRJ-2024-001-SOV-05', 'PRJ-2024-001-SOV-07', 'PRJ-2024-001-SOV-10']",1.0,390900.0,0.0,9.0,387.9245576575037
PRJ-2024-002,8,"['PRJ-2024-002-SOV-03', 'PRJ-2024-002-SOV-09', 'PRJ-2024-002-SOV-08', 'PRJ-2024-002-SOV-04', 'PRJ-2024-002-SOV-05', 'PRJ-2024-002-SOV-07', 'PRJ-2024-002-SOV-11']",1.0,93200.0,0.0,34.0,1465.4927733727918
PRJ-2024-003,4,"['PRJ-2024-003-SOV-07', 'PRJ-2024-003-SOV-09', 'PRJ-2024-003-SOV-10']",1.0,22200.0,0.0,175.0,7542.9775100070165
PRJ-2024-004,10,"['PRJ-2024-004-SOV-06', 'PRJ-2024-004-SOV-08', 'PRJ-2024-004-SOV-05', 'PRJ-2024-004-SOV-07', 'PRJ-2024-004-SOV-11', 'PRJ-2024-004-SOV-10']",0.0,0.0,0.0,0.0,0.0
PRJ-2024-005,7,"['PRJ-2024-005-SOV-08', 'PRJ-2024-005-SOV-09', 'PRJ-2024-005-SOV-12', 'PRJ-2024-005-SOV-07', 'PRJ-2024-005-SOV-06', 'PRJ-2024-005-SOV-10']",0.0,0.0,0.0,0.0,0.0
