project_id,total_applications,max_cumulative_billed,total_retention_held,late_payments,avg_days_to_payment,gc_name,original_contract_value,project_type
PRJ-2018-001,12,38022400,3802240.0,5,31.6,JE Dunn,38264000,Large
PRJ-2018-002,17,28945000,2894500.0,8,31.642857142857142,JE Dunn,29163000,Large
PRJ-2018-003,16,11765500,1176550.0,9,34.166666666666664,Turner Construction,11837000,Medium
PRJ-2018-004,16,11143200,1114320.0,10,31.466666666666665,JE Dunn,11221000,Medium
PRJ-2018-005,10,7639600,763960.0,4,31.833333333333332,Skanska USA,7700000,Medium
PRJ-2018-006,17,9972100,997210.0,9,33.1875,JE Dunn,10039000,Medium
PRJ-2018-007,10,18435100,1843510.0,4,33.166666666666664,Turner Construction,18587000,Medium
PRJ-2018-008,22,6167600,616760.0,13,34.266666666666666,Skanska USA,6212000,Medium
PRJ-2018-009,12,14739200,1473920.0,6,31.8,Mortenson,14845000,Medium
PRJ-2018-010,8,12518600,1251860.0,3,30.0,JE Dunn,12617000,Medium
PRJ-2018-011,13,45002700,4500270.0,3,28.636363636363637,Mortenson,45289000,Large
PRJ-2018-012,16,8981600,898160.0,6,33.0,DPR Construction,9048000,Medium
PRJ-2018-013,17,4468600,446860.0,9,32.916666666666664,DPR Construction,4495000,Small
PRJ-2018-014,14,11611600,1161160.0,9,35.18181818181818,JE Dunn,11702000,Medium
PRJ-2018-015,17,22370800,2237080.0,10,33.53846153846154,Skanska USA,22510000,Large
PRJ-2018-016,17,20143600,2014360.0,11,35.53846153846154,JE Dunn,20272000,Large
PRJ-2018-017,10,19227900,1922790.0,3,30.333333333333332,DPR Construction,19383000,Medium
PRJ-2018-018,20,9759400,975940.0,8,32.75,Turner Construction,9820000,Medium
PRJ-2018-019,26,19843200,1984320.0,12,31.95,Mortenson,19967000,Medium
PRJ-2018-020,20,8134400,813440.0,11,33.333333333333336,Mortenson,8195000,Medium
PRJ-2018-021,23,52849500,5284950.0,12,32.44444444444444,JE Dunn,53167000,Mega
PRJ-2018-022,15,33459400,3345940.0,6,32.45454545454545,Turner Construction,33663000,Large
PRJ-2018-023,20,8806000,880600.0,12,32.875,DPR Construction,8862000,Medium
PRJ-2018-024,14,20454900,2045490.0,7,32.083333333333336,JE Dunn,20604000,Large
PRJ-2018-025,26,19762000,1976200.0,18,34.55,Skanska USA,19887000,Medium
PRJ-2018-026,17,5453500,545350.0,7,32.5,Turner Construction,5488000,Medium
PRJ-2018-027,22,14485200,1448520.0,10,31.466666666666665,Turner Construction,14573000,Medium
PRJ-2018-028,12,10282500,1028250.0,5,30.77777777777778,Skanska USA,10351000,Medium
PRJ-2018-029,17,9464600,946460.0,10,33.416666666666664,JE Dunn,9526000,Medium
PRJ-2018-030,16,15491200,1549120.0,6,32.45454545454545,Skanska USA,15609000,Medium
PRJ-2018-031,20,40227400,4022740.0,11,33.266666666666666,Skanska USA,40498000,Large
PRJ-2018-032,15,22937300,2293730.0,9,32.07142857142857,DPR Construction,23117000,Large
PRJ-2018-033,15,12106700,1210670.0,8,32.333333333333336,Skanska USA,12190000,Medium
PRJ-2018-034,26,18102300,1810230.0,15,34.89473684210526,DPR Construction,18213000,Medium
PRJ-2018-035,12,11876100,1187610.0,8,34.8,Turner Construction,11962000,Medium
PRJ-2018-036,14,30397700,3039770.0,9,33.90909090909091,Mortenson,30618000,Large
PRJ-2018-037,26,33327600,3332760.0,16,32.375,JE Dunn,33532000,Large
PRJ-2018-038,11,10013100,1001310.0,6,32.75,JE Dunn,10084000,Medium
PRJ-2018-039,16,5339800,533980.0,11,34.142857142857146,Skanska USA,5379000,Medium
PRJ-2018-040,17,20185900,2018590.0,9,31.846153846153847,DPR Construction,20326000,Large
PRJ-2018-041,12,40499100,4049910.0,7,34.0,Skanska USA,40791000,Large
PRJ-2018-042,12,15520500,1552050.0,9,36.2,JE Dunn,15625000,Medium
PRJ-2018-043,16,7344700,734470.0,6,31.384615384615383,Skanska USA,7392000,Medium
PRJ-2018-044,15,7155400,715540.0,9,33.166666666666664,Mortenson,7204000,Medium
PRJ-2018-045,17,4172700,417270.0,7,31.357142857142858,Skanska USA,4201000,Small
PRJ-2018-046,11,6695800,669580.0,7,32.9,Skanska USA,6747000,Medium
PRJ-2018-047,12,12464100,1246410.0,8,32.666666666666664,DPR Construction,12546000,Medium
PRJ-2018-048,20,6036200,603620.0,9,30.6875,DPR Construction,6077000,Medium
PRJ-2018-049,17,4672100,467210.0,9,32.916666666666664,Skanska USA,4707000,Small
PRJ-2018-050,17,3590700,359070.0,12,33.92857142857143,Skanska USA,3613000,Small
PRJ-2018-051,17,6390400,639040.0,10,32.06666666666667,JE Dunn,6433000,Medium
PRJ-2018-052,16,3076200,307620.0,6,31.357142857142858,Skanska USA,3101000,Small
PRJ-2018-053,16,3464000,346400.0,6,31.916666666666668,Mortenson,3488000,Small
PRJ-2018-054,26,19355600,1935560.0,12,31.727272727272727,DPR Construction,19488000,Medium
PRJ-2018-055,21,5449200,544920.0,11,31.894736842105264,JE Dunn,5485000,Medium
PRJ-2018-056,17,36121600,3612160.0,7,31.142857142857142,Skanska USA,36355000,Large
PRJ-2018-057,20,14319700,1431970.0,10,33.666666666666664,Mortenson,14417000,Medium
PRJ-2018-058,6,5542600,554260.0,4,34.25,DPR Construction,5584000,Medium
PRJ-2018-059,17,13323600,1332360.0,6,30.692307692307693,DPR Construction,13417000,Medium
PRJ-2018-060,9,12148300,1214830.0,5,33.5,Skanska USA,12239000,Medium
PRJ-2018-061,16,36356500,3635650.0,5,31.75,Mortenson,36618000,Large
PRJ-2018-062,21,17951800,1795180.0,11,33.35294117647059,Turner Construction,18069000,Medium
PRJ-2018-063,12,5571400,557140.0,5,31.125,Mortenson,5612000,Medium
PRJ-2018-064,17,11924700,1192470.0,6,31.3,DPR Construction,12004000,Medium
PRJ-2018-065,16,10527500,1052750.0,9,33.142857142857146,Skanska USA,10603000,Medium
PRJ-2018-066,17,19502100,1950210.0,12,33.666666666666664,Skanska USA,19638000,Medium
PRJ-2018-067,6,27337300,2733730.0,2,31.0,Skanska USA,27567000,Large
PRJ-2018-068,16,8484600,848460.0,7,31.307692307692307,JE Dunn,8544000,Medium
PRJ-2018-069,12,15508700,1550870.0,6,30.90909090909091,Mortenson,15603000,Medium
PRJ-2018-070,14,14211600,1421160.0,7,35.5,JE Dunn,14309000,Medium
PRJ-2018-071,14,27903800,2790380.0,10,35.0,Mortenson,28100000,Large
PRJ-2018-072,8,17023900,1702390.0,3,31.166666666666668,DPR Construction,17167000,Medium
PRJ-2018-073,6,5505200,550520.0,2,31.25,Skanska USA,5550000,Medium
PRJ-2018-074,11,4025000,402500.0,5,32.44444444444444,JE Dunn,4055000,Small
PRJ-2018-075,23,11823600,1182360.0,13,32.095238095238095,Skanska USA,11890000,Medium
PRJ-2018-076,20,16121600,1612160.0,9,33.07692307692308,Turner Construction,16224000,Medium
PRJ-2018-077,12,4867200,486720.0,7,32.6,Turner Construction,4898000,Small
PRJ-2018-078,17,8107100,810710.0,8,30.533333333333335,JE Dunn,8156000,Medium
PRJ-2018-079,16,15943000,1594300.0,5,29.285714285714285,Turner Construction,16064000,Medium
PRJ-2018-080,15,21015000,2101500.0,6,30.75,Turner Construction,21159000,Large
PRJ-2019-081,23,52698400,5269840.0,13,32.5,Turner Construction,52999000,Mega
PRJ-2019-082,22,40856900,4085690.0,12,33.166666666666664,JE Dunn,41115000,Large
PRJ-2019-083,17,8426800,842680.0,9,34.18181818181818,JE Dunn,8483000,Medium
PRJ-2019-084,15,7147700,714770.0,9,33.30769230769231,Turner Construction,7196000,Medium
PRJ-2019-085,16,6529700,652970.0,9,32.8,JE Dunn,6578000,Medium
PRJ-2019-086,15,16349700,1634970.0,6,32.285714285714285,Turner Construction,16463000,Medium
PRJ-2019-087,26,23679700,2367970.0,10,31.5,Skanska USA,23848000,Large
PRJ-2019-088,15,9056500,905650.0,8,31.928571428571427,JE Dunn,9124000,Medium
PRJ-2019-089,15,12876000,1287600.0,5,31.0,Mortenson,12969000,Medium
PRJ-2019-090,11,3250800,325080.0,6,31.727272727272727,DPR Construction,3276000,Small
PRJ-2019-091,14,37705400,3770540.0,10,34.63636363636363,JE Dunn,37972000,Large
PRJ-2019-092,14,13685000,1368500.0,6,32.25,Turner Construction,13785000,Medium
PRJ-2019-093,11,10065300,1006530.0,3,30.125,JE Dunn,10135000,Medium
PRJ-2019-094,12,21854500,2185450.0,6,31.666666666666668,DPR Construction,21983000,Large
PRJ-2019-095,23,10928800,1092880.0,10,31.77777777777778,DPR Construction,11001000,Medium
PRJ-2019-096,11,9515700,951570.0,5,32.0,JE Dunn,9588000,Medium
PRJ-2019-097,12,8287400,828740.0,9,34.54545454545455,DPR Construction,8337000,Medium
PRJ-2019-098,17,6575400,657540.0,13,34.4,Turner Construction,6621000,Medium
PRJ-2019-099,12,10626200,1062620.0,6,34.22222222222222,Mortenson,10701000,Medium
PRJ-2019-100,11,5740000,574000.0,6,32.55555555555556,Skanska USA,5785000,Medium
PRJ-2019-101,10,42769500,4276950.0,7,34.22222222222222,Turner Construction,43110000,Large
PRJ-2019-102,22,42520100,4252010.0,13,32.8,DPR Construction,42813000,Large
PRJ-2019-103,21,5777700,577770.0,7,30.857142857142858,Mortenson,5820000,Medium
PRJ-2019-104,10,14265200,1426520.0,6,32.5,DPR Construction,14396000,Medium
PRJ-2019-105,8,14194900,1419490.0,4,31.375,DPR Construction,14305000,Medium
PRJ-2019-106,11,49763900,4976390.0,5,32.111111111111114,Skanska USA,50158000,Mega
PRJ-2019-107,20,16812800,1681280.0,8,31.36842105263158,DPR Construction,16925000,Medium
PRJ-2019-108,20,10742000,1074200.0,12,32.8235294117647,JE Dunn,10813000,Medium
PRJ-2019-109,16,14003800,1400380.0,9,32.333333333333336,Turner Construction,14103000,Medium
PRJ-2019-110,11,3847000,384700.0,2,28.857142857142858,DPR Construction,3872000,Small
PRJ-2019-111,17,10652700,1065270.0,6,32.63636363636363,Skanska USA,10721000,Medium
PRJ-2019-112,12,9951700,995170.0,6,32.333333333333336,Turner Construction,10030000,Medium
PRJ-2019-113,23,3298500,329850.0,9,31.27777777777778,Turner Construction,3319000,Small
PRJ-2019-114,17,21794400,2179440.0,10,34.285714285714285,JE Dunn,21934000,Large
PRJ-2019-115,15,25668700,2566870.0,7,30.0,JE Dunn,25864000,Large
PRJ-2019-116,11,30475400,3047540.0,7,33.63636363636363,Turner Construction,30690000,Large
PRJ-2019-117,11,23242700,2324270.0,6,32.888888888888886,Turner Construction,23416000,Large
PRJ-2019-118,14,4536200,453620.0,5,32.111111111111114,JE Dunn,4569000,Small
PRJ-2019-119,17,19638700,1963870.0,7,31.266666666666666,JE Dunn,19776000,Medium
PRJ-2019-120,22,7566200,756620.0,10,31.36842105263158,DPR Construction,7611000,Medium
PRJ-2019-121,26,47466600,4746660.0,9,31.38095238095238,DPR Construction,47765000,Large
PRJ-2019-122,12,3235900,323590.0,4,29.5,Mortenson,3259000,Small
PRJ-2019-123,16,9694800,969480.0,5,31.545454545454547,JE Dunn,9763000,Medium
PRJ-2019-124,12,6667500,666750.0,10,35.81818181818182,DPR Construction,6722000,Medium
PRJ-2019-125,22,14284500,1428450.0,7,31.22222222222222,DPR Construction,14385000,Medium
PRJ-2019-126,20,42722900,4272290.0,5,29.8125,DPR Construction,42999000,Large
PRJ-2019-127,10,12278000,1227800.0,5,32.857142857142854,JE Dunn,12380000,Medium
PRJ-2019-128,20,3218200,321820.0,9,32.0,JE Dunn,3238000,Small
PRJ-2019-129,16,14818000,1481800.0,8,32.84615384615385,Mortenson,14922000,Medium
PRJ-2019-130,14,7148700,714870.0,7,31.923076923076923,Turner Construction,7207000,Medium
PRJ-2019-131,20,44030700,4403070.0,11,32.375,JE Dunn,44330000,Large
PRJ-2019-132,17,4891200,489120.0,9,32.13333333333333,Turner Construction,4919000,Small
PRJ-2019-133,11,8507600,850760.0,4,31.4,Turner Construction,8572000,Medium
PRJ-2019-134,12,5435400,543540.0,5,30.636363636363637,JE Dunn,5471000,Medium
PRJ-2019-135,12,17205800,1720580.0,7,34.666666666666664,JE Dunn,17311000,Medium
PRJ-2019-136,10,8200500,820050.0,5,32.25,Skanska USA,8264000,Medium
PRJ-2019-137,17,28487700,2848770.0,10,31.6875,JE Dunn,28675000,Large
PRJ-2019-138,22,12335900,1233590.0,11,32.111111111111114,Turner Construction,12417000,Medium
PRJ-2019-139,12,7279100,727910.0,8,34.888888888888886,Turner Construction,7332000,Medium
PRJ-2019-140,21,11317400,1131740.0,13,33.89473684210526,DPR Construction,11399000,Medium
PRJ-2019-141,17,37242600,3724260.0,6,30.928571428571427,Turner Construction,37483000,Large
PRJ-2019-142,11,27745300,2774530.0,5,33.375,JE Dunn,27982000,Large
PRJ-2019-143,16,3091200,309120.0,8,33.083333333333336,JE Dunn,3114000,Small
PRJ-2019-144,16,8733100,873310.0,8,31.923076923076923,DPR Construction,8799000,Medium
PRJ-2019-145,12,4328500,432850.0,7,32.09090909090909,Skanska USA,4355000,Small
PRJ-2019-146,10,7895000,789500.0,4,31.25,JE Dunn,7959000,Medium
PRJ-2019-147,16,17939600,1793960.0,11,34.4,Skanska USA,18067000,Medium
PRJ-2019-148,16,7496600,749660.0,9,32.357142857142854,JE Dunn,7547000,Medium
PRJ-2019-149,20,21350300,2135030.0,10,32.68421052631579,JE Dunn,21493000,Large
PRJ-2019-150,20,26312900,2631290.0,11,33.88235294117647,JE Dunn,26488000,Large
PRJ-2019-151,20,29489000,2948900.0,10,33.53846153846154,JE Dunn,29676000,Large
PRJ-2019-152,16,2229100,222910.0,6,32.36363636363637,Mortenson,2246000,Small
PRJ-2019-153,17,4912400,491240.0,5,32.55555555555556,DPR Construction,4947000,Small
PRJ-2019-154,23,6415400,641540.0,9,31.4375,DPR Construction,6455000,Medium
PRJ-2019-155,20,7902700,790270.0,12,33.125,Skanska USA,7959000,Medium
PRJ-2019-156,12,36625800,3662580.0,8,33.8,Mortenson,36862000,Large
PRJ-2019-157,15,6756100,675610.0,8,33.23076923076923,Mortenson,6804000,Medium
PRJ-2019-158,15,5800100,580010.0,9,33.583333333333336,DPR Construction,5838000,Medium
PRJ-2019-159,17,18388000,1838800.0,11,33.333333333333336,JE Dunn,18511000,Medium
PRJ-2019-160,16,6770600,677060.0,10,34.76923076923077,JE Dunn,6817000,Medium
PRJ-2020-161,22,58488700,5848870.0,10,31.4,JE Dunn,58874000,Mega
PRJ-2020-162,8,29454800,2945480.0,4,31.428571428571427,Turner Construction,29697000,Large
PRJ-2020-163,22,7078600,707860.0,13,33.8421052631579,Mortenson,7125000,Medium
PRJ-2020-164,16,6974300,697430.0,8,31.923076923076923,Turner Construction,7029000,Medium
PRJ-2020-165,22,8392100,839210.0,12,31.523809523809526,JE Dunn,8448000,Medium
PRJ-2020-166,17,52335200,5233520.0,6,31.4,Turner Construction,52683000,Mega
PRJ-2020-167,16,10884400,1088440.0,8,33.25,Turner Construction,10960000,Medium
PRJ-2020-168,7,7586700,758670.0,4,34.0,JE Dunn,7650000,Medium
PRJ-2020-169,10,10566500,1056650.0,4,31.625,Skanska USA,10657000,Medium
PRJ-2020-170,6,4781200,478120.0,3,32.75,JE Dunn,4816000,Small
PRJ-2020-171,6,5483200,548320.0,4,32.0,Skanska USA,5525000,Medium
PRJ-2020-172,17,4908700,490870.0,7,32.0,DPR Construction,4940000,Small
PRJ-2020-173,15,3359200,335920.0,4,31.77777777777778,Skanska USA,3384000,Small
PRJ-2020-174,22,7974800,797480.0,12,32.72222222222222,JE Dunn,8026000,Medium
PRJ-2020-175,15,21617900,2161790.0,5,30.727272727272727,DPR Construction,21782000,Large
PRJ-2020-176,17,29496000,2949600.0,10,33.42857142857143,Skanska USA,29701000,Large
PRJ-2020-177,11,11131700,1113170.0,4,30.0,Turner Construction,11218000,Medium
PRJ-2020-178,11,13548500,1354850.0,8,34.0,DPR Construction,13653000,Medium
PRJ-2020-179,23,22532800,2253280.0,8,32.0,DPR Construction,22670000,Large
PRJ-2020-180,22,8496900,849690.0,9,31.705882352941178,Mortenson,8550000,Medium
PRJ-2020-181,16,36952500,3695250.0,8,33.53846153846154,Skanska USA,37213000,Large
PRJ-2020-182,17,7311300,731130.0,6,31.166666666666668,JE Dunn,7358000,Medium
PRJ-2020-183,26,14052900,1405290.0,20,35.31818181818182,Turner Construction,14144000,Medium
PRJ-2020-184,23,5786200,578620.0,12,32.04545454545455,Skanska USA,5820000,Medium
PRJ-2020-185,17,3767700,376770.0,6,31.714285714285715,DPR Construction,3792000,Small
PRJ-2020-186,14,27092300,2709230.0,9,34.45454545454545,Turner Construction,27278000,Large
PRJ-2020-187,16,10772500,1077250.0,9,32.916666666666664,DPR Construction,10850000,Medium
PRJ-2020-188,17,7764300,776430.0,8,32.81818181818182,Skanska USA,7817000,Medium
PRJ-2020-189,23,25627000,2562700.0,10,32.8125,DPR Construction,25784000,Large
PRJ-2020-190,11,6342200,634220.0,7,33.1,Skanska USA,6390000,Medium
PRJ-2020-191,10,46120000,4612000.0,5,33.0,DPR Construction,46534000,Large
PRJ-2020-192,17,16296800,1629680.0,8,33.0,DPR Construction,16402000,Medium
PRJ-2020-193,26,14828400,1482840.0,12,31.583333333333332,JE Dunn,14923000,Medium
PRJ-2020-194,10,19377200,1937720.0,7,34.77777777777778,JE Dunn,19531000,Medium
PRJ-2020-195,17,16644800,1664480.0,8,31.133333333333333,DPR Construction,16764000,Medium
PRJ-2020-196,21,35071200,3507120.0,11,32.36842105263158,Mortenson,35312000,Large
PRJ-2020-197,11,2619700,261970.0,6,33.44444444444444,JE Dunn,2640000,Small
PRJ-2020-198,14,10548500,1054850.0,10,34.46153846153846,JE Dunn,10617000,Medium
PRJ-2020-199,16,17352200,1735220.0,12,34.69230769230769,Skanska USA,17456000,Medium
PRJ-2020-200,11,4456400,445640.0,6,34.111111111111114,JE Dunn,4488000,Small
PRJ-2020-201,16,43453300,4345330.0,8,33.0,DPR Construction,43769000,Large
PRJ-2020-202,26,27043300,2704330.0,14,33.05,DPR Construction,27217000,Large
PRJ-2020-203,26,4541500,454150.0,6,30.22222222222222,DPR Construction,4570000,Small
PRJ-2020-204,12,21879800,2187980.0,7,33.888888888888886,Turner Construction,22017000,Large
PRJ-2020-205,23,7214000,721400.0,15,32.47826086956522,Turner Construction,7258000,Medium
PRJ-2020-206,16,19496700,1949670.0,9,34.27272727272727,Skanska USA,19628000,Medium
PRJ-2020-207,10,3955900,395590.0,3,31.625,Mortenson,3989000,Small
PRJ-2020-208,20,13113600,1311360.0,6,30.466666666666665,Turner Construction,13209000,Medium
PRJ-2020-209,20,13827800,1382780.0,10,32.46666666666667,JE Dunn,13910000,Medium
PRJ-2020-210,10,15363300,1536330.0,5,30.8,DPR Construction,15485000,Medium
PRJ-2020-211,16,38878300,3887830.0,10,34.833333333333336,JE Dunn,39163000,Large
PRJ-2020-212,22,31408300,3140830.0,12,32.88235294117647,JE Dunn,31617000,Large
PRJ-2020-213,12,3140400,314040.0,8,33.27272727272727,Mortenson,3162000,Small
PRJ-2020-214,11,12160200,1216020.0,7,35.625,JE Dunn,12266000,Medium
PRJ-2020-215,20,25024200,2502420.0,13,33.75,Skanska USA,25173000,Large
PRJ-2020-216,17,50433500,5043350.0,8,32.92857142857143,JE Dunn,50756000,Mega
PRJ-2020-217,12,4290100,429010.0,6,32.54545454545455,Skanska USA,4321000,Small
PRJ-2020-218,20,10723000,1072300.0,9,32.5,JE Dunn,10797000,Medium
PRJ-2020-219,17,26803900,2680390.0,7,31.5,Mortenson,26976000,Large
PRJ-2020-220,21,16531800,1653180.0,9,32.9375,Skanska USA,16642000,Medium
PRJ-2020-221,17,13753700,1375370.0,8,32.214285714285715,DPR Construction,13847000,Medium
PRJ-2020-222,22,10103800,1010380.0,8,31.63157894736842,Skanska USA,10170000,Medium
PRJ-2020-223,12,7781000,778100.0,4,30.625,DPR Construction,7827000,Medium
PRJ-2020-224,15,17309200,1730920.0,8,34.166666666666664,Skanska USA,17418000,Medium
PRJ-2020-225,17,4981700,498170.0,5,30.5,JE Dunn,5017000,Medium
PRJ-2020-226,20,51820700,5182070.0,11,35.72727272727273,Turner Construction,52146000,Mega
PRJ-2020-227,16,27642400,2764240.0,7,31.142857142857142,Mortenson,27835000,Large
PRJ-2020-228,16,8334900,833490.0,7,31.0,JE Dunn,8395000,Medium
PRJ-2020-229,12,7149800,714980.0,8,31.083333333333332,Mortenson,7202000,Medium
PRJ-2020-230,11,6856000,685600.0,4,31.555555555555557,DPR Construction,6912000,Medium
PRJ-2020-231,17,11314300,1131430.0,7,30.857142857142858,JE Dunn,11391000,Medium
PRJ-2020-232,17,7252600,725260.0,9,33.42857142857143,JE Dunn,7301000,Medium
PRJ-2020-233,15,4188800,418880.0,9,33.61538461538461,Skanska USA,4218000,Small
PRJ-2020-234,11,18210200,1821020.0,3,29.444444444444443,DPR Construction,18348000,Medium
PRJ-2020-235,21,17568500,1756850.0,6,30.846153846153847,Skanska USA,17688000,Medium
PRJ-2020-236,10,12071700,1207170.0,4,31.0,Turner Construction,12168000,Medium
PRJ-2020-237,16,33429700,3342970.0,9,33.54545454545455,Skanska USA,33680000,Large
PRJ-2020-238,12,9570000,957000.0,8,33.4,Turner Construction,9628000,Medium
PRJ-2020-239,14,24992900,2499290.0,7,32.72727272727273,JE Dunn,25204000,Large
PRJ-2020-240,17,8519500,851950.0,8,33.333333333333336,JE Dunn,8580000,Medium
PRJ-2021-241,17,21190400,2119040.0,11,33.69230769230769,Mortenson,21326000,Large
PRJ-2021-242,16,12910200,1291020.0,6,31.214285714285715,Turner Construction,12997000,Medium
PRJ-2021-243,17,3804800,380480.0,7,31.833333333333332,Mortenson,3832000,Small
PRJ-2021-244,17,13381900,1338190.0,8,32.0,Turner Construction,13475000,Medium
PRJ-2021-245,11,9302500,930250.0,5,31.333333333333332,Mortenson,9375000,Medium
PRJ-2021-246,22,9436700,943670.0,12,32.31578947368421,DPR Construction,9501000,Medium
PRJ-2021-247,11,16776100,1677610.0,6,35.25,JE Dunn,16914000,Medium
PRJ-2021-248,12,10275000,1027500.0,6,33.77777777777778,JE Dunn,10337000,Medium
PRJ-2021-249,17,22118400,2211840.0,6,32.63636363636363,DPR Construction,22257000,Large
PRJ-2021-250,16,13304500,1330450.0,7,32.42857142857143,DPR Construction,13401000,Medium
PRJ-2021-251,20,36898000,3689800.0,11,32.705882352941174,Skanska USA,37123000,Large
PRJ-2021-252,12,16034200,1603420.0,3,29.857142857142858,Skanska USA,16141000,Medium
PRJ-2021-253,22,14939900,1493990.0,8,30.77777777777778,Turner Construction,15036000,Medium
PRJ-2021-254,16,6997700,699770.0,5,30.266666666666666,Mortenson,7049000,Medium
PRJ-2021-255,10,10746400,1074640.0,6,32.125,Mortenson,10826000,Medium
PRJ-2021-256,15,26986100,2698610.0,9,32.38461538461539,Mortenson,27189000,Large
PRJ-2021-257,23,22476900,2247690.0,7,30.705882352941178,DPR Construction,22625000,Large
PRJ-2021-258,11,6342300,634230.0,5,32.75,Turner Construction,6385000,Medium
PRJ-2021-259,17,11644900,1164490.0,10,33.25,Mortenson,11725000,Medium
PRJ-2021-260,23,2593200,259320.0,7,30.166666666666668,Mortenson,2608000,Small
PRJ-2021-261,10,24431600,2443160.0,5,32.714285714285715,DPR Construction,24629000,Large
PRJ-2021-262,14,25364300,2536430.0,6,34.111111111111114,Skanska USA,25551000,Large
PRJ-2021-263,11,9427600,942760.0,5,31.555555555555557,DPR Construction,9504000,Medium
PRJ-2021-264,26,19658000,1965800.0,8,31.0,Turner Construction,19784000,Medium
PRJ-2021-265,16,5679300,567930.0,10,32.93333333333333,Mortenson,5721000,Medium
PRJ-2021-266,16,14421000,1442100.0,9,34.07692307692308,Skanska USA,14520000,Medium
PRJ-2021-267,22,11418900,1141890.0,15,34.1764705882353,JE Dunn,11491000,Medium
PRJ-2021-268,11,2773700,277370.0,6,32.22222222222222,Mortenson,2795000,Small
PRJ-2021-269,22,5930600,593060.0,10,32.05882352941177,DPR Construction,5968000,Medium
PRJ-2021-270,20,10145500,1014550.0,10,33.25,Mortenson,10208000,Medium
PRJ-2021-271,20,37524700,3752470.0,14,32.333333333333336,Skanska USA,37774000,Large
PRJ-2021-272,8,3216700,321670.0,4,34.5,Mortenson,3248000,Small
PRJ-2021-273,10,3295300,329530.0,6,32.333333333333336,Turner Construction,3323000,Small
PRJ-2021-274,17,14403300,1440330.0,11,33.42857142857143,Turner Construction,14505000,Medium
PRJ-2021-275,8,17106800,1710680.0,4,32.166666666666664,DPR Construction,17258000,Medium
PRJ-2021-276,20,39079500,3907950.0,9,32.4,JE Dunn,39364000,Large
PRJ-2021-277,8,11330400,1133040.0,6,32.714285714285715,Turner Construction,11417000,Medium
PRJ-2021-278,15,7285100,728510.0,4,31.22222222222222,Skanska USA,7335000,Medium
PRJ-2021-279,16,6441500,644150.0,12,34.857142857142854,JE Dunn,6492000,Medium
PRJ-2021-280,22,16958100,1695810.0,10,31.72222222222222,Turner Construction,17061000,Medium
PRJ-2021-281,12,43232500,4323250.0,6,34.77777777777778,JE Dunn,43539000,Large
PRJ-2021-282,20,20522200,2052220.0,15,33.64705882352941,Skanska USA,20659000,Large
PRJ-2021-283,17,2989800,298980.0,6,31.266666666666666,Skanska USA,3010000,Small
PRJ-2021-284,15,6462000,646200.0,8,34.25,Turner Construction,6507000,Medium
PRJ-2021-285,16,6207100,620710.0,7,32.07142857142857,Mortenson,6250000,Medium
PRJ-2021-286,17,32890900,3289090.0,6,31.428571428571427,JE Dunn,33113000,Large
PRJ-2021-287,10,9128200,912820.0,4,32.5,Mortenson,9202000,Medium
PRJ-2021-288,17,9884500,988450.0,10,33.666666666666664,Mortenson,9948000,Medium
PRJ-2021-289,23,18095100,1809510.0,12,33.10526315789474,DPR Construction,18201000,Medium
PRJ-2021-290,14,16897900,1689790.0,9,34.1,Turner Construction,17033000,Medium
PRJ-2021-291,17,26172700,2617270.0,12,35.0,JE Dunn,26365000,Large
PRJ-2021-292,23,12949400,1294940.0,10,32.27777777777778,Turner Construction,13023000,Medium
PRJ-2021-293,20,8773800,877380.0,12,33.8,Turner Construction,8829000,Medium
PRJ-2021-294,26,8699000,869900.0,17,33.73913043478261,Mortenson,8748000,Medium
PRJ-2021-295,23,8284000,828400.0,12,33.1578947368421,Mortenson,8337000,Medium
PRJ-2021-296,20,41445000,4144500.0,12,33.588235294117645,Skanska USA,41720000,Large
PRJ-2021-297,11,29819800,2981980.0,4,32.125,DPR Construction,30058000,Large
PRJ-2021-298,17,11138700,1113870.0,8,31.714285714285715,Turner Construction,11208000,Medium
PRJ-2021-299,16,8553300,855330.0,8,32.714285714285715,JE Dunn,8616000,Medium
PRJ-2021-300,9,11970400,1197040.0,5,32.44444444444444,Turner Construction,12081000,Medium
PRJ-2021-301,16,10173000,1017300.0,7,33.5,Turner Construction,10245000,Medium
PRJ-2021-302,11,10221200,1022120.0,8,34.0,Turner Construction,10296000,Medium
PRJ-2021-303,22,9455400,945540.0,11,32.473684210526315,Mortenson,9518000,Medium
PRJ-2021-304,12,4767300,476730.0,4,30.333333333333332,Mortenson,4796000,Small
PRJ-2021-305,20,7723100,772310.0,11,34.0,Skanska USA,7776000,Medium
PRJ-2021-306,20,38576500,3857650.0,14,34.588235294117645,Turner Construction,38835000,Large
PRJ-2021-307,16,30962300,3096230.0,11,34.0,Turner Construction,31171000,Large
PRJ-2021-308,23,11706700,1170670.0,10,30.8,DPR Construction,11781000,Medium
PRJ-2021-309,23,22186200,2218620.0,12,33.05555555555556,Turner Construction,22317000,Large
PRJ-2021-310,12,22123000,2212300.0,7,32.833333333333336,Mortenson,22291000,Large
PRJ-2021-311,12,29170600,2917060.0,6,33.666666666666664,Turner Construction,29341000,Large
PRJ-2021-312,16,12192500,1219250.0,10,33.42857142857143,JE Dunn,12270000,Medium
PRJ-2021-313,10,5645900,564590.0,7,35.285714285714285,Mortenson,5695000,Medium
PRJ-2021-314,14,6395800,639580.0,6,31.076923076923077,DPR Construction,6447000,Medium
PRJ-2021-315,26,5430000,543000.0,15,33.45454545454545,Skanska USA,5465000,Medium
PRJ-2021-316,17,32331600,3233160.0,6,31.142857142857142,DPR Construction,32547000,Large
PRJ-2021-317,7,3582200,358220.0,4,32.57142857142857,JE Dunn,3616000,Small
PRJ-2021-318,16,2358100,235810.0,9,33.0,Mortenson,2373000,Small
PRJ-2021-319,15,8035000,803500.0,8,31.928571428571427,Mortenson,8085000,Medium
PRJ-2021-320,26,22654700,2265470.0,12,32.2,DPR Construction,22790000,Large
PRJ-2022-321,14,27079700,2707970.0,7,33.63636363636363,DPR Construction,27273000,Large
PRJ-2022-322,23,4346700,434670.0,12,33.27777777777778,Mortenson,4371000,Small
PRJ-2022-323,10,6518400,651840.0,7,34.1,Mortenson,6565000,Medium
PRJ-2022-324,16,5333500,533350.0,8,32.785714285714285,JE Dunn,5373000,Medium
PRJ-2022-325,20,4368700,436870.0,12,33.1,Mortenson,4398000,Small
PRJ-2022-326,17,4719400,471940.0,9,33.27272727272727,Turner Construction,4754000,Small
PRJ-2022-327,26,29317400,2931740.0,10,31.61111111111111,Turner Construction,29520000,Large
PRJ-2022-328,15,14984700,1498470.0,10,34.63636363636363,DPR Construction,15085000,Medium
PRJ-2022-329,17,22489700,2248970.0,7,31.357142857142858,JE Dunn,22622000,Large
PRJ-2022-330,8,3776600,377660.0,4,33.8,Mortenson,3812000,Small
PRJ-2022-331,14,41299800,4129980.0,9,31.5,JE Dunn,41560000,Large
PRJ-2022-332,20,11145100,1114510.0,10,32.93333333333333,Turner Construction,11220000,Medium
PRJ-2022-333,20,13461500,1346150.0,12,32.27777777777778,Mortenson,13567000,Medium
PRJ-2022-334,21,16808500,1680850.0,8,33.785714285714285,Mortenson,16918000,Medium
PRJ-2022-335,16,12867000,1286700.0,5,32.0,Mortenson,12951000,Medium
PRJ-2022-336,12,19536000,1953600.0,8,32.4,JE Dunn,19661000,Medium
PRJ-2022-337,16,23843100,2384310.0,5,32.36363636363637,JE Dunn,24013000,Large
PRJ-2022-338,17,6459200,645920.0,7,31.214285714285715,DPR Construction,6503000,Medium
PRJ-2022-339,26,19049700,1904970.0,11,31.608695652173914,Skanska USA,19158000,Medium
PRJ-2022-340,12,21764800,2176480.0,7,33.2,JE Dunn,21923000,Large
PRJ-2022-341,12,26466700,2646670.0,7,32.63636363636363,DPR Construction,26652000,Large
PRJ-2022-342,10,25765700,2576570.0,5,33.875,Skanska USA,25975000,Large
PRJ-2022-343,16,4310000,431000.0,7,32.45454545454545,Skanska USA,4342000,Small
PRJ-2022-344,12,14324800,1432480.0,5,31.666666666666668,Mortenson,14429000,Medium
PRJ-2022-345,16,20735100,2073510.0,11,34.357142857142854,Turner Construction,20889000,Large
PRJ-2022-346,26,23501900,2350190.0,10,32.46666666666667,Mortenson,23652000,Large
PRJ-2022-347,16,26875600,2687560.0,8,31.923076923076923,Skanska USA,27076000,Large
PRJ-2022-348,12,3170500,317050.0,3,31.166666666666668,Mortenson,3189000,Small
PRJ-2022-349,17,22838100,2283810.0,14,34.25,Mortenson,22985000,Large
PRJ-2022-350,21,7978100,797810.0,12,33.875,Mortenson,8036000,Medium
PRJ-2022-351,11,26277400,2627740.0,5,31.11111111111111,JE Dunn,26481000,Large
PRJ-2022-352,21,17479000,1747900.0,6,30.555555555555557,DPR Construction,17595000,Medium
PRJ-2022-353,16,6704800,670480.0,9,33.083333333333336,DPR Construction,6748000,Medium
PRJ-2022-354,11,11265900,1126590.0,5,31.22222222222222,Skanska USA,11352000,Medium
PRJ-2022-355,23,19507700,1950770.0,10,32.0,Turner Construction,19636000,Medium
PRJ-2022-356,20,30358400,3035840.0,11,32.5,DPR Construction,30571000,Large
PRJ-2022-357,11,12701400,1270140.0,4,31.875,Skanska USA,12804000,Medium
PRJ-2022-358,17,6555600,655560.0,9,32.266666666666666,Mortenson,6596000,Medium
PRJ-2022-359,7,8126300,812630.0,5,33.0,JE Dunn,8202000,Medium
PRJ-2022-360,20,8119500,811950.0,11,32.86666666666667,DPR Construction,8177000,Medium
PRJ-2022-361,16,12824500,1282450.0,9,31.785714285714285,Turner Construction,12912000,Medium
PRJ-2022-362,14,25221200,2522120.0,8,34.18181818181818,Turner Construction,25395000,Large
PRJ-2022-363,11,5727300,572730.0,5,33.55555555555556,Turner Construction,5770000,Medium
PRJ-2022-364,14,17705700,1770570.0,9,33.36363636363637,Skanska USA,17834000,Medium
PRJ-2022-365,12,20279400,2027940.0,6,31.555555555555557,Skanska USA,20406000,Large
PRJ-2022-366,26,8276800,827680.0,12,32.75,JE Dunn,8337000,Medium
PRJ-2022-367,20,6458700,645870.0,11,31.529411764705884,JE Dunn,6499000,Medium
PRJ-2022-368,17,12779100,1277910.0,8,34.1,Skanska USA,12855000,Medium
PRJ-2022-369,15,16703600,1670360.0,8,33.5,DPR Construction,16822000,Medium
PRJ-2022-370,10,3274200,327420.0,7,32.8,Turner Construction,3301000,Small
PRJ-2022-371,11,43020400,4302040.0,6,31.90909090909091,JE Dunn,43335000,Large
PRJ-2022-372,21,7009500,700950.0,13,35.0,Skanska USA,7056000,Medium
PRJ-2022-373,10,7039400,703940.0,5,32.44444444444444,Skanska USA,7091000,Medium
PRJ-2022-374,16,5423500,542350.0,5,30.545454545454547,JE Dunn,5458000,Medium
PRJ-2022-375,22,11148900,1114890.0,10,31.38888888888889,Mortenson,11214000,Medium
PRJ-2022-376,22,36253900,3625390.0,11,33.10526315789474,DPR Construction,36501000,Large
PRJ-2022-377,11,8797200,879720.0,7,35.0,JE Dunn,8864000,Medium
PRJ-2022-378,6,9129400,912940.0,4,33.0,DPR Construction,9195000,Medium
PRJ-2022-379,15,11724700,1172470.0,7,32.8,Mortenson,11816000,Medium
PRJ-2022-380,17,17594200,1759420.0,10,32.38461538461539,DPR Construction,17710000,Medium
PRJ-2023-381,15,40882800,4088280.0,10,32.0,Turner Construction,41186000,Large
PRJ-2023-382,16,10014000,1001400.0,10,33.46153846153846,Skanska USA,10081000,Medium
PRJ-2023-383,20,3199000,319900.0,9,31.41176470588235,Mortenson,3222000,Small
PRJ-2023-384,14,16524900,1652490.0,10,32.357142857142854,Turner Construction,16654000,Medium
PRJ-2023-385,20,11325900,1132590.0,10,32.06666666666667,Mortenson,11398000,Medium
PRJ-2023-386,12,14613200,1461320.0,2,29.75,DPR Construction,14714000,Medium
PRJ-2023-387,15,6779700,677970.0,7,32.166666666666664,DPR Construction,6827000,Medium
PRJ-2023-388,22,11460200,1146020.0,11,32.72222222222222,Turner Construction,11540000,Medium
PRJ-2023-389,6,16342800,1634280.0,5,36.8,DPR Construction,16458000,Medium
PRJ-2023-390,20,9814800,981480.0,12,31.789473684210527,JE Dunn,9884000,Medium
PRJ-2023-391,16,9276800,927680.0,5,32.72727272727273,Mortenson,9340000,Medium
PRJ-2023-392,8,8992200,899220.0,4,34.4,DPR Construction,9070000,Medium
PRJ-2023-393,16,5239900,523990.0,7,30.857142857142858,Turner Construction,5279000,Medium
PRJ-2023-394,10,11655700,1165570.0,5,33.42857142857143,Skanska USA,11747000,Medium
PRJ-2023-395,6,3562900,356290.0,3,33.6,Skanska USA,3591000,Small
PRJ-2023-396,11,21792300,2179230.0,3,31.5,Turner Construction,21976000,Large
PRJ-2023-397,17,24004100,2400410.0,7,32.75,Skanska USA,24152000,Large
PRJ-2023-398,16,7156000,715600.0,9,32.0,DPR Construction,7209000,Medium
PRJ-2023-399,22,8451900,845190.0,8,30.705882352941178,JE Dunn,8502000,Medium
PRJ-2023-400,12,9857500,985750.0,7,31.3,Turner Construction,9928000,Medium
PRJ-2024-001,17,34955400,3495540.0,7,33.0,Turner Construction,35194000,Large
PRJ-2024-002,22,30075400,3007540.0,14,33.26315789473684,DPR Construction,30260000,Large
PRJ-2024-003,14,5500700,550070.0,5,30.583333333333332,DPR Construction,5544000,Medium
PRJ-2024-004,10,16205800,1620580.0,5,33.714285714285715,DPR Construction,16340000,Medium
PRJ-2024-005,20,13556100,1355610.0,11,31.8125,Skanska USA,13650000,Medium
