project_id,gc_name,application_number,period_end,days_overdue,net_payment_due
PRJ-2018-013,DPR Construction,2,2018-03-03,2931.0,313110.0
PRJ-2018-028,Skanska USA,2,2018-03-04,2930.0,1089450.0
PRJ-2018-014,JE Dunn,2,2018-03-16,2918.0,1103130.0
PRJ-2018-031,Skanska USA,2,2018-03-23,2911.0,2615580.0
PRJ-2018-023,DPR Construction,2,2018-03-23,2911.0,602910.0
PRJ-2018-020,Mortenson,2,2018-03-24,2910.0,549720.0
PRJ-2018-011,Mortenson,2,2018-03-29,2905.0,4611870.0
PRJ-2018-005,Skanska USA,3,2018-03-29,2905.0,2185110.0
PRJ-2018-001,JE Dunn,3,2018-04-01,2902.0,8785890.0
PRJ-2018-013,DPR Construction,3,2018-04-02,2901.0,700650.0
PRJ-2018-028,Skanska USA,3,2018-04-03,2900.0,2410470.0
PRJ-2018-059,DPR Construction,2,2018-04-04,2899.0,978840.0
PRJ-2018-072,DPR Construction,3,2018-04-06,2897.0,5628600.0
PRJ-2018-073,Skanska USA,3,2018-04-07,2896.0,2283750.0
PRJ-2018-041,Skanska USA,3,2018-04-11,2892.0,9799380.0
PRJ-2018-018,Turner Construction,2,2018-04-13,2890.0,675720.0
PRJ-2018-074,JE Dunn,2,2018-04-15,2888.0,512820.0
PRJ-2018-014,JE Dunn,3,2018-04-15,2888.0,2549160.0
PRJ-2018-064,DPR Construction,3,2018-04-16,2887.0,2020770.0
PRJ-2018-068,JE Dunn,2,2018-04-17,2886.0,730980.0
PRJ-2018-008,Skanska USA,2,2018-04-17,2886.0,357750.0
PRJ-2018-077,Turner Construction,2,2018-04-18,2885.0,498690.0
PRJ-2018-071,Mortenson,2,2018-04-20,2883.0,2769210.0
PRJ-2018-023,DPR Construction,3,2018-04-22,2881.0,1330920.0
PRJ-2018-017,DPR Construction,2,2018-04-25,2878.0,2746620.0
PRJ-2018-011,Mortenson,3,2018-04-28,2875.0,10754910.0
PRJ-2018-027,Turner Construction,2,2018-04-28,2875.0,828720.0
PRJ-2018-076,Turner Construction,3,2018-04-28,2875.0,2402370.0
PRJ-2018-070,JE Dunn,2,2018-05-03,2870.0,1332630.0
PRJ-2018-079,Turner Construction,2,2018-05-03,2870.0,1251090.0
PRJ-2018-059,DPR Construction,3,2018-05-04,2869.0,2197800.0
PRJ-2018-072,DPR Construction,4,2018-05-06,2867.0,7704540.0
PRJ-2018-041,Skanska USA,4,2018-05-11,2862.0,13405680.0
PRJ-2018-012,DPR Construction,3,2018-05-12,2861.0,1709640.0
PRJ-2018-015,Skanska USA,3,2018-05-13,2860.0,3541230.0
PRJ-2018-058,DPR Construction,4,2018-05-14,2859.0,3160440.0
PRJ-2018-067,Skanska USA,4,2018-05-16,2857.0,15706710.0
PRJ-2018-036,Mortenson,3,2018-05-16,2857.0,6800580.0
PRJ-2018-053,Mortenson,2,2018-05-16,2857.0,297090.0
PRJ-2018-042,JE Dunn,4,2018-05-22,2851.0,4858380.0
PRJ-2018-021,JE Dunn,3,2018-05-24,2849.0,6091020.0
PRJ-2018-035,Turner Construction,2,2018-05-24,2849.0,1350450.0
PRJ-2018-056,Skanska USA,2,2018-05-24,2849.0,2781270.0
PRJ-2018-017,DPR Construction,3,2018-05-25,2848.0,5390190.0
PRJ-2018-025,Skanska USA,5,2018-05-28,2845.0,4620420.0
PRJ-2018-024,JE Dunn,3,2018-05-28,2845.0,4500360.0
PRJ-2018-043,Skanska USA,3,2018-05-30,2843.0,1321470.0
PRJ-2018-001,JE Dunn,5,2018-05-31,2842.0,14810220.0
PRJ-2018-046,Skanska USA,5,2018-05-31,2842.0,3012030.0
PRJ-2018-070,JE Dunn,3,2018-06-02,2840.0,3145950.0
PRJ-2018-079,Turner Construction,3,2018-06-02,2840.0,2790810.0
PRJ-2018-044,Mortenson,5,2018-06-03,2839.0,2528190.0
PRJ-2018-055,JE Dunn,4,2018-06-04,2838.0,1161540.0
PRJ-2018-073,Skanska USA,5,2018-06-06,2836.0,4045320.0
PRJ-2018-003,Turner Construction,5,2018-06-06,2836.0,3928770.0
PRJ-2018-040,DPR Construction,3,2018-06-07,2835.0,3367530.0
PRJ-2018-029,JE Dunn,4,2018-06-07,2835.0,2445660.0
PRJ-2018-057,Mortenson,4,2018-06-09,2833.0,3378690.0
PRJ-2018-030,Skanska USA,4,2018-06-11,2831.0,4207770.0
PRJ-2018-053,Mortenson,3,2018-06-15,2827.0,668790.0
PRJ-2018-036,Mortenson,4,2018-06-15,2827.0,9131310.0
PRJ-2018-064,DPR Construction,5,2018-06-15,2827.0,3710160.0
PRJ-2018-049,Skanska USA,5,2018-06-16,2826.0,1442250.0
PRJ-2018-008,Skanska USA,4,2018-06-16,2826.0,1238760.0
PRJ-2018-034,DPR Construction,3,2018-06-19,2823.0,1911960.0
PRJ-2018-031,Skanska USA,5,2018-06-21,2821.0,11506860.0
PRJ-2018-016,JE Dunn,4,2018-06-22,2820.0,4877910.0
PRJ-2018-020,Mortenson,5,2018-06-22,2820.0,2337210.0
PRJ-2018-056,Skanska USA,3,2018-06-23,2819.0,6106770.0
PRJ-2018-051,JE Dunn,3,2018-06-24,2818.0,985140.0
PRJ-2018-027,Turner Construction,4,2018-06-27,2815.0,2842200.0
PRJ-2018-076,Turner Construction,5,2018-06-27,2815.0,4702680.0
PRJ-2018-013,DPR Construction,6,2018-07-01,2811.0,1559610.0
PRJ-2018-070,JE Dunn,4,2018-07-02,2810.0,4229100.0
PRJ-2018-059,DPR Construction,5,2018-07-03,2809.0,4078890.0
PRJ-2018-041,Skanska USA,6,2018-07-10,2802.0,20084580.0
PRJ-2018-030,Skanska USA,5,2018-07-11,2801.0,5149350.0
PRJ-2018-012,DPR Construction,5,2018-07-11,2801.0,3036240.0
PRJ-2018-058,DPR Construction,6,2018-07-13,2799.0,4865490.0
PRJ-2018-067,Skanska USA,6,2018-07-15,2797.0,23912280.0
PRJ-2018-064,DPR Construction,6,2018-07-15,2797.0,4374630.0
PRJ-2018-053,Mortenson,4,2018-07-15,2797.0,947610.0
PRJ-2018-068,JE Dunn,5,2018-07-16,2796.0,2854260.0
PRJ-2018-049,Skanska USA,6,2018-07-16,2796.0,1697130.0
PRJ-2018-026,Turner Construction,5,2018-07-19,2793.0,1626120.0
PRJ-2018-034,DPR Construction,4,2018-07-19,2793.0,3073500.0
PRJ-2018-065,Skanska USA,6,2018-07-23,2789.0,4173030.0
PRJ-2018-045,Skanska USA,5,2018-07-23,2789.0,1284390.0
PRJ-2018-066,Skanska USA,5,2018-07-24,2788.0,5731560.0
PRJ-2018-007,Turner Construction,4,2018-07-24,2788.0,7058790.0
PRJ-2018-019,Mortenson,4,2018-07-25,2787.0,3194370.0
PRJ-2018-005,Skanska USA,7,2018-07-27,2785.0,5206680.0
PRJ-2018-061,Mortenson,6,2018-07-27,2785.0,13769910.0
PRJ-2018-070,JE Dunn,5,2018-08-01,2780.0,5210640.0
PRJ-2018-044,Mortenson,7,2018-08-02,2779.0,3461040.0
PRJ-2018-080,Turner Construction,6,2018-08-05,2776.0,8794260.0
PRJ-2018-003,Turner Construction,7,2018-08-05,2776.0,5386860.0
PRJ-2018-029,JE Dunn,6,2018-08-06,2775.0,3486600.0
PRJ-2018-040,DPR Construction,5,2018-08-06,2775.0,6259860.0
PRJ-2018-038,JE Dunn,5,2018-08-08,2773.0,4503600.0
PRJ-2018-060,Skanska USA,7,2018-08-11,2770.0,8906940.0
PRJ-2018-074,JE Dunn,6,2018-08-13,2768.0,2152530.0
PRJ-2018-033,Skanska USA,6,2018-08-14,2767.0,5073750.0
PRJ-2018-064,DPR Construction,7,2018-08-14,2767.0,5010030.0
PRJ-2018-067,Skanska USA,7,2018-08-14,2767.0,24603570.0
PRJ-2018-049,Skanska USA,7,2018-08-15,2766.0,1947600.0
PRJ-2018-078,JE Dunn,7,2018-08-19,2762.0,3379230.0
PRJ-2018-035,Turner Construction,5,2018-08-22,2759.0,4954410.0
PRJ-2018-017,DPR Construction,6,2018-08-23,2758.0,11133990.0
PRJ-2018-007,Turner Construction,5,2018-08-23,2758.0,8858160.0
PRJ-2018-052,Skanska USA,6,2018-08-25,2756.0,1216530.0
PRJ-2018-076,Turner Construction,7,2018-08-26,2755.0,6282720.0
PRJ-2018-025,Skanska USA,8,2018-08-26,2755.0,6883020.0
PRJ-2018-005,Skanska USA,8,2018-08-26,2755.0,5863500.0
PRJ-2018-027,Turner Construction,6,2018-08-26,2755.0,4348980.0
PRJ-2018-061,Mortenson,7,2018-08-26,2755.0,15871050.0
PRJ-2018-059,DPR Construction,7,2018-09-01,2749.0,5523570.0
PRJ-2018-002,JE Dunn,8,2018-09-04,2746.0,13562550.0
PRJ-2018-038,JE Dunn,6,2018-09-07,2743.0,5390100.0
PRJ-2018-030,Skanska USA,7,2018-09-09,2741.0,7036020.0
PRJ-2018-006,JE Dunn,7,2018-09-10,2740.0,4173750.0
PRJ-2018-018,Turner Construction,7,2018-09-10,2740.0,3793410.0
PRJ-2018-050,Skanska USA,7,2018-09-11,2739.0,1448910.0
PRJ-2018-034,DPR Construction,6,2018-09-17,2733.0,4966290.0
PRJ-2018-021,JE Dunn,7,2018-09-21,2729.0,17487270.0
PRJ-2018-076,Turner Construction,8,2018-09-25,2725.0,7078410.0
PRJ-2018-027,Turner Construction,7,2018-09-25,2725.0,4925430.0
PRJ-2018-075,Skanska USA,8,2018-09-29,2721.0,4404150.0
PRJ-2018-022,Turner Construction,7,2018-10-02,2718.0,16257510.0
PRJ-2018-002,JE Dunn,9,2018-10-04,2716.0,15133140.0
PRJ-2018-003,Turner Construction,9,2018-10-04,2716.0,6818940.0
PRJ-2018-029,JE Dunn,8,2018-10-05,2715.0,4511250.0
PRJ-2018-038,JE Dunn,7,2018-10-07,2713.0,6269850.0
PRJ-2018-063,Mortenson,7,2018-10-08,2712.0,3238200.0
PRJ-2018-012,DPR Construction,8,2018-10-09,2711.0,4690170.0
PRJ-2018-032,DPR Construction,8,2018-10-10,2710.0,12550770.0
PRJ-2018-015,Skanska USA,8,2018-10-10,2710.0,10150380.0
PRJ-2018-014,JE Dunn,9,2018-10-12,2708.0,7566300.0
PRJ-2018-068,JE Dunn,8,2018-10-14,2706.0,4425390.0
PRJ-2018-031,Skanska USA,9,2018-10-19,2701.0,19414710.0
PRJ-2018-023,DPR Construction,9,2018-10-19,2701.0,4289940.0
PRJ-2018-007,Turner Construction,7,2018-10-22,2698.0,12517470.0
PRJ-2018-027,Turner Construction,8,2018-10-25,2695.0,5513940.0
PRJ-2018-044,Mortenson,10,2018-10-31,2689.0,4851990.0
PRJ-2018-022,Turner Construction,8,2018-11-01,2688.0,18385290.0
PRJ-2018-029,JE Dunn,9,2018-11-04,2685.0,5022720.0
PRJ-2018-063,Mortenson,8,2018-11-07,2682.0,3684780.0
PRJ-2018-009,Mortenson,8,2018-11-08,2681.0,9769590.0
PRJ-2018-018,Turner Construction,9,2018-11-09,2680.0,4738230.0
PRJ-2018-033,Skanska USA,9,2018-11-12,2677.0,7486200.0
PRJ-2018-049,Skanska USA,10,2018-11-13,2676.0,2715660.0
PRJ-2018-026,Turner Construction,9,2018-11-16,2673.0,2749050.0
PRJ-2018-065,Skanska USA,10,2018-11-20,2669.0,6751800.0
PRJ-2018-066,Skanska USA,9,2018-11-21,2668.0,9765090.0
PRJ-2018-051,JE Dunn,8,2018-11-21,2668.0,2863620.0
PRJ-2018-069,Mortenson,10,2018-11-21,2668.0,11789730.0
PRJ-2018-005,Skanska USA,11,2018-11-24,2665.0,6875640.0
PRJ-2018-022,Turner Construction,9,2018-12-01,2658.0,20596500.0
PRJ-2018-040,DPR Construction,9,2018-12-04,2655.0,10634850.0
PRJ-2018-057,Mortenson,10,2018-12-06,2653.0,7642440.0
PRJ-2018-041,Skanska USA,11,2018-12-07,2652.0,35676270.0
PRJ-2018-050,Skanska USA,10,2018-12-10,2649.0,2002770.0
PRJ-2018-033,Skanska USA,10,2018-12-12,2647.0,8282700.0
PRJ-2018-048,DPR Construction,11,2018-12-15,2644.0,3498660.0
PRJ-2018-017,DPR Construction,10,2018-12-21,2638.0,16789860.0
PRJ-2018-004,JE Dunn,10,2018-12-22,2637.0,6801840.0
PRJ-2018-025,Skanska USA,12,2018-12-24,2635.0,9756540.0
PRJ-2018-028,Skanska USA,12,2018-12-29,2630.0,9172800.0
PRJ-2018-029,JE Dunn,11,2019-01-03,2625.0,6037830.0
PRJ-2018-062,Turner Construction,12,2019-01-04,2624.0,10957140.0
PRJ-2018-063,Mortenson,10,2019-01-06,2622.0,4519080.0
PRJ-2018-039,Skanska USA,11,2019-01-07,2621.0,3556890.0
PRJ-2018-008,Skanska USA,11,2019-01-12,2616.0,3200670.0
PRJ-2018-034,DPR Construction,10,2019-01-15,2613.0,7604550.0
PRJ-2018-042,JE Dunn,12,2019-01-17,2611.0,13857480.0
PRJ-2018-020,Mortenson,12,2019-01-18,2610.0,5130990.0
PRJ-2018-013,DPR Construction,13,2019-01-27,2601.0,3157830.0
PRJ-2018-003,Turner Construction,13,2019-02-01,2596.0,9527310.0
PRJ-2018-080,Turner Construction,12,2019-02-01,2596.0,16754490.0
PRJ-2018-062,Turner Construction,13,2019-02-03,2594.0,11767410.0
PRJ-2018-015,Skanska USA,12,2019-02-07,2590.0,14738220.0
PRJ-2018-018,Turner Construction,12,2019-02-07,2590.0,6172200.0
PRJ-2018-050,Skanska USA,12,2019-02-08,2589.0,2369970.0
PRJ-2018-026,Turner Construction,12,2019-02-14,2583.0,3594600.0
PRJ-2018-031,Skanska USA,13,2019-02-16,2581.0,27217890.0
PRJ-2018-016,JE Dunn,12,2019-02-17,2580.0,13263120.0
PRJ-2018-021,JE Dunn,12,2019-02-18,2579.0,27775170.0
PRJ-2018-007,Turner Construction,11,2019-02-19,2578.0,16591590.0
PRJ-2018-076,Turner Construction,13,2019-02-22,2575.0,10999080.0
PRJ-2018-027,Turner Construction,12,2019-02-22,2575.0,7865370.0
PRJ-2018-013,DPR Construction,14,2019-02-26,2571.0,3361590.0
PRJ-2019-111,Skanska USA,2,2019-02-27,2570.0,754740.0
PRJ-2019-150,JE Dunn,2,2019-02-28,2569.0,1785690.0
PRJ-2018-080,Turner Construction,13,2019-03-03,2566.0,17951310.0
PRJ-2018-062,Turner Construction,14,2019-03-05,2564.0,12621150.0
PRJ-2018-057,Mortenson,13,2019-03-06,2563.0,9765270.0
PRJ-2019-112,Turner Construction,2,2019-03-07,2562.0,1095210.0
PRJ-2019-083,JE Dunn,2,2019-03-07,2562.0,579960.0
PRJ-2018-012,DPR Construction,13,2019-03-08,2561.0,7301070.0
PRJ-2018-009,Mortenson,12,2019-03-08,2561.0,12994020.0
PRJ-2018-015,Skanska USA,13,2019-03-09,2560.0,15847740.0
PRJ-2019-156,Mortenson,2,2019-03-10,2559.0,3858480.0
PRJ-2019-135,JE Dunn,2,2019-03-10,2559.0,1821780.0
PRJ-2019-113,Turner Construction,2,2019-03-11,2558.0,169290.0
PRJ-2018-036,Mortenson,13,2019-03-12,2557.0,26117730.0
PRJ-2018-064,DPR Construction,14,2019-03-12,2557.0,9403020.0
PRJ-2018-049,Skanska USA,14,2019-03-13,2556.0,3679380.0
PRJ-2018-016,JE Dunn,13,2019-03-19,2550.0,14255190.0
PRJ-2018-052,Skanska USA,13,2019-03-23,2546.0,2491290.0
PRJ-2018-043,Skanska USA,13,2019-03-26,2543.0,5704200.0
PRJ-2019-140,DPR Construction,2,2019-03-26,2543.0,732870.0
PRJ-2019-093,JE Dunn,2,2019-03-27,2542.0,1182960.0
PRJ-2018-075,Skanska USA,14,2019-03-28,2541.0,7171470.0
PRJ-2019-123,JE Dunn,2,2019-03-29,2540.0,819810.0
PRJ-2018-070,JE Dunn,13,2019-03-29,2540.0,12206340.0
PRJ-2019-124,DPR Construction,2,2019-03-30,2539.0,736830.0
PRJ-2018-022,Turner Construction,13,2019-03-31,2538.0,28548450.0
PRJ-2019-096,JE Dunn,3,2019-04-05,2533.0,2535030.0
PRJ-2019-112,Turner Construction,3,2019-04-06,2532.0,2466360.0
PRJ-2018-063,Mortenson,13,2019-04-06,2532.0,5014260.0
PRJ-2019-153,DPR Construction,2,2019-04-06,2532.0,342360.0
PRJ-2018-030,Skanska USA,14,2019-04-07,2531.0,13396950.0
PRJ-2019-113,Turner Construction,3,2019-04-10,2528.0,352620.0
PRJ-2018-064,DPR Construction,15,2019-04-11,2527.0,9950220.0
PRJ-2018-077,Turner Construction,14,2019-04-13,2525.0,4380480.0
PRJ-2019-151,JE Dunn,3,2019-04-18,2520.0,4293450.0
PRJ-2018-045,Skanska USA,14,2019-04-19,2519.0,3287880.0
PRJ-2018-019,Mortenson,13,2019-04-21,2517.0,10188000.0
PRJ-2019-127,JE Dunn,2,2019-04-21,2517.0,1699650.0
PRJ-2018-024,JE Dunn,14,2019-04-23,2515.0,18003060.0
PRJ-2018-054,DPR Construction,14,2019-04-23,2515.0,10954620.0
PRJ-2018-061,Mortenson,15,2019-04-23,2515.0,31850640.0
PRJ-2018-070,JE Dunn,14,2019-04-28,2510.0,12489930.0
PRJ-2018-055,JE Dunn,15,2019-04-30,2508.0,3881700.0
PRJ-2019-089,Mortenson,3,2019-05-02,2506.0,2623770.0
PRJ-2018-040,DPR Construction,14,2019-05-03,2505.0,15880050.0
PRJ-2019-154,DPR Construction,4,2019-05-04,2504.0,1193400.0
PRJ-2018-057,Mortenson,15,2019-05-05,2503.0,11035440.0
PRJ-2019-112,Turner Construction,4,2019-05-06,2502.0,3313710.0
PRJ-2019-114,JE Dunn,3,2019-05-06,2502.0,3659940.0
PRJ-2019-153,DPR Construction,3,2019-05-06,2502.0,750600.0
PRJ-2018-030,Skanska USA,15,2019-05-07,2501.0,13418820.0
PRJ-2018-018,Turner Construction,15,2019-05-08,2500.0,7507260.0
PRJ-2019-087,Skanska USA,2,2019-05-11,2497.0,1130940.0
PRJ-2018-064,DPR Construction,16,2019-05-11,2497.0,10533960.0
PRJ-2018-053,Mortenson,14,2019-05-11,2497.0,2994030.0
PRJ-2018-008,Skanska USA,15,2019-05-12,2496.0,4252950.0
PRJ-2019-099,Mortenson,3,2019-05-13,2495.0,2679120.0
PRJ-2018-026,Turner Construction,15,2019-05-15,2493.0,4365270.0
PRJ-2019-110,DPR Construction,3,2019-05-16,2492.0,1013040.0
PRJ-2019-103,Mortenson,3,2019-05-16,2492.0,749430.0
PRJ-2018-078,JE Dunn,16,2019-05-16,2492.0,7170210.0
PRJ-2019-151,JE Dunn,4,2019-05-18,2490.0,6948900.0
PRJ-2018-045,Skanska USA,15,2019-05-19,2489.0,3482640.0
PRJ-2019-144,DPR Construction,3,2019-05-21,2487.0,1669320.0
PRJ-2018-025,Skanska USA,17,2019-05-23,2485.0,13350870.0
PRJ-2019-120,DPR Construction,2,2019-05-25,2483.0,433260.0
PRJ-2019-138,Turner Construction,4,2019-05-26,2482.0,2372580.0
PRJ-2019-093,JE Dunn,4,2019-05-26,2482.0,3368520.0
PRJ-2019-119,JE Dunn,4,2019-05-30,2478.0,5007690.0
PRJ-2019-142,JE Dunn,3,2019-06-02,2475.0,7183620.0
PRJ-2019-154,DPR Construction,5,2019-06-03,2474.0,1600110.0
PRJ-2019-153,DPR Construction,4,2019-06-05,2472.0,1172520.0
PRJ-2019-125,DPR Construction,5,2019-06-05,2472.0,3582900.0
PRJ-2018-012,DPR Construction,16,2019-06-06,2471.0,7927650.0
PRJ-2018-018,Turner Construction,16,2019-06-07,2470.0,7919730.0
PRJ-2019-098,Turner Construction,5,2019-06-07,2470.0,2024460.0
PRJ-2019-132,Turner Construction,4,2019-06-10,2467.0,1206000.0
PRJ-2019-143,JE Dunn,4,2019-06-10,2467.0,807570.0
PRJ-2018-034,DPR Construction,15,2019-06-14,2463.0,10881630.0
PRJ-2019-084,Turner Construction,4,2019-06-14,2463.0,2055600.0
PRJ-2019-158,DPR Construction,3,2019-06-16,2461.0,1194480.0
PRJ-2018-031,Skanska USA,17,2019-06-16,2461.0,34367490.0
PRJ-2019-151,JE Dunn,5,2019-06-17,2460.0,8501400.0
PRJ-2018-056,Skanska USA,15,2019-06-18,2459.0,30160080.0
PRJ-2019-081,Turner Construction,4,2019-06-20,2457.0,9381330.0
PRJ-2019-152,Mortenson,3,2019-06-22,2455.0,387630.0
PRJ-2018-054,DPR Construction,16,2019-06-22,2455.0,12370320.0
PRJ-2018-076,Turner Construction,17,2019-06-22,2455.0,13807710.0
PRJ-2019-141,Turner Construction,4,2019-06-23,2454.0,9071280.0
PRJ-2019-159,JE Dunn,5,2019-06-25,2452.0,5733360.0
PRJ-2019-121,DPR Construction,4,2019-06-26,2451.0,7993620.0
PRJ-2019-111,Skanska USA,6,2019-06-27,2450.0,3699630.0
PRJ-2018-002,JE Dunn,18,2019-07-01,2446.0,25619940.0
PRJ-2019-089,Mortenson,5,2019-07-01,2446.0,4554810.0
PRJ-2019-154,DPR Construction,6,2019-07-03,2444.0,1856430.0
PRJ-2019-153,DPR Construction,5,2019-07-05,2442.0,1445940.0
PRJ-2019-117,Turner Construction,5,2019-07-05,2442.0,10456290.0
PRJ-2018-039,Skanska USA,17,2019-07-06,2441.0,4719690.0
PRJ-2018-012,DPR Construction,17,2019-07-06,2441.0,8083440.0
PRJ-2018-018,Turner Construction,17,2019-07-07,2440.0,8348490.0
PRJ-2019-148,JE Dunn,6,2019-07-08,2439.0,2837340.0
PRJ-2019-132,Turner Construction,5,2019-07-10,2437.0,1475550.0
PRJ-2019-087,Skanska USA,4,2019-07-10,2437.0,3893400.0
PRJ-2019-139,Turner Construction,4,2019-07-12,2435.0,2400210.0
PRJ-2019-099,Mortenson,5,2019-07-12,2435.0,4445640.0
PRJ-2018-048,DPR Construction,18,2019-07-13,2434.0,5177700.0
PRJ-2018-034,DPR Construction,16,2019-07-14,2433.0,11540340.0
PRJ-2018-026,Turner Construction,17,2019-07-14,2433.0,4857570.0
PRJ-2018-023,DPR Construction,18,2019-07-16,2431.0,7561710.0
PRJ-2018-021,JE Dunn,17,2019-07-18,2429.0,37941300.0
PRJ-2018-037,JE Dunn,17,2019-07-18,2429.0,21766320.0
PRJ-2019-160,JE Dunn,5,2019-07-21,2426.0,2284290.0
PRJ-2018-061,Mortenson,18,2019-07-22,2425.0,32720850.0
PRJ-2018-025,Skanska USA,19,2019-07-22,2425.0,14660010.0
PRJ-2019-086,Turner Construction,5,2019-07-26,2421.0,5766210.0
PRJ-2019-123,JE Dunn,6,2019-07-27,2420.0,3860550.0
PRJ-2019-142,JE Dunn,5,2019-08-01,2415.0,12360690.0
PRJ-2018-062,Turner Construction,19,2019-08-02,2414.0,15512760.0
PRJ-2019-136,Skanska USA,7,2019-08-03,2413.0,5561460.0
PRJ-2018-057,Mortenson,18,2019-08-03,2413.0,12294450.0
PRJ-2019-083,JE Dunn,7,2019-08-04,2412.0,3357450.0
PRJ-2019-114,JE Dunn,6,2019-08-04,2412.0,7938900.0
PRJ-2019-118,JE Dunn,5,2019-08-04,2412.0,1675620.0
PRJ-2019-134,JE Dunn,6,2019-08-07,2409.0,2536470.0
PRJ-2018-008,Skanska USA,18,2019-08-10,2406.0,4948920.0
PRJ-2019-157,Mortenson,7,2019-08-10,2406.0,3272130.0
PRJ-2019-099,Mortenson,6,2019-08-11,2405.0,5318820.0
PRJ-2018-048,DPR Construction,19,2019-08-12,2404.0,5259960.0
PRJ-2019-082,JE Dunn,5,2019-08-13,2403.0,10766340.0
PRJ-2019-110,DPR Construction,6,2019-08-14,2402.0,2059020.0
PRJ-2018-020,Mortenson,19,2019-08-16,2400.0,7092720.0
PRJ-2019-151,JE Dunn,7,2019-08-16,2400.0,11361600.0
PRJ-2019-085,JE Dunn,5,2019-08-18,2398.0,2218590.0
PRJ-2019-122,Mortenson,6,2019-08-20,2396.0,1618830.0
PRJ-2019-133,Turner Construction,5,2019-08-22,2394.0,3799800.0
PRJ-2018-043,Skanska USA,18,2019-08-23,2393.0,6610230.0
PRJ-2019-131,JE Dunn,7,2019-08-24,2392.0,16489620.0
PRJ-2019-091,JE Dunn,6,2019-08-25,2391.0,16633980.0
PRJ-2019-111,Skanska USA,8,2019-08-26,2390.0,4829400.0
PRJ-2019-089,Mortenson,7,2019-08-30,2386.0,6252300.0
PRJ-2019-118,JE Dunn,6,2019-09-03,2382.0,1992960.0
PRJ-2019-113,Turner Construction,8,2019-09-07,2378.0,1180260.0
PRJ-2019-106,Skanska USA,8,2019-09-07,2378.0,35378280.0
PRJ-2019-087,Skanska USA,6,2019-09-08,2377.0,6375960.0
PRJ-2019-143,JE Dunn,7,2019-09-08,2377.0,1349280.0
PRJ-2018-048,DPR Construction,20,2019-09-11,2374.0,5346360.0
PRJ-2019-084,Turner Construction,7,2019-09-12,2373.0,3460050.0
PRJ-2018-020,Mortenson,20,2019-09-15,2370.0,7208190.0
PRJ-2019-081,Turner Construction,7,2019-09-18,2367.0,16879140.0
PRJ-2018-019,Mortenson,18,2019-09-18,2367.0,13638510.0
PRJ-2018-076,Turner Construction,20,2019-09-20,2365.0,14283000.0
PRJ-2019-152,Mortenson,6,2019-09-20,2365.0,841500.0
PRJ-2019-095,DPR Construction,6,2019-09-23,2362.0,3135690.0
PRJ-2019-083,JE Dunn,9,2019-10-03,2352.0,4224690.0
PRJ-2019-117,Turner Construction,8,2019-10-03,2352.0,16607160.0
PRJ-2018-018,Turner Construction,20,2019-10-05,2350.0,8645940.0
PRJ-2019-135,JE Dunn,9,2019-10-06,2349.0,11944530.0
PRJ-2019-106,Skanska USA,9,2019-10-07,2348.0,39276000.0
PRJ-2018-008,Skanska USA,20,2019-10-09,2346.0,5414940.0
PRJ-2019-151,JE Dunn,9,2019-10-15,2340.0,14219550.0
PRJ-2018-016,JE Dunn,20,2019-10-15,2340.0,18129240.0
PRJ-2019-127,JE Dunn,8,2019-10-18,2337.0,9399060.0
PRJ-2019-128,JE Dunn,9,2019-10-18,2337.0,1556550.0
PRJ-2019-122,Mortenson,8,2019-10-19,2336.0,2136870.0
PRJ-2018-025,Skanska USA,22,2019-10-20,2335.0,16540470.0
PRJ-2019-152,Mortenson,7,2019-10-20,2335.0,972540.0
PRJ-2019-092,Turner Construction,7,2019-10-21,2334.0,6995970.0
PRJ-2019-100,Skanska USA,7,2019-10-21,2334.0,3574710.0
PRJ-2019-138,Turner Construction,9,2019-10-23,2332.0,5179050.0
PRJ-2019-155,Skanska USA,8,2019-10-26,2329.0,3464280.0
PRJ-2019-109,Turner Construction,8,2019-10-26,2329.0,7302240.0
PRJ-2019-153,DPR Construction,9,2019-11-02,2322.0,2458890.0
PRJ-2019-146,JE Dunn,9,2019-11-02,2322.0,6723180.0
PRJ-2019-118,JE Dunn,8,2019-11-02,2322.0,2630520.0
PRJ-2019-107,DPR Construction,8,2019-11-03,2321.0,7352370.0
PRJ-2019-139,Turner Construction,8,2019-11-09,2315.0,4776390.0
PRJ-2019-110,DPR Construction,9,2019-11-12,2312.0,3028950.0
PRJ-2018-054,DPR Construction,21,2019-11-19,2305.0,15579000.0
PRJ-2019-138,Turner Construction,10,2019-11-22,2302.0,5684400.0
PRJ-2019-131,JE Dunn,10,2019-11-22,2302.0,22757130.0
PRJ-2019-102,DPR Construction,10,2019-11-23,2301.0,19623960.0
PRJ-2019-121,DPR Construction,9,2019-11-23,2301.0,18212580.0
PRJ-2019-123,JE Dunn,10,2019-11-24,2300.0,6246270.0
PRJ-2019-119,JE Dunn,10,2019-11-26,2298.0,11414250.0
PRJ-2019-137,JE Dunn,9,2019-11-28,2296.0,14970960.0
PRJ-2019-136,Skanska USA,11,2019-12-01,2293.0,7380450.0
PRJ-2019-153,DPR Construction,10,2019-12-02,2292.0,2713230.0
PRJ-2019-088,JE Dunn,11,2019-12-05,2289.0,6695370.0
PRJ-2019-135,JE Dunn,11,2019-12-05,2289.0,14239620.0
PRJ-2019-082,JE Dunn,9,2019-12-11,2283.0,17796240.0
PRJ-2018-034,DPR Construction,21,2019-12-11,2283.0,14564160.0
PRJ-2019-110,DPR Construction,10,2019-12-12,2282.0,3338910.0
PRJ-2018-021,JE Dunn,22,2019-12-15,2279.0,46995300.0
PRJ-2019-144,DPR Construction,10,2019-12-17,2277.0,5611410.0
PRJ-2019-160,JE Dunn,10,2019-12-18,2276.0,4362660.0
PRJ-2019-092,Turner Construction,9,2019-12-20,2274.0,8906580.0
PRJ-2019-141,Turner Construction,10,2019-12-20,2274.0,20688840.0
PRJ-2019-115,JE Dunn,10,2019-12-21,2273.0,17473410.0
PRJ-2019-120,DPR Construction,9,2019-12-21,2273.0,3290760.0
PRJ-2019-093,JE Dunn,11,2019-12-22,2272.0,8899560.0
PRJ-2019-145,Skanska USA,12,2019-12-22,2272.0,3861540.0
PRJ-2019-111,Skanska USA,12,2019-12-24,2270.0,7003620.0
PRJ-2019-123,JE Dunn,11,2019-12-24,2270.0,6835500.0
PRJ-2019-101,Turner Construction,10,2019-12-27,2267.0,37286280.0
PRJ-2019-089,Mortenson,11,2019-12-28,2266.0,9518220.0
PRJ-2019-146,JE Dunn,11,2020-01-01,2262.0,7105500.0
PRJ-2019-118,JE Dunn,10,2020-01-01,2262.0,3247920.0
PRJ-2019-103,Mortenson,11,2020-01-11,2252.0,3089160.0
PRJ-2019-127,JE Dunn,11,2020-01-16,2247.0,11050200.0
PRJ-2019-130,Turner Construction,10,2020-01-17,2246.0,5134950.0
PRJ-2019-160,JE Dunn,11,2020-01-17,2246.0,4777830.0
PRJ-2019-152,Mortenson,10,2020-01-18,2245.0,1357380.0
PRJ-2019-100,Skanska USA,10,2020-01-19,2244.0,4984290.0
PRJ-2019-141,Turner Construction,11,2020-01-19,2244.0,22600620.0
PRJ-2019-120,DPR Construction,10,2020-01-20,2243.0,3605130.0
PRJ-2019-091,JE Dunn,11,2020-01-22,2241.0,29461860.0
PRJ-2019-123,JE Dunn,12,2020-01-23,2240.0,7354980.0
PRJ-2019-142,JE Dunn,11,2020-01-28,2235.0,24311160.0
PRJ-2019-157,Mortenson,13,2020-02-06,2226.0,5777460.0
PRJ-2018-008,Skanska USA,24,2020-02-06,2226.0,5550840.0
PRJ-2019-139,Turner Construction,11,2020-02-07,2225.0,6413670.0
PRJ-2019-126,DPR Construction,12,2020-02-10,2222.0,26901900.0
PRJ-2019-103,Mortenson,12,2020-02-10,2222.0,3343680.0
PRJ-2019-151,JE Dunn,13,2020-02-12,2220.0,19972440.0
PRJ-2018-037,JE Dunn,24,2020-02-13,2219.0,29138490.0
PRJ-2019-128,JE Dunn,13,2020-02-15,2217.0,2191410.0
PRJ-2019-144,DPR Construction,12,2020-02-15,2217.0,6613380.0
PRJ-2018-019,Mortenson,23,2020-02-15,2217.0,16725150.0
PRJ-2019-115,JE Dunn,12,2020-02-19,2213.0,20506410.0
PRJ-2019-131,JE Dunn,13,2020-02-20,2212.0,28878480.0
PRJ-2019-095,DPR Construction,11,2020-02-20,2212.0,5263920.0
PRJ-2019-097,DPR Construction,14,2020-02-21,2211.0,7458660.0
PRJ-2019-111,Skanska USA,14,2020-02-22,2210.0,8031690.0
PRJ-2019-089,Mortenson,13,2020-02-26,2206.0,10998450.0
PRJ-2020-201,DPR Construction,2,2020-02-28,2204.0,3395520.0
PRJ-2019-083,JE Dunn,14,2020-03-01,2202.0,6342570.0
PRJ-2019-125,DPR Construction,14,2020-03-01,2202.0,8888310.0
PRJ-2020-212,JE Dunn,2,2020-03-02,2201.0,1728270.0
PRJ-2019-156,Mortenson,14,2020-03-04,2199.0,32963220.0
PRJ-2019-143,JE Dunn,13,2020-03-06,2197.0,2393370.0
PRJ-2019-149,JE Dunn,13,2020-03-07,2196.0,14559300.0
PRJ-2020-220,Skanska USA,2,2020-03-11,2192.0,1065960.0
PRJ-2019-103,Mortenson,13,2020-03-11,2192.0,3595320.0
PRJ-2019-158,DPR Construction,12,2020-03-12,2191.0,4616370.0
PRJ-2020-186,Turner Construction,2,2020-03-15,2188.0,2694150.0
PRJ-2018-019,Mortenson,24,2020-03-16,2187.0,17335890.0
PRJ-2018-027,Turner Construction,25,2020-03-18,2185.0,13036680.0
PRJ-2019-152,Mortenson,12,2020-03-18,2185.0,1611000.0
PRJ-2020-169,Skanska USA,2,2020-03-18,2185.0,1468710.0
PRJ-2019-108,JE Dunn,12,2020-03-19,2184.0,6489540.0
PRJ-2020-223,DPR Construction,2,2020-03-20,2183.0,836640.0
PRJ-2019-091,JE Dunn,13,2020-03-22,2181.0,32421510.0
PRJ-2019-111,Skanska USA,15,2020-03-23,2180.0,8511030.0
PRJ-2020-217,Skanska USA,2,2020-03-24,2179.0,477540.0
PRJ-2020-209,JE Dunn,2,2020-03-26,2177.0,962190.0
PRJ-2019-129,Mortenson,15,2020-03-26,2177.0,12840750.0
PRJ-2020-225,JE Dunn,2,2020-03-30,2173.0,363960.0
PRJ-2019-083,JE Dunn,15,2020-03-31,2172.0,6723810.0
PRJ-2020-202,DPR Construction,2,2020-03-31,2172.0,1378260.0
PRJ-2019-087,Skanska USA,13,2020-04-05,2167.0,12387870.0
PRJ-2020-230,DPR Construction,2,2020-04-08,2164.0,853830.0
PRJ-2019-082,JE Dunn,13,2020-04-09,2163.0,24687540.0
PRJ-2020-220,Skanska USA,3,2020-04-10,2162.0,2329920.0
PRJ-2019-126,DPR Construction,14,2020-04-10,2162.0,30929400.0
PRJ-2020-170,JE Dunn,2,2020-04-10,2162.0,1164600.0
PRJ-2020-192,DPR Construction,3,2020-04-11,2161.0,2714670.0
PRJ-2020-208,Turner Construction,3,2020-04-11,2161.0,1897920.0
PRJ-2019-158,DPR Construction,13,2020-04-11,2161.0,4955220.0
PRJ-2020-206,Skanska USA,2,2020-04-16,2156.0,1541610.0
PRJ-2020-162,Turner Construction,2,2020-04-21,2151.0,5620860.0
PRJ-2019-129,Mortenson,16,2020-04-25,2147.0,13083210.0
PRJ-2020-167,Turner Construction,4,2020-04-25,2147.0,2951640.0
PRJ-2020-211,JE Dunn,4,2020-04-27,2145.0,10531440.0
PRJ-2019-154,DPR Construction,16,2020-04-28,2144.0,4374180.0
PRJ-2020-221,DPR Construction,3,2020-04-29,2143.0,2092140.0
PRJ-2020-225,JE Dunn,3,2020-04-29,2143.0,823590.0
PRJ-2019-083,JE Dunn,16,2020-04-30,2142.0,7117020.0
PRJ-2020-202,DPR Construction,3,2020-04-30,2142.0,2810700.0
PRJ-2020-227,Mortenson,2,2020-05-01,2141.0,2376270.0
PRJ-2020-181,Skanska USA,2,2020-05-01,2141.0,2920320.0
PRJ-2019-098,Turner Construction,16,2020-05-02,2140.0,5809950.0
PRJ-2020-224,Skanska USA,2,2020-05-04,2138.0,1593180.0
PRJ-2020-219,Mortenson,3,2020-05-05,2137.0,4130280.0
PRJ-2019-143,JE Dunn,15,2020-05-05,2137.0,2707560.0
PRJ-2020-207,Mortenson,2,2020-05-07,2135.0,566190.0
PRJ-2020-237,Skanska USA,2,2020-05-09,2133.0,2649690.0
PRJ-2020-170,JE Dunn,3,2020-05-10,2132.0,1949040.0
PRJ-2019-151,JE Dunn,16,2020-05-12,2130.0,23868540.0
PRJ-2020-186,Turner Construction,4,2020-05-14,2128.0,8182260.0
PRJ-2020-203,DPR Construction,4,2020-05-15,2127.0,727470.0
PRJ-2020-182,JE Dunn,2,2020-05-16,2126.0,563670.0
PRJ-2020-169,Skanska USA,4,2020-05-17,2125.0,4035780.0
PRJ-2020-174,JE Dunn,2,2020-05-17,2125.0,481050.0
PRJ-2019-140,DPR Construction,16,2020-05-19,2123.0,8821620.0
PRJ-2020-166,Turner Construction,4,2020-05-20,2122.0,12607740.0
PRJ-2019-129,Mortenson,17,2020-05-25,2117.0,13336200.0
PRJ-2020-235,Skanska USA,4,2020-05-27,2115.0,3711870.0
PRJ-2020-211,JE Dunn,5,2020-05-27,2115.0,12997530.0
PRJ-2020-200,JE Dunn,5,2020-05-27,2115.0,1979370.0
PRJ-2020-191,DPR Construction,3,2020-05-29,2113.0,12811140.0
PRJ-2020-221,DPR Construction,4,2020-05-29,2113.0,3348720.0
PRJ-2020-176,Skanska USA,3,2020-05-30,2112.0,4857390.0
PRJ-2019-153,DPR Construction,16,2020-05-30,2112.0,4147920.0
PRJ-2020-226,Turner Construction,3,2020-05-30,2112.0,7692390.0
PRJ-2019-118,JE Dunn,15,2020-05-30,2112.0,4082580.0
PRJ-2020-196,Mortenson,5,2020-06-01,2110.0,9772380.0
PRJ-2020-234,DPR Construction,5,2020-06-02,2109.0,7546950.0
PRJ-2020-187,DPR Construction,4,2020-06-02,2109.0,2798190.0
PRJ-2019-113,Turner Construction,17,2020-06-03,2108.0,2307420.0
PRJ-2020-240,JE Dunn,3,2020-06-03,2108.0,1396800.0
PRJ-2020-197,JE Dunn,4,2020-06-05,2106.0,935190.0
PRJ-2019-147,Skanska USA,15,2020-06-07,2104.0,15669000.0
PRJ-2020-179,DPR Construction,3,2020-06-07,2104.0,2410830.0
PRJ-2020-232,JE Dunn,3,2020-06-07,2104.0,1216800.0
PRJ-2019-103,Mortenson,16,2020-06-09,2102.0,4342410.0
PRJ-2020-208,Turner Construction,5,2020-06-10,2101.0,3734370.0
PRJ-2020-204,Turner Construction,4,2020-06-11,2100.0,6888060.0
PRJ-2020-168,JE Dunn,5,2020-06-15,2096.0,4931550.0
PRJ-2020-206,Skanska USA,4,2020-06-15,2096.0,5138100.0
PRJ-2018-054,DPR Construction,28,2020-06-16,2095.0,17420040.0
PRJ-2020-172,DPR Construction,3,2020-06-16,2095.0,773910.0
PRJ-2019-108,JE Dunn,15,2020-06-17,2094.0,7950150.0
PRJ-2020-185,DPR Construction,3,2020-06-17,2094.0,590850.0
PRJ-2019-131,JE Dunn,17,2020-06-19,2092.0,36280170.0
PRJ-2020-189,DPR Construction,4,2020-06-22,2089.0,4776570.0
PRJ-2020-190,Skanska USA,6,2020-06-26,2085.0,3149370.0
PRJ-2020-235,Skanska USA,5,2020-06-26,2085.0,4691070.0
PRJ-2019-154,DPR Construction,18,2020-06-27,2084.0,4822470.0
PRJ-2020-236,Turner Construction,6,2020-07-01,2080.0,6948270.0
PRJ-2019-148,JE Dunn,18,2020-07-02,2079.0,6746940.0
PRJ-2020-234,DPR Construction,6,2020-07-02,2079.0,9036810.0
PRJ-2020-187,DPR Construction,5,2020-07-02,2079.0,3461130.0
PRJ-2020-240,JE Dunn,4,2020-07-03,2078.0,2140740.0
PRJ-2020-218,JE Dunn,4,2020-07-04,2077.0,2531520.0
PRJ-2019-087,Skanska USA,16,2020-07-04,2077.0,14956470.0
PRJ-2019-103,Mortenson,17,2020-07-09,2072.0,4568580.0
PRJ-2020-204,Turner Construction,5,2020-07-11,2070.0,8514720.0
PRJ-2020-180,Mortenson,6,2020-07-13,2068.0,2617110.0
PRJ-2018-019,Mortenson,28,2020-07-14,2067.0,17652690.0
PRJ-2019-081,Turner Construction,17,2020-07-14,2067.0,36601920.0
PRJ-2020-168,JE Dunn,6,2020-07-15,2066.0,5889420.0
PRJ-2020-198,JE Dunn,4,2020-07-15,2066.0,3178440.0
PRJ-2019-108,JE Dunn,16,2020-07-17,2064.0,8381700.0
PRJ-2020-223,DPR Construction,6,2020-07-18,2063.0,3674160.0
PRJ-2019-159,JE Dunn,18,2020-07-19,2062.0,16286040.0
PRJ-2020-233,Skanska USA,6,2020-07-19,2062.0,1734390.0
PRJ-2019-150,JE Dunn,19,2020-07-22,2059.0,22935330.0
PRJ-2019-155,Skanska USA,17,2020-07-22,2059.0,6772770.0
PRJ-2020-211,JE Dunn,7,2020-07-26,2055.0,17783910.0
PRJ-2020-200,JE Dunn,7,2020-07-26,2055.0,2773980.0
PRJ-2020-161,JE Dunn,6,2020-07-26,2055.0,17850150.0
PRJ-2020-171,Skanska USA,6,2020-07-27,2054.0,4799790.0
PRJ-2020-194,JE Dunn,6,2020-07-27,2054.0,11171430.0
PRJ-2020-164,Turner Construction,6,2020-07-27,2054.0,2749410.0
PRJ-2020-225,JE Dunn,6,2020-07-28,2053.0,1801980.0
PRJ-2020-226,Turner Construction,5,2020-07-29,2052.0,14994630.0
PRJ-2019-125,DPR Construction,19,2020-07-29,2052.0,11593710.0
PRJ-2019-114,JE Dunn,18,2020-07-29,2052.0,19291590.0
PRJ-2020-227,Mortenson,5,2020-07-30,2051.0,9262890.0
PRJ-2020-231,JE Dunn,7,2020-07-31,2050.0,4725270.0
PRJ-2020-240,JE Dunn,5,2020-08-02,2048.0,2623320.0
PRJ-2020-215,Skanska USA,5,2020-08-03,2047.0,7367580.0
PRJ-2020-218,JE Dunn,5,2020-08-03,2047.0,3077550.0
PRJ-2020-219,Mortenson,6,2020-08-03,2047.0,9383850.0
PRJ-2020-175,DPR Construction,7,2020-08-05,2045.0,10363950.0
PRJ-2020-238,Turner Construction,7,2020-08-07,2043.0,5221260.0
PRJ-2020-183,Turner Construction,6,2020-08-07,2043.0,3749580.0
PRJ-2020-214,JE Dunn,7,2020-08-07,2043.0,7589160.0
PRJ-2019-126,DPR Construction,18,2020-08-08,2042.0,36658980.0
PRJ-2020-182,JE Dunn,5,2020-08-14,2036.0,2288340.0
PRJ-2020-206,Skanska USA,6,2020-08-14,2036.0,7434810.0
PRJ-2020-188,Skanska USA,7,2020-08-15,2035.0,3237120.0
PRJ-2020-223,DPR Construction,7,2020-08-17,2033.0,4257630.0
PRJ-2020-233,Skanska USA,7,2020-08-18,2032.0,2009700.0
PRJ-2019-095,DPR Construction,17,2020-08-18,2032.0,7822710.0
PRJ-2020-178,DPR Construction,7,2020-08-22,2028.0,8425080.0
PRJ-2019-154,DPR Construction,20,2020-08-26,2024.0,5271300.0
PRJ-2020-201,DPR Construction,8,2020-08-26,2024.0,21557520.0
PRJ-2020-225,JE Dunn,7,2020-08-27,2023.0,2068650.0
PRJ-2020-231,JE Dunn,8,2020-08-30,2020.0,5341950.0
PRJ-2020-224,Skanska USA,6,2020-09-01,2018.0,7278210.0
PRJ-2020-175,DPR Construction,8,2020-09-04,2015.0,11788200.0
PRJ-2020-239,JE Dunn,7,2020-09-04,2015.0,12708630.0
PRJ-2020-230,DPR Construction,7,2020-09-05,2014.0,4259250.0
PRJ-2020-238,Turner Construction,8,2020-09-06,2013.0,5921640.0
PRJ-2019-126,DPR Construction,19,2020-09-07,2012.0,37232100.0
PRJ-2020-208,Turner Construction,8,2020-09-08,2011.0,5654520.0
PRJ-2020-180,Mortenson,8,2020-09-11,2008.0,3336930.0
PRJ-2020-203,DPR Construction,8,2020-09-12,2007.0,1528380.0
PRJ-2019-081,Turner Construction,19,2020-09-12,2007.0,40120560.0
PRJ-2020-168,JE Dunn,8,2020-09-13,2006.0,6828030.0
PRJ-2020-172,DPR Construction,6,2020-09-14,2005.0,1731510.0
PRJ-2019-138,Turner Construction,20,2020-09-17,2002.0,10465740.0
PRJ-2019-155,Skanska USA,19,2020-09-20,1999.0,6894360.0
PRJ-2019-150,JE Dunn,21,2020-09-20,1999.0,23681610.0
PRJ-2020-163,Mortenson,9,2020-09-22,1997.0,3070800.0
PRJ-2020-225,JE Dunn,8,2020-09-26,1993.0,2338470.0
PRJ-2020-176,Skanska USA,7,2020-09-27,1992.0,12268620.0
PRJ-2019-125,DPR Construction,21,2020-09-27,1992.0,12642930.0
PRJ-2019-153,DPR Construction,20,2020-09-27,1992.0,4421160.0
PRJ-2020-212,JE Dunn,9,2020-09-28,1991.0,13134240.0
PRJ-2020-199,Skanska USA,9,2020-09-30,1989.0,10073970.0
PRJ-2020-215,Skanska USA,7,2020-10-02,1987.0,9822150.0
PRJ-2020-173,Skanska USA,7,2020-10-02,1987.0,1628100.0
PRJ-2020-175,DPR Construction,9,2020-10-04,1985.0,13167180.0
PRJ-2020-237,Skanska USA,7,2020-10-06,1983.0,14599080.0
PRJ-2020-216,JE Dunn,8,2020-10-10,1979.0,23806620.0
PRJ-2019-081,Turner Construction,20,2020-10-12,1977.0,41869530.0
PRJ-2020-206,Skanska USA,8,2020-10-13,1976.0,9688410.0
PRJ-2020-182,JE Dunn,7,2020-10-13,1976.0,3070710.0
PRJ-2020-228,JE Dunn,9,2020-10-15,1974.0,4803210.0
PRJ-2020-184,Skanska USA,9,2020-10-17,1972.0,2271960.0
PRJ-2020-166,Turner Construction,9,2020-10-17,1972.0,26359740.0
PRJ-2019-121,DPR Construction,20,2020-10-18,1971.0,36610830.0
PRJ-2020-189,DPR Construction,8,2020-10-20,1969.0,9484380.0
PRJ-2020-235,Skanska USA,9,2020-10-24,1965.0,7831260.0
PRJ-2020-161,JE Dunn,9,2020-10-24,1965.0,25402950.0
PRJ-2020-225,JE Dunn,9,2020-10-26,1963.0,2610000.0
PRJ-2020-207,Mortenson,8,2020-11-03,1955.0,3026970.0
PRJ-2020-232,JE Dunn,8,2020-11-04,1954.0,3433410.0
PRJ-2020-179,DPR Construction,8,2020-11-04,1954.0,8042670.0
PRJ-2020-203,DPR Construction,10,2020-11-11,1947.0,1850310.0
PRJ-2020-188,Skanska USA,10,2020-11-13,1945.0,4497030.0
PRJ-2020-223,DPR Construction,10,2020-11-15,1943.0,5943510.0
PRJ-2019-155,Skanska USA,21,2020-11-19,1939.0,7112430.0
PRJ-2020-226,Turner Construction,9,2020-11-26,1932.0,25114590.0
PRJ-2019-113,Turner Construction,23,2020-11-30,1928.0,2949660.0
PRJ-2020-173,Skanska USA,9,2020-12-01,1927.0,2059470.0
PRJ-2019-087,Skanska USA,21,2020-12-01,1927.0,18986400.0
PRJ-2020-197,JE Dunn,10,2020-12-02,1926.0,2275110.0
PRJ-2020-175,DPR Construction,11,2020-12-03,1925.0,15904890.0
PRJ-2020-179,DPR Construction,9,2020-12-04,1924.0,8885340.0
PRJ-2020-214,JE Dunn,11,2020-12-05,1923.0,10652580.0
PRJ-2020-237,Skanska USA,9,2020-12-05,1923.0,18447930.0
PRJ-2019-103,Mortenson,22,2020-12-06,1922.0,5125140.0
PRJ-2020-186,Turner Construction,11,2020-12-10,1918.0,21168270.0
PRJ-2020-203,DPR Construction,11,2020-12-11,1917.0,2010330.0
PRJ-2020-172,DPR Construction,9,2020-12-13,1915.0,2491380.0
PRJ-2019-095,DPR Construction,21,2020-12-16,1912.0,9343440.0
PRJ-2020-177,Turner Construction,10,2020-12-16,1912.0,9675900.0
PRJ-2020-189,DPR Construction,10,2020-12-19,1909.0,11503530.0
PRJ-2020-167,Turner Construction,12,2020-12-21,1907.0,8242020.0
PRJ-2020-163,Mortenson,12,2020-12-21,1907.0,3980160.0
PRJ-2020-235,Skanska USA,11,2020-12-23,1905.0,9407340.0
PRJ-2020-201,DPR Construction,12,2020-12-24,1904.0,31445280.0
PRJ-2020-191,DPR Construction,10,2020-12-25,1903.0,40232340.0
PRJ-2020-181,Skanska USA,10,2020-12-27,1901.0,22481010.0
PRJ-2020-187,DPR Construction,11,2020-12-29,1899.0,7180470.0
PRJ-2020-199,Skanska USA,12,2020-12-29,1899.0,13126140.0
PRJ-2020-218,JE Dunn,10,2020-12-31,1897.0,5718060.0
PRJ-2020-214,JE Dunn,12,2021-01-04,1893.0,10944180.0
PRJ-2020-192,DPR Construction,12,2021-01-06,1891.0,11239920.0
PRJ-2020-188,Skanska USA,12,2021-01-12,1885.0,5343030.0
PRJ-2020-222,Skanska USA,11,2021-01-13,1884.0,5242320.0
PRJ-2020-213,Mortenson,13,2021-01-22,1875.0,2826360.0
PRJ-2020-235,Skanska USA,12,2021-01-22,1875.0,10167840.0
PRJ-2020-191,DPR Construction,11,2021-01-24,1873.0,41508000.0
PRJ-2020-226,Turner Construction,11,2021-01-25,1872.0,30207330.0
PRJ-2020-212,JE Dunn,13,2021-01-26,1871.0,18310140.0
PRJ-2020-173,Skanska USA,11,2021-01-30,1867.0,2487960.0
PRJ-2020-179,DPR Construction,11,2021-02-02,1864.0,10595700.0
PRJ-2019-082,JE Dunn,23,2021-02-03,1863.0,36278550.0
PRJ-2020-204,Turner Construction,12,2021-02-06,1860.0,19517670.0
PRJ-2020-182,JE Dunn,11,2021-02-10,1856.0,4642290.0
PRJ-2020-222,Skanska USA,12,2021-02-12,1854.0,5690700.0
PRJ-2020-185,DPR Construction,11,2021-02-12,1854.0,2283660.0
PRJ-2020-177,Turner Construction,12,2021-02-14,1852.0,10018530.0
PRJ-2019-102,DPR Construction,25,2021-02-15,1851.0,38268090.0
PRJ-2020-209,JE Dunn,13,2021-02-19,1847.0,9414810.0
PRJ-2020-235,Skanska USA,13,2021-02-21,1845.0,10961640.0
PRJ-2019-154,DPR Construction,26,2021-02-22,1844.0,5773860.0
PRJ-2020-201,DPR Construction,14,2021-02-22,1844.0,35800380.0
PRJ-2020-195,DPR Construction,12,2021-02-23,1843.0,11485620.0
PRJ-2021-248,JE Dunn,2,2021-02-25,1841.0,1082160.0
PRJ-2021-263,DPR Construction,2,2021-02-28,1838.0,1190430.0
PRJ-2020-224,Skanska USA,12,2021-02-28,1838.0,13778100.0
PRJ-2021-262,Skanska USA,2,2021-02-28,1838.0,2355390.0
PRJ-2021-290,Turner Construction,2,2021-03-02,1836.0,1584900.0
PRJ-2020-239,JE Dunn,13,2021-03-03,1835.0,21476070.0
PRJ-2020-179,DPR Construction,12,2021-03-04,1834.0,11452050.0
PRJ-2020-237,Skanska USA,12,2021-03-05,1833.0,24107040.0
PRJ-2020-192,DPR Construction,14,2021-03-07,1831.0,12864960.0
PRJ-2020-203,DPR Construction,14,2021-03-11,1827.0,2491380.0
PRJ-2020-188,Skanska USA,14,2021-03-13,1825.0,6117840.0
PRJ-2020-189,DPR Construction,13,2021-03-19,1819.0,14502780.0
PRJ-2020-167,Turner Construction,15,2021-03-21,1817.0,9432540.0
PRJ-2021-241,Mortenson,2,2021-03-22,1816.0,1493910.0
PRJ-2020-235,Skanska USA,14,2021-03-23,1815.0,11732940.0
PRJ-2021-265,Mortenson,2,2021-03-24,1814.0,490590.0
PRJ-2020-164,Turner Construction,14,2021-03-24,1814.0,6032790.0
PRJ-2021-248,JE Dunn,3,2021-03-27,1811.0,2427930.0
PRJ-2020-187,DPR Construction,14,2021-03-29,1809.0,8873280.0
PRJ-2021-244,Turner Construction,2,2021-03-30,1808.0,992700.0
PRJ-2020-219,Mortenson,14,2021-03-31,1807.0,20163780.0
PRJ-2020-239,JE Dunn,14,2021-04-02,1805.0,21987450.0
PRJ-2020-192,DPR Construction,15,2021-04-06,1801.0,13599990.0
PRJ-2020-216,JE Dunn,14,2021-04-08,1799.0,39739950.0
PRJ-2020-180,Mortenson,15,2021-04-09,1798.0,5866470.0
PRJ-2021-249,DPR Construction,2,2021-04-10,1797.0,1567170.0
PRJ-2021-306,Turner Construction,3,2021-04-11,1796.0,5722380.0
PRJ-2020-172,DPR Construction,13,2021-04-12,1795.0,3487410.0
PRJ-2021-281,JE Dunn,2,2021-04-13,1794.0,5079420.0
PRJ-2019-095,DPR Construction,25,2021-04-15,1792.0,9729180.0
PRJ-2019-121,DPR Construction,26,2021-04-16,1791.0,41727600.0
PRJ-2021-261,DPR Construction,2,2021-04-17,1790.0,3507660.0
PRJ-2020-209,JE Dunn,15,2021-04-20,1787.0,10635750.0
PRJ-2021-278,Skanska USA,3,2021-04-21,1786.0,1491930.0
PRJ-2021-296,Skanska USA,3,2021-04-23,1784.0,6095250.0
PRJ-2020-202,DPR Construction,15,2021-04-25,1782.0,16249320.0
PRJ-2021-259,Mortenson,2,2021-04-26,1781.0,864180.0
PRJ-2020-212,JE Dunn,16,2021-04-26,1781.0,22173570.0
PRJ-2021-243,Mortenson,3,2021-04-26,1781.0,590580.0
PRJ-2020-181,Skanska USA,14,2021-04-26,1781.0,30399840.0
PRJ-2020-231,JE Dunn,16,2021-04-27,1780.0,9989190.0
PRJ-2020-240,JE Dunn,14,2021-04-29,1778.0,6709050.0
PRJ-2021-255,Mortenson,2,2021-04-30,1777.0,1553670.0
PRJ-2020-173,Skanska USA,14,2021-04-30,1777.0,2899710.0
PRJ-2021-308,DPR Construction,4,2021-05-01,1776.0,2130210.0
PRJ-2021-252,Skanska USA,2,2021-05-03,1774.0,1835820.0
PRJ-2020-179,DPR Construction,14,2021-05-03,1774.0,13133070.0
PRJ-2021-285,Mortenson,2,2021-05-06,1771.0,535230.0
PRJ-2020-192,DPR Construction,16,2021-05-06,1771.0,14390550.0
PRJ-2020-208,Turner Construction,16,2021-05-06,1771.0,10642590.0
PRJ-2020-182,JE Dunn,14,2021-05-11,1766.0,5749740.0
PRJ-2020-206,Skanska USA,15,2021-05-11,1766.0,17081100.0
PRJ-2020-188,Skanska USA,16,2021-05-12,1765.0,6857010.0
PRJ-2021-304,Mortenson,2,2021-05-13,1764.0,504270.0
PRJ-2021-247,JE Dunn,3,2021-05-13,1764.0,4388310.0
PRJ-2021-276,JE Dunn,2,2021-05-13,1764.0,2551050.0
PRJ-2021-274,Turner Construction,2,2021-05-14,1763.0,1073610.0
PRJ-2021-245,Mortenson,4,2021-05-15,1762.0,3280770.0
PRJ-2021-268,Mortenson,2,2021-05-15,1762.0,348300.0
PRJ-2021-266,Skanska USA,2,2021-05-16,1761.0,1221390.0
PRJ-2021-316,DPR Construction,2,2021-05-16,1761.0,2264130.0
PRJ-2019-121,DPR Construction,27,2021-05-16,1761.0,42223140.0
PRJ-2021-273,Turner Construction,4,2021-05-17,1760.0,1256130.0
PRJ-2021-298,Turner Construction,4,2021-05-18,1759.0,2836440.0
PRJ-2021-309,Turner Construction,3,2021-05-19,1758.0,2408040.0
PRJ-2021-320,DPR Construction,4,2021-05-19,1758.0,3693870.0
PRJ-2020-209,JE Dunn,16,2021-05-20,1757.0,11213550.0
PRJ-2020-167,Turner Construction,17,2021-05-20,1757.0,9795960.0
PRJ-2021-303,Mortenson,4,2021-05-22,1755.0,1820340.0
PRJ-2020-211,JE Dunn,17,2021-05-22,1755.0,34990470.0
PRJ-2021-296,Skanska USA,4,2021-05-23,1754.0,9897300.0
PRJ-2021-267,JE Dunn,4,2021-05-23,1754.0,2322720.0
PRJ-2020-221,DPR Construction,16,2021-05-24,1753.0,11623050.0
PRJ-2020-226,Turner Construction,15,2021-05-25,1752.0,39799980.0
PRJ-2020-199,Skanska USA,17,2021-05-28,1749.0,15616980.0
PRJ-2021-269,DPR Construction,3,2021-05-28,1749.0,771390.0
PRJ-2020-240,JE Dunn,15,2021-05-29,1748.0,7114500.0
PRJ-2021-280,Turner Construction,5,2021-05-30,1747.0,4311810.0
PRJ-2020-173,Skanska USA,15,2021-05-30,1747.0,2960730.0
PRJ-2020-218,JE Dunn,15,2021-05-30,1747.0,8229330.0
PRJ-2020-179,DPR Construction,15,2021-06-02,1744.0,13975830.0
PRJ-2020-220,Skanska USA,17,2021-06-04,1742.0,13582350.0
PRJ-2021-283,Skanska USA,5,2021-06-05,1741.0,928260.0
PRJ-2020-180,Mortenson,17,2021-06-08,1738.0,6510510.0
PRJ-2021-249,DPR Construction,4,2021-06-09,1737.0,5343660.0
PRJ-2020-203,DPR Construction,17,2021-06-09,1737.0,2965860.0
PRJ-2021-257,DPR Construction,4,2021-06-12,1734.0,4179330.0
PRJ-2021-313,Mortenson,4,2021-06-14,1732.0,2159730.0
PRJ-2021-279,JE Dunn,4,2021-06-14,1732.0,1739970.0
PRJ-2021-261,DPR Construction,4,2021-06-16,1730.0,9280530.0
PRJ-2021-253,Turner Construction,3,2021-06-17,1729.0,1830780.0
PRJ-2021-297,DPR Construction,4,2021-06-18,1728.0,10711080.0
PRJ-2021-241,Mortenson,5,2021-06-20,1726.0,6284340.0
PRJ-2020-164,Turner Construction,17,2021-06-22,1724.0,6276870.0
PRJ-2020-201,DPR Construction,18,2021-06-22,1724.0,39107970.0
PRJ-2021-307,Turner Construction,3,2021-06-25,1721.0,5599800.0
PRJ-2021-251,Skanska USA,6,2021-06-25,1721.0,12190590.0
PRJ-2021-259,Mortenson,4,2021-06-25,1721.0,2945250.0
PRJ-2021-293,Turner Construction,5,2021-06-27,1719.0,2539080.0
PRJ-2021-280,Turner Construction,6,2021-06-29,1717.0,5042160.0
PRJ-2020-173,Skanska USA,16,2021-06-29,1717.0,3023280.0
PRJ-2021-277,Turner Construction,5,2021-07-01,1715.0,6536880.0
PRJ-2021-258,Turner Construction,5,2021-07-03,1713.0,2648970.0
PRJ-2020-220,Skanska USA,18,2021-07-04,1712.0,14274720.0
PRJ-2021-319,Mortenson,6,2021-07-06,1710.0,3366810.0
PRJ-2021-286,JE Dunn,6,2021-07-06,1710.0,11951910.0
PRJ-2020-174,JE Dunn,16,2021-07-11,1705.0,5785830.0
PRJ-2020-188,Skanska USA,18,2021-07-11,1705.0,6873660.0
PRJ-2021-281,JE Dunn,5,2021-07-12,1704.0,17977140.0
PRJ-2020-185,DPR Construction,16,2021-07-12,1704.0,3186090.0
PRJ-2021-304,Mortenson,4,2021-07-12,1704.0,1515150.0
PRJ-2021-257,DPR Construction,5,2021-07-12,1704.0,5589090.0
PRJ-2021-247,JE Dunn,5,2021-07-12,1704.0,7434990.0
PRJ-2021-260,Mortenson,4,2021-07-13,1703.0,461970.0
PRJ-2021-264,Turner Construction,4,2021-07-15,1701.0,3276540.0
PRJ-2021-320,DPR Construction,6,2021-07-18,1698.0,6083460.0
PRJ-2020-209,JE Dunn,18,2021-07-19,1697.0,11865960.0
PRJ-2021-267,JE Dunn,6,2021-07-22,1694.0,3493980.0
PRJ-2020-226,Turner Construction,17,2021-07-24,1692.0,44276220.0
PRJ-2021-305,Skanska USA,5,2021-07-24,1692.0,2222640.0
PRJ-2020-202,DPR Construction,18,2021-07-24,1692.0,19140660.0
PRJ-2021-294,Mortenson,5,2021-07-26,1690.0,1983780.0
PRJ-2020-193,JE Dunn,17,2021-07-27,1689.0,9979110.0
PRJ-2021-242,Turner Construction,6,2021-07-31,1685.0,5141880.0
PRJ-2021-252,Skanska USA,5,2021-08-01,1684.0,6641190.0
PRJ-2020-237,Skanska USA,17,2021-08-02,1683.0,29559150.0
PRJ-2021-258,Turner Construction,6,2021-08-02,1683.0,3155850.0
PRJ-2021-314,DPR Construction,7,2021-08-04,1681.0,3248460.0
PRJ-2021-318,Mortenson,5,2021-08-06,1679.0,762930.0
PRJ-2020-216,JE Dunn,18,2021-08-06,1679.0,44644590.0
PRJ-2021-301,Turner Construction,7,2021-08-07,1678.0,4676400.0
PRJ-2021-247,JE Dunn,6,2021-08-11,1674.0,8903070.0
PRJ-2021-313,Mortenson,6,2021-08-13,1672.0,3243330.0
PRJ-2021-264,Turner Construction,5,2021-08-14,1671.0,4625460.0
PRJ-2021-309,Turner Construction,6,2021-08-17,1668.0,6228360.0
PRJ-2021-272,Mortenson,5,2021-08-19,1666.0,1852290.0
PRJ-2020-235,Skanska USA,19,2021-08-20,1665.0,15283080.0
PRJ-2021-284,Turner Construction,6,2021-08-21,1664.0,2701980.0
PRJ-2021-267,JE Dunn,7,2021-08-21,1664.0,3983760.0
PRJ-2020-225,JE Dunn,19,2021-08-22,1663.0,4483530.0
PRJ-2020-202,DPR Construction,19,2021-08-23,1662.0,20030760.0
PRJ-2020-176,Skanska USA,18,2021-08-23,1662.0,26099910.0
PRJ-2020-226,Turner Construction,18,2021-08-23,1662.0,44468550.0
PRJ-2021-315,Skanska USA,5,2021-08-23,1662.0,1211040.0
PRJ-2021-243,Mortenson,7,2021-08-24,1661.0,1521450.0
PRJ-2021-248,JE Dunn,8,2021-08-24,1661.0,6341130.0
PRJ-2021-251,Skanska USA,8,2021-08-24,1661.0,15636510.0
PRJ-2021-269,DPR Construction,6,2021-08-26,1659.0,1838340.0
PRJ-2021-282,Skanska USA,6,2021-08-26,1659.0,6890040.0
PRJ-2020-218,JE Dunn,18,2021-08-28,1657.0,9199440.0
PRJ-2020-232,JE Dunn,18,2021-08-31,1654.0,6423390.0
PRJ-2020-179,DPR Construction,18,2021-08-31,1654.0,16432740.0
PRJ-2021-256,Mortenson,6,2021-09-03,1651.0,11283930.0
PRJ-2021-286,JE Dunn,8,2021-09-04,1650.0,15540660.0
PRJ-2020-180,Mortenson,20,2021-09-06,1648.0,7454430.0
PRJ-2020-203,DPR Construction,20,2021-09-07,1647.0,3411090.0
PRJ-2020-174,JE Dunn,18,2021-09-09,1645.0,6395760.0
PRJ-2020-222,Skanska USA,19,2021-09-10,1644.0,8487810.0
PRJ-2021-260,Mortenson,6,2021-09-11,1643.0,730350.0
PRJ-2021-291,JE Dunn,7,2021-09-12,1642.0,10830780.0
PRJ-2021-246,DPR Construction,6,2021-09-14,1640.0,2874240.0
PRJ-2021-253,Turner Construction,6,2021-09-15,1639.0,4462830.0
PRJ-2020-189,DPR Construction,19,2021-09-15,1639.0,20217510.0
PRJ-2021-278,Skanska USA,8,2021-09-18,1636.0,3988710.0
PRJ-2021-287,Mortenson,7,2021-09-21,1633.0,6180480.0
PRJ-2020-195,DPR Construction,19,2021-09-21,1633.0,14980320.0
PRJ-2020-226,Turner Construction,19,2021-09-22,1632.0,45161730.0
PRJ-2021-312,JE Dunn,9,2021-09-23,1631.0,6770160.0
PRJ-2021-294,Mortenson,7,2021-09-24,1630.0,2670930.0
PRJ-2021-293,Turner Construction,8,2021-09-25,1629.0,3819150.0
PRJ-2021-280,Turner Construction,9,2021-09-27,1627.0,7117830.0
PRJ-2020-218,JE Dunn,19,2021-09-27,1627.0,9340380.0
PRJ-2020-215,Skanska USA,19,2021-09-27,1627.0,21834360.0
PRJ-2020-179,DPR Construction,19,2021-09-30,1624.0,17182980.0
PRJ-2021-258,Turner Construction,8,2021-10-01,1623.0,4187250.0
PRJ-2020-220,Skanska USA,21,2021-10-02,1622.0,14654250.0
PRJ-2020-208,Turner Construction,21,2021-10-03,1621.0,11802240.0
PRJ-2021-299,JE Dunn,9,2021-10-06,1618.0,4739040.0
PRJ-2021-295,Mortenson,8,2021-10-10,1614.0,3032370.0
PRJ-2021-291,JE Dunn,8,2021-10-12,1612.0,12265110.0
PRJ-2021-245,Mortenson,9,2021-10-12,1612.0,7320510.0
PRJ-2021-268,Mortenson,7,2021-10-12,1612.0,1725570.0
PRJ-2021-264,Turner Construction,7,2021-10-13,1611.0,6133590.0
PRJ-2021-316,DPR Construction,7,2021-10-13,1611.0,12987900.0
PRJ-2020-189,DPR Construction,20,2021-10-15,1609.0,21085560.0
PRJ-2021-298,Turner Construction,9,2021-10-15,1609.0,5868810.0
PRJ-2021-278,Skanska USA,9,2021-10-18,1606.0,4470660.0
PRJ-2021-272,Mortenson,7,2021-10-18,1606.0,2599650.0
PRJ-2021-275,DPR Construction,7,2021-10-19,1605.0,13847040.0
PRJ-2021-296,Skanska USA,9,2021-10-20,1604.0,20016360.0
PRJ-2020-226,Turner Construction,20,2021-10-22,1602.0,45896130.0
PRJ-2020-196,Mortenson,22,2021-10-24,1600.0,31564080.0
PRJ-2021-282,Skanska USA,8,2021-10-25,1599.0,8894790.0
PRJ-2020-215,Skanska USA,20,2021-10-27,1597.0,22173840.0
PRJ-2021-290,Turner Construction,10,2021-10-28,1596.0,12147570.0
PRJ-2021-311,Turner Construction,9,2021-11-05,1588.0,20286360.0
PRJ-2021-301,Turner Construction,10,2021-11-05,1588.0,6547770.0
PRJ-2020-174,JE Dunn,20,2021-11-08,1585.0,6995340.0
PRJ-2021-260,Mortenson,8,2021-11-10,1583.0,927540.0
PRJ-2021-264,Turner Construction,8,2021-11-12,1581.0,6832530.0
PRJ-2021-261,DPR Construction,9,2021-11-13,1580.0,20837970.0
PRJ-2020-189,DPR Construction,21,2021-11-14,1579.0,21932010.0
PRJ-2021-298,Turner Construction,10,2021-11-14,1579.0,6471990.0
PRJ-2021-320,DPR Construction,10,2021-11-15,1578.0,9280890.0
PRJ-2021-275,DPR Construction,8,2021-11-18,1575.0,14771520.0
PRJ-2021-243,Mortenson,10,2021-11-22,1571.0,2113560.0
PRJ-2021-312,JE Dunn,11,2021-11-22,1571.0,8159310.0
PRJ-2021-259,Mortenson,9,2021-11-22,1571.0,6115950.0
PRJ-2020-193,JE Dunn,21,2021-11-24,1569.0,11930220.0
PRJ-2021-282,Skanska USA,9,2021-11-24,1569.0,9885600.0
PRJ-2021-263,DPR Construction,11,2021-11-25,1568.0,8255430.0
PRJ-2021-244,Turner Construction,10,2021-11-25,1568.0,7752600.0
PRJ-2021-255,Mortenson,9,2021-11-26,1567.0,9161550.0
PRJ-2021-292,Turner Construction,11,2021-11-26,1567.0,6335910.0
PRJ-2021-290,Turner Construction,11,2021-11-27,1566.0,13213980.0
PRJ-2020-183,Turner Construction,22,2021-11-30,1563.0,11413710.0
PRJ-2021-270,Mortenson,10,2021-12-04,1559.0,5412420.0
PRJ-2021-311,Turner Construction,10,2021-12-05,1558.0,22241700.0
PRJ-2021-295,Mortenson,10,2021-12-09,1554.0,3668130.0
PRJ-2021-257,DPR Construction,10,2021-12-09,1554.0,10009890.0
PRJ-2021-304,Mortenson,9,2021-12-09,1554.0,3309210.0
PRJ-2021-260,Mortenson,9,2021-12-10,1553.0,1024560.0
PRJ-2021-291,JE Dunn,10,2021-12-11,1552.0,15161850.0
PRJ-2021-313,Mortenson,10,2021-12-11,1552.0,4924350.0
PRJ-2021-264,Turner Construction,9,2021-12-12,1551.0,7529490.0
PRJ-2021-288,Mortenson,11,2021-12-14,1549.0,5978880.0
PRJ-2021-253,Turner Construction,9,2021-12-14,1549.0,6285240.0
PRJ-2020-163,Mortenson,24,2021-12-16,1547.0,6370740.0
PRJ-2021-241,Mortenson,11,2021-12-17,1546.0,12879270.0
PRJ-2021-278,Skanska USA,11,2021-12-17,1546.0,5376870.0
PRJ-2021-284,Turner Construction,10,2021-12-19,1544.0,4389930.0
PRJ-2021-287,Mortenson,10,2021-12-20,1543.0,7958790.0
PRJ-2021-305,Skanska USA,10,2021-12-21,1542.0,4121730.0
PRJ-2020-212,JE Dunn,24,2021-12-22,1541.0,27910260.0
PRJ-2021-289,DPR Construction,9,2021-12-22,1541.0,7153470.0
PRJ-2021-294,Mortenson,10,2021-12-23,1540.0,3572550.0
PRJ-2021-293,Turner Construction,11,2021-12-24,1539.0,5108760.0
PRJ-2021-262,Skanska USA,12,2021-12-25,1538.0,21332700.0
PRJ-2021-242,Turner Construction,11,2021-12-28,1535.0,9078210.0
PRJ-2021-252,Skanska USA,10,2021-12-29,1534.0,12953790.0
PRJ-2021-271,Skanska USA,12,2021-12-29,1534.0,23555880.0
PRJ-2020-183,Turner Construction,23,2021-12-30,1533.0,11856330.0
PRJ-2021-311,Turner Construction,11,2022-01-04,1528.0,24110820.0
PRJ-2021-249,DPR Construction,11,2022-01-05,1527.0,13410270.0
PRJ-2021-281,JE Dunn,11,2022-01-08,1524.0,38120670.0
PRJ-2021-274,Turner Construction,10,2022-01-09,1523.0,8363430.0
PRJ-2021-297,DPR Construction,11,2022-01-14,1518.0,26124930.0
PRJ-2021-267,JE Dunn,12,2022-01-18,1514.0,6428520.0
PRJ-2021-259,Mortenson,11,2022-01-21,1511.0,7397820.0
PRJ-2021-244,Turner Construction,12,2022-01-24,1508.0,9212040.0
PRJ-2021-262,Skanska USA,13,2022-01-24,1508.0,21795120.0
PRJ-2021-292,Turner Construction,13,2022-01-25,1507.0,7349580.0
PRJ-2021-308,DPR Construction,13,2022-01-26,1506.0,6553890.0
PRJ-2021-252,Skanska USA,11,2022-01-28,1504.0,14124870.0
PRJ-2020-183,Turner Construction,24,2022-01-29,1503.0,12281040.0
PRJ-2021-256,Mortenson,11,2022-01-31,1501.0,19975950.0
PRJ-2021-286,JE Dunn,13,2022-02-01,1500.0,24300000.0
PRJ-2021-270,Mortenson,12,2022-02-02,1499.0,6418350.0
PRJ-2021-299,JE Dunn,13,2022-02-03,1498.0,6626340.0
PRJ-2021-249,DPR Construction,12,2022-02-04,1497.0,14559930.0
PRJ-2021-276,JE Dunn,11,2022-02-07,1494.0,22675680.0
PRJ-2021-246,DPR Construction,11,2022-02-11,1490.0,4878900.0
PRJ-2020-165,JE Dunn,24,2022-02-11,1490.0,7461540.0
PRJ-2021-297,DPR Construction,12,2022-02-13,1488.0,26837820.0
PRJ-2021-243,Mortenson,13,2022-02-20,1481.0,2706930.0
PRJ-2021-269,DPR Construction,12,2022-02-22,1479.0,3352410.0
PRJ-2021-262,Skanska USA,14,2022-02-23,1478.0,22319640.0
PRJ-2022-324,JE Dunn,2,2022-02-25,1476.0,447120.0
PRJ-2021-301,Turner Construction,14,2022-03-05,1468.0,8813880.0
PRJ-2021-306,Turner Construction,14,2022-03-07,1466.0,28080000.0
PRJ-2021-257,DPR Construction,13,2022-03-09,1464.0,12651480.0
PRJ-2021-274,Turner Construction,12,2022-03-10,1463.0,9951930.0
PRJ-2021-264,Turner Construction,12,2022-03-12,1461.0,9656910.0
PRJ-2021-288,Mortenson,14,2022-03-14,1459.0,7442730.0
PRJ-2021-309,Turner Construction,13,2022-03-15,1458.0,12125790.0
PRJ-2022-361,Turner Construction,2,2022-03-16,1457.0,1033020.0
PRJ-2021-250,DPR Construction,12,2022-03-17,1456.0,10064520.0
PRJ-2020-202,DPR Construction,26,2022-03-21,1452.0,23769450.0
PRJ-2021-307,Turner Construction,12,2022-03-22,1451.0,22407300.0
PRJ-2022-348,Mortenson,2,2022-03-22,1451.0,335970.0
PRJ-2021-289,DPR Construction,12,2022-03-22,1451.0,9216540.0
PRJ-2021-269,DPR Construction,13,2022-03-24,1449.0,3608730.0
PRJ-2021-244,Turner Construction,14,2022-03-25,1448.0,10521900.0
PRJ-2021-262,Skanska USA,15,2022-03-25,1448.0,22827870.0
PRJ-2021-290,Turner Construction,15,2022-03-27,1446.0,15208110.0
PRJ-2022-342,Skanska USA,3,2022-03-27,1446.0,7220970.0
PRJ-2022-333,Mortenson,2,2022-03-28,1445.0,881010.0
PRJ-2021-271,Skanska USA,15,2022-03-29,1444.0,28768590.0
PRJ-2021-252,Skanska USA,13,2022-03-29,1444.0,14430780.0
PRJ-2021-285,Mortenson,13,2022-04-01,1441.0,5046120.0
PRJ-2022-330,Mortenson,3,2022-04-03,1439.0,1243080.0
PRJ-2022-327,Turner Construction,2,2022-04-06,1436.0,1445040.0
PRJ-2022-337,JE Dunn,3,2022-04-08,1434.0,4474440.0
PRJ-2021-279,JE Dunn,14,2022-04-10,1432.0,5584950.0
PRJ-2022-334,Mortenson,3,2022-04-10,1432.0,2340630.0
PRJ-2021-266,Skanska USA,13,2022-04-11,1431.0,11693430.0
PRJ-2021-278,Skanska USA,15,2022-04-16,1426.0,6418530.0
PRJ-2021-250,DPR Construction,13,2022-04-16,1426.0,10789650.0
PRJ-2021-284,Turner Construction,14,2022-04-18,1424.0,5577750.0
PRJ-2022-348,Mortenson,3,2022-04-21,1421.0,747090.0
PRJ-2021-254,Mortenson,15,2022-04-21,1421.0,6065370.0
PRJ-2021-293,Turner Construction,15,2022-04-23,1419.0,6753420.0
PRJ-2021-269,DPR Construction,14,2022-04-23,1419.0,3851460.0
PRJ-2022-346,Mortenson,2,2022-04-25,1417.0,1126260.0
PRJ-2022-332,Turner Construction,4,2022-04-26,1416.0,2611440.0
PRJ-2022-344,Mortenson,3,2022-04-27,1415.0,3560580.0
PRJ-2022-352,DPR Construction,2,2022-04-27,1415.0,1104750.0
PRJ-2022-328,DPR Construction,3,2022-05-02,1410.0,3153510.0
PRJ-2021-301,Turner Construction,16,2022-05-04,1408.0,8979750.0
PRJ-2022-329,JE Dunn,2,2022-05-05,1407.0,1635480.0
PRJ-2022-351,JE Dunn,4,2022-05-08,1404.0,9279270.0
PRJ-2022-337,JE Dunn,4,2022-05-08,1404.0,6490260.0
PRJ-2022-350,Mortenson,4,2022-05-11,1401.0,1653030.0
PRJ-2022-366,JE Dunn,2,2022-05-16,1396.0,399420.0
PRJ-2021-278,Skanska USA,16,2022-05-16,1396.0,6556590.0
PRJ-2022-362,Turner Construction,2,2022-05-17,1395.0,2414970.0
PRJ-2022-367,JE Dunn,3,2022-05-18,1394.0,915210.0
PRJ-2021-315,Skanska USA,14,2022-05-20,1392.0,2963250.0
PRJ-2022-336,JE Dunn,2,2022-05-21,1391.0,2022840.0
PRJ-2021-243,Mortenson,16,2022-05-21,1391.0,3218760.0
PRJ-2021-292,Turner Construction,17,2022-05-25,1387.0,9342180.0
PRJ-2022-365,Skanska USA,5,2022-05-26,1386.0,7943130.0
PRJ-2021-308,DPR Construction,17,2022-05-26,1386.0,8371080.0
PRJ-2022-332,Turner Construction,5,2022-05-26,1386.0,3213270.0
PRJ-2022-353,DPR Construction,4,2022-05-27,1385.0,1847880.0
PRJ-2022-356,DPR Construction,3,2022-05-27,1385.0,4179420.0
PRJ-2022-326,Turner Construction,4,2022-06-01,1380.0,1176300.0
PRJ-2022-373,Skanska USA,4,2022-06-02,1379.0,2717910.0
PRJ-2022-359,JE Dunn,4,2022-06-02,1379.0,4115610.0
PRJ-2020-203,DPR Construction,29,2022-06-04,1377.0,4087350.0
PRJ-2022-327,Turner Construction,4,2022-06-05,1376.0,4797900.0
PRJ-2021-257,DPR Construction,16,2022-06-07,1374.0,15294690.0
PRJ-2021-276,JE Dunn,15,2022-06-07,1374.0,29983410.0
PRJ-2021-295,Mortenson,16,2022-06-07,1374.0,5615910.0
PRJ-2021-260,Mortenson,15,2022-06-08,1373.0,1613790.0
PRJ-2022-334,Mortenson,5,2022-06-09,1372.0,4647240.0
PRJ-2021-291,JE Dunn,16,2022-06-09,1372.0,23085810.0
PRJ-2022-350,Mortenson,5,2022-06-10,1371.0,2123820.0
PRJ-2021-266,Skanska USA,15,2022-06-10,1371.0,12489930.0
PRJ-2021-309,Turner Construction,16,2022-06-13,1368.0,14630850.0
PRJ-2022-322,Mortenson,4,2022-06-14,1367.0,759870.0
PRJ-2022-343,Skanska USA,3,2022-06-16,1365.0,755910.0
PRJ-2021-303,Mortenson,17,2022-06-16,1365.0,6993990.0
PRJ-2022-339,Skanska USA,4,2022-06-18,1363.0,3135240.0
PRJ-2021-259,Mortenson,16,2022-06-20,1361.0,10294290.0
PRJ-2021-307,Turner Construction,15,2022-06-20,1361.0,27103770.0
PRJ-2021-280,Turner Construction,18,2022-06-24,1357.0,13159440.0
PRJ-2022-353,DPR Construction,5,2022-06-26,1355.0,2263320.0
PRJ-2022-352,DPR Construction,4,2022-06-26,1355.0,3763800.0
PRJ-2022-344,Mortenson,5,2022-06-26,1355.0,5965200.0
PRJ-2022-341,DPR Construction,4,2022-06-26,1355.0,8989110.0
PRJ-2022-375,Mortenson,4,2022-06-27,1354.0,2220930.0
PRJ-2022-328,DPR Construction,5,2022-07-01,1350.0,5347260.0
PRJ-2021-270,Mortenson,17,2022-07-02,1349.0,8672940.0
PRJ-2021-249,DPR Construction,17,2022-07-04,1347.0,19697670.0
PRJ-2022-372,Skanska USA,6,2022-07-04,1347.0,2218500.0
PRJ-2022-321,DPR Construction,5,2022-07-06,1345.0,10061370.0
PRJ-2021-316,DPR Construction,16,2022-07-10,1341.0,27324180.0
PRJ-2022-376,DPR Construction,6,2022-07-15,1336.0,10658430.0
PRJ-2022-343,Skanska USA,4,2022-07-16,1335.0,1108620.0
PRJ-2022-380,DPR Construction,5,2022-07-17,1334.0,5216760.0
PRJ-2022-368,Skanska USA,5,2022-07-18,1333.0,3864960.0
PRJ-2022-339,Skanska USA,5,2022-07-18,1333.0,4335840.0
PRJ-2022-335,Mortenson,4,2022-07-19,1332.0,3326310.0
PRJ-2021-289,DPR Construction,16,2022-07-20,1331.0,11948040.0
PRJ-2022-347,Skanska USA,5,2022-07-21,1330.0,8967690.0
PRJ-2021-292,Turner Construction,19,2022-07-24,1327.0,10218780.0
PRJ-2022-365,Skanska USA,7,2022-07-25,1326.0,10972980.0
PRJ-2022-353,DPR Construction,6,2022-07-26,1325.0,2671110.0
PRJ-2022-363,Turner Construction,5,2022-07-26,1325.0,2558520.0
PRJ-2021-283,Skanska USA,19,2022-07-30,1321.0,2690820.0
PRJ-2022-326,Turner Construction,6,2022-07-31,1320.0,1712250.0
PRJ-2022-359,JE Dunn,6,2022-08-01,1319.0,6330060.0
PRJ-2022-337,JE Dunn,7,2022-08-06,1314.0,10915290.0
PRJ-2022-345,Turner Construction,6,2022-08-08,1312.0,7805070.0
PRJ-2021-264,Turner Construction,17,2022-08-09,1311.0,13213800.0
PRJ-2021-253,Turner Construction,17,2022-08-11,1309.0,11063070.0
PRJ-2022-354,Skanska USA,7,2022-08-12,1308.0,7019550.0
PRJ-2021-309,Turner Construction,18,2022-08-12,1308.0,16201800.0
PRJ-2022-322,Mortenson,6,2022-08-13,1307.0,1221120.0
PRJ-2021-267,JE Dunn,19,2022-08-16,1304.0,9606150.0
PRJ-2022-368,Skanska USA,6,2022-08-17,1303.0,4513860.0
PRJ-2022-335,Mortenson,5,2022-08-18,1302.0,4114800.0
PRJ-2021-305,Skanska USA,18,2022-08-18,1302.0,6629130.0
PRJ-2022-378,DPR Construction,6,2022-08-18,1302.0,8006940.0
PRJ-2022-348,Mortenson,7,2022-08-19,1301.0,1720980.0
PRJ-2021-307,Turner Construction,17,2022-08-19,1301.0,27367740.0
PRJ-2022-347,Skanska USA,6,2022-08-20,1300.0,10591110.0
PRJ-2021-293,Turner Construction,19,2022-08-21,1299.0,7644510.0
PRJ-2022-346,Mortenson,6,2022-08-23,1297.0,6288030.0
PRJ-2022-356,DPR Construction,6,2022-08-25,1295.0,9744390.0
PRJ-2022-369,DPR Construction,8,2022-08-25,1295.0,9199710.0
PRJ-2022-375,Mortenson,6,2022-08-26,1294.0,3370590.0
PRJ-2022-357,Skanska USA,6,2022-08-27,1293.0,6790050.0
PRJ-2022-328,DPR Construction,7,2022-08-30,1290.0,7326630.0
PRJ-2022-330,Mortenson,8,2022-08-31,1289.0,3255300.0
PRJ-2022-358,Mortenson,8,2022-09-04,1285.0,3095550.0
PRJ-2022-351,JE Dunn,8,2022-09-05,1284.0,18674820.0
PRJ-2021-246,DPR Construction,18,2022-09-09,1280.0,7579080.0
PRJ-2022-376,DPR Construction,8,2022-09-13,1276.0,13648410.0
PRJ-2021-241,Mortenson,20,2022-09-13,1276.0,19071360.0
PRJ-2022-343,Skanska USA,6,2022-09-14,1275.0,1620360.0
PRJ-2022-368,Skanska USA,7,2022-09-16,1273.0,5190210.0
PRJ-2022-332,Turner Construction,9,2022-09-23,1266.0,5410890.0
PRJ-2022-369,DPR Construction,9,2022-09-24,1265.0,10292040.0
PRJ-2022-357,Skanska USA,7,2022-09-26,1263.0,7927650.0
PRJ-2022-360,DPR Construction,7,2022-09-28,1261.0,3148020.0
PRJ-2022-328,DPR Construction,8,2022-09-29,1260.0,8287830.0
PRJ-2021-270,Mortenson,20,2022-09-30,1259.0,8985510.0
PRJ-2022-330,Mortenson,9,2022-09-30,1259.0,3398940.0
PRJ-2022-329,JE Dunn,7,2022-10-02,1257.0,9060660.0
PRJ-2021-249,DPR Construction,20,2022-10-02,1257.0,19906560.0
PRJ-2021-306,Turner Construction,21,2022-10-03,1256.0,34718850.0
PRJ-2022-321,DPR Construction,8,2022-10-04,1255.0,15738390.0
PRJ-2021-276,JE Dunn,19,2022-10-05,1254.0,34052310.0
PRJ-2022-338,DPR Construction,7,2022-10-06,1253.0,2740320.0
PRJ-2021-264,Turner Construction,19,2022-10-08,1251.0,14539320.0
PRJ-2022-379,Mortenson,8,2022-10-09,1250.0,6386400.0
PRJ-2022-355,Turner Construction,7,2022-10-11,1248.0,6370470.0
PRJ-2021-251,Skanska USA,22,2022-10-18,1241.0,33208200.0
PRJ-2022-348,Mortenson,9,2022-10-18,1241.0,2192850.0
PRJ-2022-336,JE Dunn,7,2022-10-18,1241.0,10491030.0
PRJ-2022-365,Skanska USA,10,2022-10-23,1236.0,15409890.0
PRJ-2022-369,DPR Construction,10,2022-10-24,1235.0,11368800.0
PRJ-2022-374,JE Dunn,8,2022-10-27,1232.0,2823570.0
PRJ-2022-360,DPR Construction,8,2022-10-28,1231.0,3539160.0
PRJ-2021-257,DPR Construction,21,2022-11-04,1224.0,19230570.0
PRJ-2022-334,Mortenson,10,2022-11-06,1222.0,8568180.0
PRJ-2022-345,Turner Construction,9,2022-11-06,1222.0,11409480.0
PRJ-2022-379,Mortenson,9,2022-11-08,1220.0,7173180.0
PRJ-2022-340,JE Dunn,10,2022-11-08,1220.0,17658540.0
PRJ-2022-377,JE Dunn,9,2022-11-10,1218.0,6943860.0
PRJ-2021-320,DPR Construction,22,2022-11-10,1218.0,18406170.0
PRJ-2022-376,DPR Construction,10,2022-11-12,1216.0,16628760.0
PRJ-2022-362,Turner Construction,8,2022-11-13,1215.0,14753430.0
PRJ-2021-315,Skanska USA,20,2022-11-16,1212.0,4072050.0
PRJ-2021-305,Skanska USA,21,2022-11-16,1212.0,6950790.0
PRJ-2022-348,Mortenson,10,2022-11-17,1211.0,2412540.0
PRJ-2022-346,Mortenson,9,2022-11-21,1207.0,8762760.0
PRJ-2022-342,Skanska USA,11,2022-11-22,1206.0,23189130.0
PRJ-2022-344,Mortenson,10,2022-11-23,1205.0,11590830.0
PRJ-2022-374,JE Dunn,9,2022-11-26,1202.0,3162780.0
PRJ-2022-360,DPR Construction,9,2022-11-27,1201.0,3940920.0
PRJ-2022-326,Turner Construction,10,2022-11-28,1200.0,2738070.0
PRJ-2022-329,JE Dunn,9,2022-12-01,1197.0,11344050.0
PRJ-2022-327,Turner Construction,10,2022-12-02,1196.0,12191490.0
PRJ-2021-276,JE Dunn,21,2022-12-04,1194.0,35171550.0
PRJ-2021-295,Mortenson,22,2022-12-04,1194.0,7371000.0
PRJ-2022-350,Mortenson,11,2022-12-07,1191.0,4253580.0
PRJ-2022-364,Skanska USA,9,2022-12-07,1191.0,11491740.0
PRJ-2022-340,JE Dunn,11,2022-12-08,1190.0,19176840.0
PRJ-2022-377,JE Dunn,10,2022-12-10,1188.0,7656120.0
PRJ-2022-380,DPR Construction,10,2022-12-14,1184.0,9773370.0
PRJ-2022-367,JE Dunn,10,2022-12-14,1184.0,3311010.0
PRJ-2021-315,Skanska USA,21,2022-12-16,1182.0,4242060.0
PRJ-2022-347,Skanska USA,10,2022-12-18,1180.0,17172810.0
PRJ-2022-349,Mortenson,9,2022-12-20,1178.0,12123990.0
PRJ-2022-346,Mortenson,10,2022-12-21,1177.0,9584730.0
PRJ-2022-353,DPR Construction,11,2022-12-23,1175.0,4720050.0
PRJ-2022-374,JE Dunn,10,2022-12-26,1172.0,3482370.0
PRJ-2022-326,Turner Construction,11,2022-12-28,1170.0,2996370.0
PRJ-2022-372,Skanska USA,12,2022-12-31,1167.0,4080330.0
PRJ-2022-358,Mortenson,12,2023-01-02,1165.0,4516020.0
PRJ-2022-337,JE Dunn,12,2023-01-03,1164.0,18047250.0
PRJ-2022-338,DPR Construction,10,2023-01-04,1163.0,3781350.0
PRJ-2021-320,DPR Construction,24,2023-01-09,1158.0,19806570.0
PRJ-2022-354,Skanska USA,12,2023-01-09,1158.0,10139310.0
PRJ-2022-355,Turner Construction,10,2023-01-09,1158.0,8668080.0
PRJ-2022-366,JE Dunn,10,2023-01-11,1156.0,3443130.0
PRJ-2022-368,Skanska USA,11,2023-01-14,1153.0,7797960.0
PRJ-2021-292,Turner Construction,25,2023-01-20,1147.0,11529090.0
PRJ-2022-375,Mortenson,11,2023-01-23,1144.0,5739840.0
PRJ-2022-357,Skanska USA,11,2023-01-24,1143.0,11128770.0
PRJ-2022-374,JE Dunn,11,2023-01-25,1142.0,3816360.0
PRJ-2022-326,Turner Construction,12,2023-01-27,1140.0,3253140.0
PRJ-2022-372,Skanska USA,13,2023-01-30,1137.0,4385880.0
PRJ-2022-327,Turner Construction,12,2023-01-31,1136.0,14329530.0
PRJ-2022-321,DPR Construction,12,2023-02-01,1135.0,22793940.0
PRJ-2022-337,JE Dunn,13,2023-02-02,1134.0,19335960.0
PRJ-2022-379,Mortenson,12,2023-02-06,1130.0,9326340.0
PRJ-2021-303,Mortenson,25,2023-02-11,1125.0,8509860.0
PRJ-2022-367,JE Dunn,12,2023-02-12,1124.0,3914190.0
PRJ-2021-289,DPR Construction,23,2023-02-15,1121.0,16191360.0
PRJ-2022-346,Mortenson,12,2023-02-19,1117.0,11236230.0
PRJ-2022-324,JE Dunn,14,2023-02-20,1116.0,4622220.0
PRJ-2022-332,Turner Construction,14,2023-02-20,1116.0,8109810.0
PRJ-2022-363,Turner Construction,12,2023-02-21,1115.0,5154570.0
PRJ-2022-374,JE Dunn,12,2023-02-24,1112.0,4106610.0
PRJ-2022-334,Mortenson,14,2023-03-06,1102.0,11707290.0
PRJ-2022-364,Skanska USA,12,2023-03-07,1101.0,14914080.0
PRJ-2022-350,Mortenson,14,2023-03-07,1101.0,5309550.0
PRJ-2022-379,Mortenson,13,2023-03-08,1100.0,10027170.0
PRJ-2022-322,Mortenson,13,2023-03-11,1097.0,2369880.0
PRJ-2022-335,Mortenson,12,2023-03-16,1092.0,9279450.0
PRJ-2022-348,Mortenson,14,2023-03-17,1091.0,2853450.0
PRJ-2022-346,Mortenson,13,2023-03-21,1087.0,12056400.0
PRJ-2022-360,DPR Construction,13,2023-03-27,1081.0,5523930.0
PRJ-2022-372,Skanska USA,15,2023-03-31,1077.0,4986540.0
PRJ-2022-366,JE Dunn,13,2023-04-11,1066.0,4347630.0
PRJ-2023-383,Mortenson,3,2023-04-12,1065.0,465300.0
PRJ-2022-380,DPR Construction,14,2023-04-13,1064.0,13288050.0
PRJ-2023-386,DPR Construction,2,2023-04-19,1058.0,1708110.0
PRJ-2023-388,Turner Construction,3,2023-04-20,1057.0,1404900.0
PRJ-2023-385,Mortenson,3,2023-04-29,1048.0,1684170.0
PRJ-2023-392,DPR Construction,3,2023-04-29,1048.0,2974770.0
PRJ-2022-334,Mortenson,16,2023-05-05,1042.0,13092120.0
PRJ-2022-350,Mortenson,16,2023-05-06,1041.0,5981220.0
PRJ-2022-379,Mortenson,15,2023-05-07,1040.0,10325340.0
PRJ-2021-320,DPR Construction,28,2023-05-09,1038.0,20162520.0
PRJ-2022-322,Mortenson,15,2023-05-10,1037.0,2694960.0
PRJ-2022-343,Skanska USA,14,2023-05-12,1035.0,3547980.0
PRJ-2022-380,DPR Construction,15,2023-05-13,1034.0,14059530.0
PRJ-2022-368,Skanska USA,15,2023-05-14,1033.0,10238310.0
PRJ-2023-393,Turner Construction,4,2023-05-15,1032.0,1444140.0
PRJ-2023-394,Skanska USA,3,2023-05-19,1028.0,3315060.0
PRJ-2023-386,DPR Construction,3,2023-05-19,1028.0,3678750.0
PRJ-2022-346,Mortenson,15,2023-05-20,1027.0,13712040.0
PRJ-2023-396,Turner Construction,2,2023-05-24,1023.0,2681010.0
PRJ-2022-326,Turner Construction,16,2023-05-27,1020.0,4169520.0
PRJ-2022-364,Skanska USA,15,2023-06-05,1011.0,15935130.0
PRJ-2021-264,Turner Construction,27,2023-06-05,1011.0,17482140.0
PRJ-2022-361,Turner Construction,17,2023-06-09,1007.0,11345490.0
PRJ-2022-362,Turner Construction,15,2023-06-11,1005.0,22699080.0
PRJ-2023-389,DPR Construction,3,2023-06-12,1004.0,6672420.0
PRJ-2022-368,Skanska USA,16,2023-06-13,1003.0,10814400.0
PRJ-2023-397,Skanska USA,3,2023-06-15,1001.0,4087890.0
PRJ-2023-386,DPR Construction,4,2023-06-18,998.0,4888620.0
PRJ-2022-346,Mortenson,16,2023-06-19,997.0,14531400.0
PRJ-2022-332,Turner Construction,18,2023-06-20,996.0,9568890.0
PRJ-2023-382,Skanska USA,3,2023-06-22,994.0,1890000.0
PRJ-2022-372,Skanska USA,18,2023-06-29,987.0,5828310.0
PRJ-2022-327,Turner Construction,17,2023-06-30,986.0,19684620.0
PRJ-2022-355,Turner Construction,16,2023-07-08,978.0,13270230.0
PRJ-2022-368,Skanska USA,17,2023-07-13,973.0,11368440.0
PRJ-2023-399,JE Dunn,6,2023-07-14,972.0,2532960.0
PRJ-2023-391,Mortenson,5,2023-07-17,969.0,3109050.0
PRJ-2023-387,DPR Construction,5,2023-07-20,966.0,2407230.0
PRJ-2022-333,Mortenson,18,2023-07-21,965.0,11542410.0
PRJ-2022-360,DPR Construction,17,2023-07-25,961.0,6943770.0
PRJ-2023-392,DPR Construction,6,2023-07-28,958.0,6299820.0
PRJ-2022-355,Turner Construction,17,2023-08-07,948.0,13976100.0
PRJ-2023-397,Skanska USA,5,2023-08-14,941.0,7509960.0
PRJ-2023-395,Skanska USA,6,2023-08-14,941.0,3124080.0
PRJ-2022-346,Mortenson,18,2023-08-18,937.0,16160940.0
PRJ-2022-352,DPR Construction,18,2023-08-20,935.0,14566590.0
PRJ-2023-382,Skanska USA,5,2023-08-21,934.0,3347370.0
PRJ-2023-385,Mortenson,7,2023-08-27,928.0,4405680.0
PRJ-2022-338,DPR Construction,18,2023-09-01,923.0,5722380.0
PRJ-2022-322,Mortenson,19,2023-09-07,917.0,3311550.0
PRJ-2022-366,JE Dunn,18,2023-09-08,916.0,5851890.0
PRJ-2022-343,Skanska USA,18,2023-09-09,915.0,3879000.0
PRJ-2023-398,DPR Construction,7,2023-09-11,913.0,3093390.0
PRJ-2022-339,Skanska USA,19,2023-09-11,913.0,13758030.0
PRJ-2023-393,Turner Construction,8,2023-09-12,912.0,2747610.0
PRJ-2022-335,Mortenson,18,2023-09-12,912.0,11580300.0
PRJ-2023-396,Turner Construction,6,2023-09-21,903.0,11563740.0
PRJ-2023-385,Mortenson,8,2023-09-26,898.0,4961520.0
PRJ-2022-334,Mortenson,21,2023-10-02,892.0,14894730.0
PRJ-2022-366,JE Dunn,19,2023-10-08,886.0,6113430.0
PRJ-2023-391,Mortenson,8,2023-10-15,879.0,4799610.0
PRJ-2022-346,Mortenson,20,2023-10-17,877.0,17644050.0
PRJ-2023-396,Turner Construction,7,2023-10-21,873.0,13577940.0
PRJ-2023-392,DPR Construction,9,2023-10-26,868.0,8092980.0
PRJ-2022-334,Mortenson,22,2023-11-01,862.0,15127650.0
PRJ-2023-391,Mortenson,9,2023-11-14,849.0,5370660.0
PRJ-2023-394,Skanska USA,9,2023-11-15,848.0,9947520.0
PRJ-2023-386,DPR Construction,9,2023-11-15,848.0,10819890.0
PRJ-2023-388,Turner Construction,10,2023-11-16,847.0,5415210.0
PRJ-2023-387,DPR Construction,9,2023-11-17,846.0,4181940.0
PRJ-2022-372,Skanska USA,23,2023-11-26,837.0,6308550.0
PRJ-2023-397,Skanska USA,9,2023-12-12,821.0,12697380.0
PRJ-2023-394,Skanska USA,10,2023-12-15,818.0,10165320.0
PRJ-2023-388,Turner Construction,11,2023-12-16,817.0,5898690.0
PRJ-2023-396,Turner Construction,9,2023-12-20,813.0,17202330.0
PRJ-2022-327,Turner Construction,23,2023-12-27,806.0,25434540.0
PRJ-2023-398,DPR Construction,11,2024-01-09,793.0,4765140.0
PRJ-2023-399,JE Dunn,12,2024-01-10,792.0,4599360.0
PRJ-2023-400,Turner Construction,11,2024-01-16,786.0,8702460.0
PRJ-2023-399,JE Dunn,13,2024-02-09,762.0,4941270.0
PRJ-2022-346,Mortenson,24,2024-02-14,757.0,20536290.0
PRJ-2023-387,DPR Construction,12,2024-02-15,756.0,5394600.0
PRJ-2022-375,Mortenson,24,2024-02-17,754.0,10034010.0
PRJ-2022-327,Turner Construction,25,2024-02-25,746.0,25473420.0
PRJ-2023-383,Mortenson,14,2024-03-07,735.0,2322360.0
PRJ-2023-388,Turner Construction,14,2024-03-15,727.0,7358490.0
PRJ-2023-400,Turner Construction,13,2024-03-16,726.0,8871750.0
PRJ-2023-396,Turner Construction,12,2024-03-19,723.0,19613070.0
PRJ-2024-002,DPR Construction,2,2024-03-29,713.0,1764630.0
PRJ-2022-366,JE Dunn,25,2024-04-05,706.0,7196400.0
PRJ-2023-391,Mortenson,14,2024-04-12,699.0,8008200.0
PRJ-2023-385,Mortenson,15,2024-04-23,688.0,8708580.0
PRJ-2023-399,JE Dunn,16,2024-05-09,672.0,5972760.0
PRJ-2023-391,Mortenson,15,2024-05-12,669.0,8032410.0
PRJ-2023-390,JE Dunn,16,2024-05-15,666.0,7978860.0
PRJ-2024-005,Skanska USA,2,2024-05-21,660.0,901170.0
PRJ-2022-327,Turner Construction,28,2024-05-25,656.0,26385660.0
PRJ-2024-002,DPR Construction,4,2024-05-28,653.0,5892480.0
PRJ-2023-382,Skanska USA,17,2024-08-15,574.0,9012600.0
PRJ-2024-005,Skanska USA,5,2024-08-19,570.0,3911040.0
PRJ-2023-397,Skanska USA,18,2024-09-07,551.0,21253050.0
PRJ-2023-385,Mortenson,20,2024-09-20,538.0,10027260.0
PRJ-2024-002,DPR Construction,8,2024-09-25,533.0,11453670.0
PRJ-2023-383,Mortenson,21,2024-10-03,525.0,2879100.0
PRJ-2023-397,Skanska USA,19,2024-10-07,521.0,21603690.0
PRJ-2024-004,DPR Construction,8,2024-10-10,518.0,12409650.0
PRJ-2024-001,Turner Construction,7,2024-10-18,510.0,14545710.0
PRJ-2024-004,DPR Construction,10,2024-12-09,458.0,14133060.0
PRJ-2023-399,JE Dunn,24,2025-01-04,432.0,7511220.0
PRJ-2024-004,DPR Construction,11,2025-01-08,428.0,14585220.0
PRJ-2024-005,Skanska USA,10,2025-01-16,420.0,7228800.0
PRJ-2024-001,Turner Construction,10,2025-01-16,420.0,20256840.0
PRJ-2024-003,DPR Construction,14,2025-04-09,337.0,4842090.0
PRJ-2024-001,Turner Construction,13,2025-04-16,330.0,25749270.0
PRJ-2024-003,DPR Construction,15,2025-05-09,307.0,4950630.0
PRJ-2024-005,Skanska USA,17,2025-08-14,210.0,11591730.0
