project_id,project_stage,co_count,approved_count,rejected_count,total_amount_usd
PRJ-2018-001,Early (0–20%),3,2,1,1777300
PRJ-2018-001,Mid (20–50%),4,4,0,2632000
PRJ-2018-001,Late (50–80%),3,2,1,1046700
PRJ-2018-002,Early (0–20%),3,1,2,1577400
PRJ-2018-002,Mid (20–50%),2,1,1,813800
PRJ-2018-002,Late (50–80%),5,3,2,1741400
PRJ-2018-002,Closeout (80%+),3,2,1,669800
PRJ-2018-003,Early (0–20%),1,1,0,283900
PRJ-2018-003,Mid (20–50%),5,3,2,638200
PRJ-2018-003,Late (50–80%),3,2,1,557500
PRJ-2018-004,Mid (20–50%),4,3,1,486000
PRJ-2018-004,Late (50–80%),2,0,2,341700
PRJ-2018-004,Closeout (80%+),2,2,0,276600
PRJ-2018-005,Early (0–20%),1,1,0,185000
PRJ-2018-005,Mid (20–50%),5,4,1,438000
PRJ-2018-005,Late (50–80%),3,3,0,115900
PRJ-2018-006,Early (0–20%),3,3,0,404600
PRJ-2018-006,Mid (20–50%),2,2,0,500600
PRJ-2018-006,Late (50–80%),3,2,1,490300
PRJ-2018-006,Closeout (80%+),2,1,1,390800
PRJ-2018-007,Early (0–20%),2,1,1,188100
PRJ-2018-007,Mid (20–50%),3,2,1,738800
PRJ-2018-007,Late (50–80%),2,2,0,533400
PRJ-2018-007,Closeout (80%+),1,1,0,221700
PRJ-2018-008,Early (0–20%),1,1,0,142700
PRJ-2018-008,Mid (20–50%),5,5,0,747400
PRJ-2018-008,Late (50–80%),3,3,0,290400
PRJ-2018-008,Closeout (80%+),3,3,0,84800
PRJ-2018-009,Early (0–20%),1,1,0,-213000
PRJ-2018-009,Mid (20–50%),3,3,0,601200
PRJ-2018-009,Late (50–80%),1,1,0,203500
PRJ-2018-009,Closeout (80%+),1,1,0,-163900
PRJ-2018-010,Mid (20–50%),1,0,1,-148700
PRJ-2018-010,Late (50–80%),1,1,0,234000
PRJ-2018-010,Closeout (80%+),1,1,0,174000
PRJ-2018-011,Mid (20–50%),4,2,2,1754700
PRJ-2018-011,Late (50–80%),3,2,1,752300
PRJ-2018-012,Early (0–20%),1,1,0,-92500
PRJ-2018-012,Mid (20–50%),3,3,0,465700
PRJ-2018-012,Late (50–80%),3,1,2,583100
PRJ-2018-013,Early (0–20%),3,1,2,247900
PRJ-2018-013,Mid (20–50%),6,4,2,183000
PRJ-2018-013,Late (50–80%),3,1,2,235000
PRJ-2018-014,Mid (20–50%),6,4,2,1067500
PRJ-2018-014,Late (50–80%),3,2,1,749500
PRJ-2018-014,Closeout (80%+),1,0,1,-148600
PRJ-2018-015,Early (0–20%),4,2,2,2089500
PRJ-2018-015,Mid (20–50%),4,3,1,1086900
PRJ-2018-015,Late (50–80%),8,7,1,2597400
PRJ-2018-015,Closeout (80%+),2,1,1,-65000
PRJ-2018-016,Early (0–20%),2,1,1,358400
PRJ-2018-016,Mid (20–50%),7,6,1,1827700
PRJ-2018-016,Late (50–80%),7,6,1,1997800
PRJ-2018-016,Closeout (80%+),3,2,1,1274900
PRJ-2018-017,Mid (20–50%),5,4,1,559200
PRJ-2018-017,Late (50–80%),2,1,1,479700
PRJ-2018-017,Closeout (80%+),3,2,1,-71100
PRJ-2018-018,Early (0–20%),2,2,0,-21700
PRJ-2018-018,Mid (20–50%),5,2,3,785100
PRJ-2018-018,Late (50–80%),3,3,0,313200
PRJ-2018-019,Early (0–20%),4,3,1,1103400
PRJ-2018-019,Mid (20–50%),2,1,1,1078200
PRJ-2018-019,Late (50–80%),3,2,1,1463200
PRJ-2018-019,Closeout (80%+),1,1,0,239700
PRJ-2018-020,Early (0–20%),2,2,0,357000
PRJ-2018-020,Mid (20–50%),5,4,1,690300
PRJ-2018-020,Late (50–80%),3,2,1,192100
PRJ-2018-020,Closeout (80%+),2,2,0,396200
PRJ-2018-021,Early (0–20%),2,2,0,-988400
PRJ-2018-021,Mid (20–50%),6,4,2,4249100
PRJ-2018-021,Late (50–80%),5,4,1,2875300
PRJ-2018-021,Closeout (80%+),2,2,0,934600
PRJ-2018-022,Early (0–20%),2,1,1,1363000
PRJ-2018-022,Mid (20–50%),3,0,3,-147600
PRJ-2018-022,Late (50–80%),9,8,1,4062900
PRJ-2018-022,Closeout (80%+),1,1,0,598600
PRJ-2018-023,Early (0–20%),2,1,1,163200
PRJ-2018-023,Mid (20–50%),2,2,0,135300
PRJ-2018-023,Late (50–80%),3,3,0,349700
PRJ-2018-023,Closeout (80%+),3,2,1,500500
PRJ-2018-024,Early (0–20%),1,1,0,623200
PRJ-2018-024,Mid (20–50%),6,5,1,2234000
PRJ-2018-024,Late (50–80%),5,3,2,1167800
PRJ-2018-025,Early (0–20%),3,3,0,988200
PRJ-2018-025,Mid (20–50%),6,4,2,1239100
PRJ-2018-025,Late (50–80%),4,3,1,963600
PRJ-2018-026,Early (0–20%),3,3,0,317200
PRJ-2018-026,Mid (20–50%),1,1,0,60200
PRJ-2018-026,Late (50–80%),5,4,1,367000
PRJ-2018-026,Closeout (80%+),2,2,0,42800
PRJ-2018-027,Early (0–20%),5,3,2,763300
PRJ-2018-027,Mid (20–50%),6,2,4,785500
PRJ-2018-027,Late (50–80%),4,4,0,965000
PRJ-2018-027,Closeout (80%+),2,2,0,668600
PRJ-2018-028,Early (0–20%),4,3,1,360100
PRJ-2018-028,Mid (20–50%),4,3,1,213100
PRJ-2018-028,Late (50–80%),4,4,0,531300
PRJ-2018-029,Early (0–20%),1,1,0,352400
PRJ-2018-029,Mid (20–50%),3,3,0,574600
PRJ-2018-029,Late (50–80%),6,5,1,1195000
PRJ-2018-030,Early (0–20%),1,1,0,45700
PRJ-2018-030,Mid (20–50%),6,6,0,1340200
PRJ-2018-030,Late (50–80%),5,4,1,600500
PRJ-2018-030,Closeout (80%+),5,4,1,2043800
PRJ-2018-031,Early (0–20%),2,2,0,776400
PRJ-2018-031,Mid (20–50%),6,3,3,2312000
PRJ-2018-031,Late (50–80%),5,2,3,1785000
PRJ-2018-032,Early (0–20%),5,5,0,2184500
PRJ-2018-032,Mid (20–50%),1,1,0,-168600
PRJ-2018-032,Late (50–80%),6,3,3,1771800
PRJ-2018-032,Closeout (80%+),5,3,2,2008300
PRJ-2018-033,Early (0–20%),2,2,0,149900
PRJ-2018-033,Mid (20–50%),2,2,0,100700
PRJ-2018-033,Late (50–80%),3,2,1,-54700
PRJ-2018-034,Early (0–20%),4,3,1,964100
PRJ-2018-034,Mid (20–50%),4,2,2,1011000
PRJ-2018-034,Late (50–80%),2,2,0,281900
PRJ-2018-034,Closeout (80%+),2,1,1,217900
PRJ-2018-035,Mid (20–50%),4,4,0,1022000
PRJ-2018-035,Closeout (80%+),5,2,3,1011900
PRJ-2018-036,Early (0–20%),2,2,0,1385300
PRJ-2018-036,Mid (20–50%),4,4,0,1476200
PRJ-2018-036,Late (50–80%),3,2,1,1600300
PRJ-2018-037,Early (0–20%),3,2,1,1484900
PRJ-2018-037,Mid (20–50%),6,4,2,2208200
PRJ-2018-037,Late (50–80%),5,5,0,2309000
PRJ-2018-037,Closeout (80%+),4,2,2,2012900
PRJ-2018-038,Early (0–20%),1,0,1,351200
PRJ-2018-038,Mid (20–50%),1,1,0,148900
PRJ-2018-038,Late (50–80%),3,3,0,209300
PRJ-2018-038,Closeout (80%+),5,5,0,516700
PRJ-2018-039,Mid (20–50%),3,2,1,117500
PRJ-2018-039,Late (50–80%),2,1,1,190000
PRJ-2018-039,Closeout (80%+),1,0,1,-62400
PRJ-2018-040,Mid (20–50%),6,5,1,1644800
PRJ-2018-040,Late (50–80%),4,4,0,242800
PRJ-2018-040,Closeout (80%+),1,1,0,175900
PRJ-2018-041,Early (0–20%),2,2,0,1537500
PRJ-2018-041,Mid (20–50%),4,4,0,2360500
PRJ-2018-041,Late (50–80%),1,1,0,330700
PRJ-2018-041,Closeout (80%+),1,1,0,825100
PRJ-2018-042,Early (0–20%),2,2,0,574000
PRJ-2018-042,Mid (20–50%),4,2,2,1022100
PRJ-2018-042,Late (50–80%),2,1,1,363000
PRJ-2018-043,Early (0–20%),5,3,2,257300
PRJ-2018-043,Mid (20–50%),7,6,1,869900
PRJ-2018-043,Late (50–80%),6,5,1,733100
PRJ-2018-043,Closeout (80%+),1,1,0,269600
PRJ-2018-044,Early (0–20%),2,1,1,129500
PRJ-2018-044,Mid (20–50%),4,1,3,433700
PRJ-2018-044,Late (50–80%),5,4,1,526500
PRJ-2018-045,Early (0–20%),1,0,1,44600
PRJ-2018-045,Mid (20–50%),4,4,0,343500
PRJ-2018-045,Late (50–80%),3,1,2,108400
PRJ-2018-046,Early (0–20%),3,2,1,312400
PRJ-2018-046,Mid (20–50%),4,4,0,512900
PRJ-2018-046,Late (50–80%),3,2,1,193500
PRJ-2018-047,Mid (20–50%),5,2,3,539000
PRJ-2018-047,Late (50–80%),4,1,3,762500
PRJ-2018-047,Closeout (80%+),2,2,0,381000
PRJ-2018-048,Early (0–20%),1,0,1,95500
PRJ-2018-048,Mid (20–50%),6,4,2,239400
PRJ-2018-048,Late (50–80%),4,4,0,420700
PRJ-2018-048,Closeout (80%+),1,1,0,50000
PRJ-2018-049,Early (0–20%),2,2,0,64400
PRJ-2018-049,Mid (20–50%),3,2,1,-27500
PRJ-2018-049,Late (50–80%),2,2,0,244000
PRJ-2018-049,Closeout (80%+),2,1,1,145500
PRJ-2018-050,Mid (20–50%),3,2,1,194900
PRJ-2018-050,Late (50–80%),3,1,2,169700
PRJ-2018-050,Closeout (80%+),2,1,1,46800
PRJ-2018-051,Early (0–20%),2,2,0,176200
PRJ-2018-051,Mid (20–50%),1,1,0,123100
PRJ-2018-051,Late (50–80%),2,2,0,325000
PRJ-2018-051,Closeout (80%+),5,3,2,-38000
PRJ-2018-052,Early (0–20%),1,1,0,75600
PRJ-2018-052,Mid (20–50%),5,4,1,91700
PRJ-2018-052,Late (50–80%),3,1,2,211400
PRJ-2018-052,Closeout (80%+),3,3,0,35500
PRJ-2018-053,Early (0–20%),1,1,0,-51300
PRJ-2018-053,Mid (20–50%),4,4,0,199700
PRJ-2018-053,Late (50–80%),4,2,2,26300
PRJ-2018-053,Closeout (80%+),2,2,0,106200
PRJ-2018-054,Early (0–20%),4,2,2,1143600
PRJ-2018-054,Mid (20–50%),8,8,0,1107400
PRJ-2018-054,Late (50–80%),5,3,2,1457100
PRJ-2018-054,Closeout (80%+),1,1,0,233400
PRJ-2018-055,Early (0–20%),5,4,1,391500
PRJ-2018-055,Mid (20–50%),6,3,3,259500
PRJ-2018-055,Late (50–80%),2,2,0,219800
PRJ-2018-055,Closeout (80%+),1,1,0,171500
PRJ-2018-056,Early (0–20%),3,1,2,1416400
PRJ-2018-056,Mid (20–50%),4,2,2,3014200
PRJ-2018-056,Late (50–80%),2,1,1,1300700
PRJ-2018-056,Closeout (80%+),3,2,1,1540400
PRJ-2018-057,Early (0–20%),3,3,0,687700
PRJ-2018-057,Mid (20–50%),2,2,0,-84300
PRJ-2018-057,Late (50–80%),1,1,0,197800
PRJ-2018-057,Closeout (80%+),2,2,0,210200
PRJ-2018-058,Mid (20–50%),1,0,1,-24600
PRJ-2018-058,Late (50–80%),2,2,0,-93900
PRJ-2018-059,Early (0–20%),3,2,1,280200
PRJ-2018-059,Mid (20–50%),4,0,4,677900
PRJ-2018-059,Late (50–80%),4,3,1,565000
PRJ-2018-059,Closeout (80%+),3,2,1,317400
PRJ-2018-060,Mid (20–50%),2,2,0,259200
PRJ-2018-060,Late (50–80%),3,2,1,194400
PRJ-2018-060,Closeout (80%+),1,1,0,-69300
PRJ-2018-061,Mid (20–50%),4,4,0,1933400
PRJ-2018-061,Late (50–80%),1,0,1,1311500
PRJ-2018-061,Closeout (80%+),1,1,0,821500
PRJ-2018-062,Early (0–20%),3,1,2,694500
PRJ-2018-062,Mid (20–50%),5,3,2,547900
PRJ-2018-062,Late (50–80%),3,3,0,904200
PRJ-2018-062,Closeout (80%+),3,2,1,689800
PRJ-2018-063,Early (0–20%),2,2,0,66900
PRJ-2018-063,Mid (20–50%),2,1,1,257000
PRJ-2018-063,Late (50–80%),1,1,0,50900
PRJ-2018-063,Closeout (80%+),1,1,0,135600
PRJ-2018-064,Early (0–20%),3,1,2,239300
PRJ-2018-064,Mid (20–50%),9,7,2,683400
PRJ-2018-064,Late (50–80%),6,6,0,1007800
PRJ-2018-064,Closeout (80%+),1,1,0,-48800
PRJ-2018-065,Early (0–20%),2,1,1,157300
PRJ-2018-065,Mid (20–50%),3,2,1,773100
PRJ-2018-065,Late (50–80%),5,2,3,636300
PRJ-2018-065,Closeout (80%+),1,1,0,-89300
PRJ-2018-066,Early (0–20%),1,0,1,261800
PRJ-2018-066,Mid (20–50%),4,4,0,1134400
PRJ-2018-066,Late (50–80%),6,5,1,1843000
PRJ-2018-066,Closeout (80%+),1,1,0,182100
PRJ-2018-067,Early (0–20%),1,1,0,290500
PRJ-2018-067,Mid (20–50%),2,1,1,37500
PRJ-2018-067,Late (50–80%),2,1,1,200
PRJ-2018-068,Early (0–20%),1,1,0,26600
PRJ-2018-068,Mid (20–50%),4,2,2,487300
PRJ-2018-068,Late (50–80%),4,2,2,-115700
PRJ-2018-068,Closeout (80%+),5,4,1,66600
PRJ-2018-069,Mid (20–50%),7,7,0,2031400
PRJ-2018-069,Late (50–80%),2,2,0,674700
PRJ-2018-070,Early (0–20%),4,4,0,1127700
PRJ-2018-070,Mid (20–50%),3,3,0,1127800
PRJ-2018-070,Late (50–80%),2,1,1,376500
PRJ-2018-070,Closeout (80%+),2,2,0,199700
PRJ-2018-071,Early (0–20%),1,1,0,149600
PRJ-2018-071,Mid (20–50%),5,5,0,1791700
PRJ-2018-071,Late (50–80%),8,5,3,3162000
PRJ-2018-071,Closeout (80%+),5,3,2,1285000
PRJ-2018-072,Early (0–20%),1,1,0,103000
PRJ-2018-072,Mid (20–50%),3,3,0,952900
PRJ-2018-072,Late (50–80%),1,1,0,69300
PRJ-2018-073,Early (0–20%),1,1,0,159300
PRJ-2018-073,Late (50–80%),3,2,1,207200
PRJ-2018-074,Early (0–20%),1,1,0,86000
PRJ-2018-074,Mid (20–50%),4,3,1,239000
PRJ-2018-074,Late (50–80%),3,2,1,203300
PRJ-2018-074,Closeout (80%+),1,0,1,60800
PRJ-2018-075,Early (0–20%),6,3,3,899000
PRJ-2018-075,Mid (20–50%),3,3,0,723000
PRJ-2018-075,Late (50–80%),7,5,2,1464900
PRJ-2018-075,Closeout (80%+),1,1,0,269100
PRJ-2018-076,Early (0–20%),1,1,0,83800
PRJ-2018-076,Mid (20–50%),1,1,0,69400
PRJ-2018-076,Late (50–80%),5,3,2,1108500
PRJ-2018-076,Closeout (80%+),3,2,1,790500
PRJ-2018-077,Mid (20–50%),5,2,3,536800
PRJ-2018-077,Late (50–80%),5,4,1,392000
PRJ-2018-077,Closeout (80%+),1,1,0,151800
PRJ-2018-078,Early (0–20%),2,2,0,149300
PRJ-2018-078,Mid (20–50%),5,4,1,648100
PRJ-2018-078,Late (50–80%),3,2,1,199200
PRJ-2018-078,Closeout (80%+),1,0,1,-99300
PRJ-2018-079,Early (0–20%),1,0,1,228400
PRJ-2018-079,Mid (20–50%),7,7,0,1985100
PRJ-2018-079,Late (50–80%),2,2,0,782700
PRJ-2018-079,Closeout (80%+),2,0,2,582900
PRJ-2018-080,Early (0–20%),2,2,0,521200
PRJ-2018-080,Mid (20–50%),3,2,1,840400
PRJ-2018-080,Late (50–80%),6,5,1,2147500
PRJ-2018-080,Closeout (80%+),1,0,1,154700
PRJ-2019-081,Early (0–20%),3,3,0,2959900
PRJ-2019-081,Mid (20–50%),3,3,0,1219400
PRJ-2019-081,Late (50–80%),2,2,0,479700
PRJ-2019-081,Closeout (80%+),2,0,2,1706000
PRJ-2019-082,Mid (20–50%),3,1,2,873500
PRJ-2019-082,Late (50–80%),8,6,2,1226500
PRJ-2019-082,Closeout (80%+),6,5,1,2298500
PRJ-2019-083,Early (0–20%),2,2,0,86700
PRJ-2019-083,Mid (20–50%),4,2,2,369500
PRJ-2019-083,Late (50–80%),1,1,0,134400
PRJ-2019-083,Closeout (80%+),1,1,0,146200
PRJ-2019-084,Early (0–20%),4,2,2,705800
PRJ-2019-084,Mid (20–50%),5,4,1,303200
PRJ-2019-084,Late (50–80%),2,2,0,183200
PRJ-2019-084,Closeout (80%+),2,1,1,220100
PRJ-2019-085,Early (0–20%),2,2,0,205700
PRJ-2019-085,Mid (20–50%),3,3,0,88600
PRJ-2019-085,Late (50–80%),5,5,0,251200
PRJ-2019-085,Closeout (80%+),1,1,0,117100
PRJ-2019-086,Early (0–20%),2,2,0,598400
PRJ-2019-086,Mid (20–50%),3,3,0,845600
PRJ-2019-086,Late (50–80%),4,2,2,582800
PRJ-2019-086,Closeout (80%+),2,1,1,389800
PRJ-2019-087,Early (0–20%),1,1,0,-99100
PRJ-2019-087,Mid (20–50%),5,4,1,1840700
PRJ-2019-087,Late (50–80%),2,2,0,581100
PRJ-2019-087,Closeout (80%+),3,2,1,653000
PRJ-2019-088,Early (0–20%),3,2,1,366700
PRJ-2019-088,Mid (20–50%),5,2,3,454800
PRJ-2019-088,Late (50–80%),2,0,2,228600
PRJ-2019-088,Closeout (80%+),4,2,2,547900
PRJ-2019-089,Early (0–20%),2,1,1,732100
PRJ-2019-089,Mid (20–50%),3,3,0,854300
PRJ-2019-089,Late (50–80%),5,3,2,642700
PRJ-2019-089,Closeout (80%+),1,1,0,501600
PRJ-2019-090,Early (0–20%),2,2,0,102100
PRJ-2019-090,Mid (20–50%),3,1,2,89000
PRJ-2019-090,Late (50–80%),2,2,0,138300
PRJ-2019-090,Closeout (80%+),5,4,1,272700
PRJ-2019-091,Mid (20–50%),2,1,1,1120900
PRJ-2019-091,Late (50–80%),2,2,0,915100
PRJ-2019-091,Closeout (80%+),4,4,0,1495800
PRJ-2019-092,Early (0–20%),2,0,2,342000
PRJ-2019-092,Mid (20–50%),4,4,0,434100
PRJ-2019-092,Late (50–80%),1,1,0,238600
PRJ-2019-092,Closeout (80%+),4,4,0,123700
PRJ-2019-093,Early (0–20%),1,1,0,219300
PRJ-2019-093,Mid (20–50%),5,4,1,653100
PRJ-2019-093,Late (50–80%),3,1,2,379800
PRJ-2019-094,Mid (20–50%),4,1,3,681800
PRJ-2019-094,Late (50–80%),1,1,0,283300
PRJ-2019-094,Closeout (80%+),2,2,0,736900
PRJ-2019-095,Early (0–20%),1,1,0,80000
PRJ-2019-095,Mid (20–50%),2,1,1,146100
PRJ-2019-095,Late (50–80%),12,9,3,1182000
PRJ-2019-095,Closeout (80%+),5,4,1,1044400
PRJ-2019-096,Mid (20–50%),2,2,0,210000
PRJ-2019-096,Late (50–80%),4,4,0,209900
PRJ-2019-097,Early (0–20%),2,2,0,217100
PRJ-2019-097,Mid (20–50%),2,2,0,202800
PRJ-2019-097,Late (50–80%),4,4,0,511900
PRJ-2019-098,Mid (20–50%),4,4,0,382500
PRJ-2019-098,Late (50–80%),3,2,1,471400
PRJ-2019-098,Closeout (80%+),1,1,0,164700
PRJ-2019-099,Early (0–20%),2,2,0,483700
PRJ-2019-099,Mid (20–50%),1,1,0,166800
PRJ-2019-099,Late (50–80%),3,3,0,81100
PRJ-2019-100,Mid (20–50%),2,1,1,87800
PRJ-2019-100,Late (50–80%),1,1,0,90500
PRJ-2019-100,Closeout (80%+),3,2,1,250800
PRJ-2019-101,Early (0–20%),1,1,0,177700
PRJ-2019-101,Mid (20–50%),1,1,0,-628900
PRJ-2019-101,Late (50–80%),3,2,1,2648100
PRJ-2019-101,Closeout (80%+),1,1,0,1531000
PRJ-2019-102,Early (0–20%),2,2,0,-76600
PRJ-2019-102,Mid (20–50%),3,3,0,1346500
PRJ-2019-102,Late (50–80%),2,1,1,443100
PRJ-2019-102,Closeout (80%+),3,3,0,974300
PRJ-2019-103,Early (0–20%),2,2,0,34300
PRJ-2019-103,Mid (20–50%),5,5,0,197800
PRJ-2019-103,Late (50–80%),5,4,1,277600
PRJ-2019-103,Closeout (80%+),5,5,0,318700
PRJ-2019-104,Mid (20–50%),2,2,0,521800
PRJ-2019-104,Late (50–80%),4,4,0,504900
PRJ-2019-105,Mid (20–50%),2,2,0,383300
PRJ-2019-105,Late (50–80%),2,2,0,214000
PRJ-2019-106,Early (0–20%),2,2,0,2430700
PRJ-2019-106,Mid (20–50%),1,1,0,1151000
PRJ-2019-106,Late (50–80%),6,4,2,3067500
PRJ-2019-107,Early (0–20%),3,3,0,703600
PRJ-2019-107,Mid (20–50%),2,2,0,-103900
PRJ-2019-107,Late (50–80%),2,0,2,442100
PRJ-2019-107,Closeout (80%+),3,2,1,805200
PRJ-2019-108,Early (0–20%),4,4,0,1117500
PRJ-2019-108,Mid (20–50%),2,1,1,180900
PRJ-2019-108,Late (50–80%),5,4,1,514500
PRJ-2019-108,Closeout (80%+),9,4,5,844300
PRJ-2019-109,Early (0–20%),2,2,0,363100
PRJ-2019-109,Mid (20–50%),2,1,1,308800
PRJ-2019-109,Late (50–80%),2,2,0,441400
PRJ-2019-110,Late (50–80%),2,1,1,209600
PRJ-2019-110,Closeout (80%+),1,1,0,83800
PRJ-2019-111,Early (0–20%),1,1,0,221000
PRJ-2019-111,Mid (20–50%),1,1,0,-115000
PRJ-2019-111,Late (50–80%),5,3,2,1286100
PRJ-2019-111,Closeout (80%+),1,1,0,40600
PRJ-2019-112,Early (0–20%),2,2,0,256600
PRJ-2019-112,Mid (20–50%),2,1,1,284500
PRJ-2019-112,Late (50–80%),2,2,0,294600
PRJ-2019-113,Mid (20–50%),7,6,1,184700
PRJ-2019-113,Late (50–80%),4,4,0,267900
PRJ-2019-113,Closeout (80%+),2,2,0,100600
PRJ-2019-114,Early (0–20%),2,1,1,356800
PRJ-2019-114,Mid (20–50%),1,1,0,320000
PRJ-2019-114,Late (50–80%),4,3,1,2269800
PRJ-2019-114,Closeout (80%+),2,2,0,-364400
PRJ-2019-115,Early (0–20%),2,1,1,1079400
PRJ-2019-115,Mid (20–50%),2,1,1,575000
PRJ-2019-115,Late (50–80%),3,3,0,376600
PRJ-2019-115,Closeout (80%+),3,3,0,1413700
PRJ-2019-116,Mid (20–50%),1,1,0,731200
PRJ-2019-116,Late (50–80%),4,3,1,686100
PRJ-2019-116,Closeout (80%+),1,1,0,765700
PRJ-2019-117,Early (0–20%),3,3,0,1164100
PRJ-2019-117,Mid (20–50%),2,2,0,798100
PRJ-2019-117,Late (50–80%),1,1,0,77900
PRJ-2019-117,Closeout (80%+),4,3,1,-328800
PRJ-2019-118,Early (0–20%),1,1,0,110700
PRJ-2019-118,Mid (20–50%),5,4,1,349700
PRJ-2019-118,Late (50–80%),2,2,0,73300
PRJ-2019-118,Closeout (80%+),3,1,2,149400
PRJ-2019-119,Early (0–20%),2,1,1,791500
PRJ-2019-119,Mid (20–50%),6,5,1,1768700
PRJ-2019-119,Late (50–80%),1,1,0,320200
PRJ-2019-119,Closeout (80%+),2,2,0,585600
PRJ-2019-120,Mid (20–50%),5,5,0,179200
PRJ-2019-120,Late (50–80%),3,1,2,264900
PRJ-2019-120,Closeout (80%+),4,4,0,223100
PRJ-2019-121,Early (0–20%),4,4,0,3794900
PRJ-2019-121,Mid (20–50%),5,5,0,2859600
PRJ-2019-121,Late (50–80%),4,2,2,2548500
PRJ-2019-121,Closeout (80%+),4,2,2,2585300
PRJ-2019-122,Mid (20–50%),1,0,1,45900
PRJ-2019-122,Late (50–80%),3,1,2,27200
PRJ-2019-123,Mid (20–50%),2,1,1,352700
PRJ-2019-123,Late (50–80%),1,1,0,299400
PRJ-2019-123,Closeout (80%+),4,2,2,275800
PRJ-2019-124,Mid (20–50%),3,2,1,183300
PRJ-2019-124,Late (50–80%),4,3,1,387300
PRJ-2019-124,Closeout (80%+),1,1,0,99000
PRJ-2019-125,Early (0–20%),1,1,0,162500
PRJ-2019-125,Mid (20–50%),5,4,1,945300
PRJ-2019-125,Late (50–80%),5,3,2,68300
PRJ-2019-125,Closeout (80%+),1,1,0,324400
PRJ-2019-126,Early (0–20%),4,2,2,2217900
PRJ-2019-126,Mid (20–50%),4,3,1,2659600
PRJ-2019-126,Late (50–80%),8,8,0,1951500
PRJ-2019-126,Closeout (80%+),4,4,0,3859100
PRJ-2019-127,Early (0–20%),2,2,0,9700
PRJ-2019-127,Mid (20–50%),5,5,0,541300
PRJ-2019-127,Late (50–80%),4,2,2,808900
PRJ-2019-128,Early (0–20%),1,0,1,56600
PRJ-2019-128,Mid (20–50%),3,3,0,119700
PRJ-2019-128,Late (50–80%),1,1,0,-47700
PRJ-2019-128,Closeout (80%+),2,2,0,61700
PRJ-2019-129,Mid (20–50%),4,3,1,556700
PRJ-2019-129,Closeout (80%+),2,2,0,378100
PRJ-2019-130,Early (0–20%),2,2,0,-51500
PRJ-2019-130,Mid (20–50%),6,5,1,709900
PRJ-2019-130,Late (50–80%),7,7,0,612200
PRJ-2019-130,Closeout (80%+),2,2,0,353300
PRJ-2019-131,Early (0–20%),1,0,1,-301000
PRJ-2019-131,Mid (20–50%),5,5,0,4066300
PRJ-2019-131,Late (50–80%),3,3,0,1728400
PRJ-2019-131,Closeout (80%+),3,2,1,926700
PRJ-2019-132,Early (0–20%),3,3,0,72700
PRJ-2019-132,Mid (20–50%),2,2,0,65500
PRJ-2019-132,Late (50–80%),4,4,0,177000
PRJ-2019-132,Closeout (80%+),1,0,1,50300
PRJ-2019-133,Early (0–20%),2,1,1,91900
PRJ-2019-133,Mid (20–50%),2,1,1,437300
PRJ-2019-133,Late (50–80%),3,2,1,325700
PRJ-2019-133,Closeout (80%+),3,3,0,276400
PRJ-2019-134,Early (0–20%),1,1,0,136400
PRJ-2019-134,Mid (20–50%),4,3,1,500300
PRJ-2019-134,Late (50–80%),2,1,1,123800
PRJ-2019-134,Closeout (80%+),2,0,2,147300
PRJ-2019-135,Early (0–20%),1,1,0,138100
PRJ-2019-135,Mid (20–50%),1,1,0,258300
PRJ-2019-135,Late (50–80%),6,6,0,1753300
PRJ-2019-136,Early (0–20%),2,2,0,242600
PRJ-2019-136,Mid (20–50%),2,2,0,279500
PRJ-2019-136,Late (50–80%),6,5,1,373200
PRJ-2019-137,Early (0–20%),1,1,0,651400
PRJ-2019-137,Mid (20–50%),6,4,2,1914700
PRJ-2019-137,Late (50–80%),2,1,1,1064100
PRJ-2019-137,Closeout (80%+),2,2,0,1758200
PRJ-2019-138,Early (0–20%),2,2,0,180800
PRJ-2019-138,Mid (20–50%),3,3,0,563600
PRJ-2019-138,Late (50–80%),9,7,2,1818600
PRJ-2019-139,Early (0–20%),2,2,0,293700
PRJ-2019-139,Mid (20–50%),2,2,0,315200
PRJ-2019-139,Late (50–80%),3,3,0,447600
PRJ-2019-139,Closeout (80%+),1,1,0,96600
PRJ-2019-140,Early (0–20%),3,2,1,403000
PRJ-2019-140,Mid (20–50%),4,4,0,712400
PRJ-2019-140,Late (50–80%),5,4,1,814000
PRJ-2019-140,Closeout (80%+),2,2,0,551300
PRJ-2019-141,Mid (20–50%),1,0,1,936900
PRJ-2019-141,Late (50–80%),5,4,1,2606000
PRJ-2019-141,Closeout (80%+),2,2,0,928700
PRJ-2019-142,Mid (20–50%),1,1,0,-304000
PRJ-2019-142,Late (50–80%),8,6,2,1907200
PRJ-2019-143,Early (0–20%),1,1,0,-6600
PRJ-2019-143,Mid (20–50%),6,5,1,223100
PRJ-2019-143,Late (50–80%),1,1,0,13500
PRJ-2019-143,Closeout (80%+),1,1,0,77600
PRJ-2019-144,Early (0–20%),1,1,0,305600
PRJ-2019-144,Mid (20–50%),7,6,1,616600
PRJ-2019-144,Late (50–80%),4,4,0,364400
PRJ-2019-144,Closeout (80%+),2,1,1,463600
PRJ-2019-145,Early (0–20%),1,1,0,-24700
PRJ-2019-145,Mid (20–50%),4,3,1,326200
PRJ-2019-145,Late (50–80%),3,2,1,-15700
PRJ-2019-146,Mid (20–50%),4,2,2,511800
PRJ-2019-146,Late (50–80%),5,3,2,403300
PRJ-2019-147,Early (0–20%),2,1,1,455400
PRJ-2019-147,Mid (20–50%),5,2,3,2298300
PRJ-2019-147,Late (50–80%),4,3,1,1055000
PRJ-2019-147,Closeout (80%+),6,5,1,1357300
PRJ-2019-148,Early (0–20%),4,3,1,549100
PRJ-2019-148,Mid (20–50%),3,3,0,-47600
PRJ-2019-148,Late (50–80%),2,2,0,301700
PRJ-2019-149,Early (0–20%),1,1,0,600100
PRJ-2019-149,Mid (20–50%),2,1,1,532500
PRJ-2019-149,Late (50–80%),3,2,1,950200
PRJ-2019-149,Closeout (80%+),3,2,1,134000
PRJ-2019-150,Early (0–20%),2,2,0,786900
PRJ-2019-150,Mid (20–50%),8,6,2,1361600
PRJ-2019-150,Late (50–80%),7,5,2,1858400
PRJ-2019-150,Closeout (80%+),3,3,0,496400
PRJ-2019-151,Early (0–20%),1,1,0,471700
PRJ-2019-151,Mid (20–50%),2,1,1,1231600
PRJ-2019-151,Late (50–80%),2,1,1,637500
PRJ-2019-151,Closeout (80%+),3,3,0,1778500
PRJ-2019-152,Early (0–20%),2,1,1,67000
PRJ-2019-152,Mid (20–50%),4,3,1,113700
PRJ-2019-152,Late (50–80%),2,2,0,58600
PRJ-2019-152,Closeout (80%+),3,2,1,84700
PRJ-2019-153,Early (0–20%),3,2,1,74300
PRJ-2019-153,Mid (20–50%),9,7,2,752400
PRJ-2019-153,Late (50–80%),7,6,1,569100
PRJ-2019-153,Closeout (80%+),1,1,0,35000
PRJ-2019-154,Early (0–20%),2,2,0,195100
PRJ-2019-154,Mid (20–50%),5,4,1,347100
PRJ-2019-154,Late (50–80%),3,2,1,318700
PRJ-2019-154,Closeout (80%+),1,1,0,25100
PRJ-2019-155,Mid (20–50%),2,2,0,134900
PRJ-2019-155,Late (50–80%),4,3,1,327600
PRJ-2019-156,Early (0–20%),1,1,0,427700
PRJ-2019-156,Mid (20–50%),1,1,0,870800
PRJ-2019-156,Late (50–80%),5,4,1,1962500
PRJ-2019-157,Early (0–20%),3,3,0,280200
PRJ-2019-157,Mid (20–50%),5,4,1,558600
PRJ-2019-157,Late (50–80%),4,3,1,440400
PRJ-2019-157,Closeout (80%+),1,1,0,26700
PRJ-2019-158,Mid (20–50%),3,2,1,342800
PRJ-2019-158,Late (50–80%),3,2,1,193800
PRJ-2019-159,Early (0–20%),1,1,0,-136500
PRJ-2019-159,Mid (20–50%),2,1,1,676400
PRJ-2019-159,Late (50–80%),1,1,0,155100
PRJ-2019-159,Closeout (80%+),2,2,0,541400
PRJ-2019-160,Early (0–20%),3,2,1,422800
PRJ-2019-160,Mid (20–50%),6,4,2,733600
PRJ-2019-160,Late (50–80%),3,2,1,137600
PRJ-2020-161,Early (0–20%),2,0,2,2607100
PRJ-2020-161,Mid (20–50%),5,2,3,4914300
PRJ-2020-161,Late (50–80%),6,4,2,4534000
PRJ-2020-161,Closeout (80%+),4,2,2,3105300
PRJ-2020-162,Mid (20–50%),3,2,1,-140700
PRJ-2020-162,Late (50–80%),2,1,1,939400
PRJ-2020-163,Early (0–20%),1,1,0,128700
PRJ-2020-163,Mid (20–50%),8,7,1,897000
PRJ-2020-163,Late (50–80%),8,5,3,1089100
PRJ-2020-163,Closeout (80%+),2,1,1,186200
PRJ-2020-164,Early (0–20%),1,1,0,161700
PRJ-2020-164,Mid (20–50%),1,0,1,-22700
PRJ-2020-164,Late (50–80%),3,3,0,415200
PRJ-2020-164,Closeout (80%+),2,2,0,246000
PRJ-2020-165,Early (0–20%),3,3,0,172600
PRJ-2020-165,Mid (20–50%),4,4,0,506400
PRJ-2020-165,Late (50–80%),8,7,1,883300
PRJ-2020-165,Closeout (80%+),2,2,0,206200
PRJ-2020-166,Early (0–20%),1,1,0,889500
PRJ-2020-166,Mid (20–50%),5,4,1,4030600
PRJ-2020-166,Late (50–80%),3,2,1,3049700
PRJ-2020-167,Early (0–20%),1,0,1,94900
PRJ-2020-167,Mid (20–50%),3,2,1,668200
PRJ-2020-167,Late (50–80%),2,1,1,374200
PRJ-2020-168,Mid (20–50%),2,1,1,198100
PRJ-2020-168,Late (50–80%),2,2,0,180000
PRJ-2020-169,Early (0–20%),2,1,1,80100
PRJ-2020-169,Mid (20–50%),2,2,0,312000
PRJ-2020-169,Late (50–80%),3,2,1,-13400
PRJ-2020-170,Mid (20–50%),1,1,0,88200
PRJ-2020-170,Late (50–80%),2,2,0,30900
PRJ-2020-171,Early (0–20%),1,1,0,121600
PRJ-2020-171,Mid (20–50%),4,3,1,21800
PRJ-2020-171,Late (50–80%),1,1,0,39500
PRJ-2020-172,Early (0–20%),1,1,0,68400
PRJ-2020-172,Mid (20–50%),4,4,0,310000
PRJ-2020-172,Late (50–80%),1,0,1,89700
PRJ-2020-172,Closeout (80%+),4,3,1,275000
PRJ-2020-173,Early (0–20%),1,1,0,29700
PRJ-2020-173,Mid (20–50%),4,3,1,298400
PRJ-2020-173,Late (50–80%),3,2,1,135100
PRJ-2020-173,Closeout (80%+),4,3,1,124000
PRJ-2020-174,Early (0–20%),3,3,0,541100
PRJ-2020-174,Mid (20–50%),3,3,0,385000
PRJ-2020-174,Late (50–80%),2,2,0,229700
PRJ-2020-174,Closeout (80%+),3,2,1,274800
PRJ-2020-175,Early (0–20%),3,3,0,1240700
PRJ-2020-175,Mid (20–50%),3,1,2,846100
PRJ-2020-175,Late (50–80%),3,2,1,892900
PRJ-2020-175,Closeout (80%+),1,1,0,451200
PRJ-2020-176,Early (0–20%),1,1,0,61400
PRJ-2020-176,Mid (20–50%),2,1,1,1215400
PRJ-2020-176,Late (50–80%),3,1,2,741200
PRJ-2020-176,Closeout (80%+),1,1,0,434900
PRJ-2020-177,Early (0–20%),1,1,0,226700
PRJ-2020-177,Mid (20–50%),2,2,0,493200
PRJ-2020-177,Late (50–80%),3,2,1,442700
PRJ-2020-177,Closeout (80%+),2,1,1,297200
PRJ-2020-178,Early (0–20%),1,1,0,-119200
PRJ-2020-178,Mid (20–50%),1,1,0,197300
PRJ-2020-178,Late (50–80%),3,1,2,465800
PRJ-2020-178,Closeout (80%+),4,3,1,593900
PRJ-2020-179,Early (0–20%),1,0,1,-315300
PRJ-2020-179,Mid (20–50%),6,5,1,2409400
PRJ-2020-179,Late (50–80%),3,2,1,523900
PRJ-2020-179,Closeout (80%+),3,3,0,571800
PRJ-2020-180,Early (0–20%),4,3,1,500600
PRJ-2020-180,Mid (20–50%),8,8,0,710600
PRJ-2020-180,Late (50–80%),4,2,2,323500
PRJ-2020-180,Closeout (80%+),4,4,0,428900
PRJ-2020-181,Early (0–20%),2,2,0,1491800
PRJ-2020-181,Mid (20–50%),3,2,1,1517100
PRJ-2020-181,Late (50–80%),1,1,0,473000
PRJ-2020-181,Closeout (80%+),1,1,0,493600
PRJ-2020-182,Early (0–20%),4,1,3,513100
PRJ-2020-182,Late (50–80%),4,3,1,544800
PRJ-2020-182,Closeout (80%+),3,2,1,557100
PRJ-2020-183,Early (0–20%),3,1,2,226200
PRJ-2020-183,Mid (20–50%),8,6,2,1514500
PRJ-2020-183,Late (50–80%),3,3,0,209700
PRJ-2020-183,Closeout (80%+),4,3,1,728100
PRJ-2020-184,Early (0–20%),2,2,0,51900
PRJ-2020-184,Mid (20–50%),4,4,0,300300
PRJ-2020-184,Late (50–80%),5,5,0,373900
PRJ-2020-184,Closeout (80%+),2,1,1,331900
PRJ-2020-185,Early (0–20%),2,1,1,-16800
PRJ-2020-185,Mid (20–50%),2,2,0,107900
PRJ-2020-185,Late (50–80%),2,1,1,155700
PRJ-2020-185,Closeout (80%+),1,0,1,78400
PRJ-2020-186,Early (0–20%),4,2,2,561700
PRJ-2020-186,Mid (20–50%),1,1,0,735000
PRJ-2020-186,Late (50–80%),2,2,0,1101500
PRJ-2020-186,Closeout (80%+),2,0,2,567400
PRJ-2020-187,Early (0–20%),1,1,0,-30500
PRJ-2020-187,Mid (20–50%),5,4,1,378600
PRJ-2020-187,Closeout (80%+),1,1,0,245300
PRJ-2020-188,Early (0–20%),2,2,0,248900
PRJ-2020-188,Mid (20–50%),2,2,0,438800
PRJ-2020-188,Late (50–80%),6,6,0,855500
PRJ-2020-188,Closeout (80%+),5,4,1,441100
PRJ-2020-189,Early (0–20%),2,0,2,869300
PRJ-2020-189,Mid (20–50%),2,2,0,328200
PRJ-2020-189,Late (50–80%),5,4,1,943700
PRJ-2020-189,Closeout (80%+),2,2,0,922500
PRJ-2020-190,Mid (20–50%),2,2,0,31100
PRJ-2020-190,Late (50–80%),3,3,0,387900
PRJ-2020-190,Closeout (80%+),2,2,0,241600
PRJ-2020-191,Early (0–20%),1,1,0,359800
PRJ-2020-191,Mid (20–50%),4,4,0,3835700
PRJ-2020-191,Late (50–80%),4,4,0,1870700
PRJ-2020-191,Closeout (80%+),3,2,1,815500
PRJ-2020-192,Early (0–20%),1,1,0,163600
PRJ-2020-192,Mid (20–50%),5,3,2,1526400
PRJ-2020-192,Late (50–80%),3,1,2,725600
PRJ-2020-193,Early (0–20%),1,1,0,85000
PRJ-2020-193,Mid (20–50%),9,9,0,2358200
PRJ-2020-193,Late (50–80%),8,7,1,2136000
PRJ-2020-193,Closeout (80%+),2,1,1,475800
PRJ-2020-194,Mid (20–50%),4,2,2,1330500
PRJ-2020-194,Late (50–80%),2,2,0,642600
PRJ-2020-195,Early (0–20%),4,2,2,786500
PRJ-2020-195,Mid (20–50%),6,4,2,1589300
PRJ-2020-195,Late (50–80%),6,5,1,1312500
PRJ-2020-195,Closeout (80%+),2,2,0,52200
PRJ-2020-196,Early (0–20%),3,1,2,1321300
PRJ-2020-196,Mid (20–50%),4,3,1,1914800
PRJ-2020-196,Late (50–80%),7,5,2,2142600
PRJ-2020-196,Closeout (80%+),3,3,0,1895400
PRJ-2020-197,Mid (20–50%),2,1,1,2900
PRJ-2020-197,Late (50–80%),5,4,1,101400
PRJ-2020-197,Closeout (80%+),1,1,0,100400
PRJ-2020-198,Mid (20–50%),3,2,1,379200
PRJ-2020-198,Late (50–80%),6,4,2,776900
PRJ-2020-198,Closeout (80%+),3,3,0,517400
PRJ-2020-199,Early (0–20%),1,1,0,94800
PRJ-2020-199,Mid (20–50%),2,1,1,628400
PRJ-2020-199,Late (50–80%),1,1,0,272500
PRJ-2020-199,Closeout (80%+),2,1,1,584800
PRJ-2020-200,Early (0–20%),3,3,0,450100
PRJ-2020-200,Mid (20–50%),2,2,0,119500
PRJ-2020-200,Late (50–80%),2,1,1,173800
PRJ-2020-201,Early (0–20%),1,1,0,791300
PRJ-2020-201,Mid (20–50%),7,5,2,3837900
PRJ-2020-201,Late (50–80%),5,5,0,2785900
PRJ-2020-201,Closeout (80%+),1,1,0,538700
PRJ-2020-202,Early (0–20%),3,2,1,1186000
PRJ-2020-202,Mid (20–50%),6,6,0,2710200
PRJ-2020-202,Late (50–80%),6,4,2,3079600
PRJ-2020-202,Closeout (80%+),5,4,1,1163100
PRJ-2020-203,Early (0–20%),2,2,0,102000
PRJ-2020-203,Mid (20–50%),7,6,1,431000
PRJ-2020-203,Late (50–80%),3,3,0,339300
PRJ-2020-203,Closeout (80%+),5,3,2,182900
PRJ-2020-204,Early (0–20%),2,1,1,208900
PRJ-2020-204,Mid (20–50%),3,2,1,671300
PRJ-2020-204,Late (50–80%),2,1,1,612900
PRJ-2020-204,Closeout (80%+),2,0,2,1242200
PRJ-2020-205,Early (0–20%),2,1,1,154100
PRJ-2020-205,Mid (20–50%),2,1,1,117200
PRJ-2020-205,Late (50–80%),7,7,0,236000
PRJ-2020-205,Closeout (80%+),2,1,1,258700
PRJ-2020-206,Mid (20–50%),5,3,2,1691900
PRJ-2020-206,Late (50–80%),4,3,1,1546300
PRJ-2020-206,Closeout (80%+),3,3,0,827400
PRJ-2020-207,Early (0–20%),1,1,0,19800
PRJ-2020-207,Closeout (80%+),3,3,0,138000
PRJ-2020-208,Early (0–20%),2,2,0,336000
PRJ-2020-208,Mid (20–50%),5,3,2,900700
PRJ-2020-208,Late (50–80%),6,5,1,859000
PRJ-2020-209,Mid (20–50%),3,1,2,628600
PRJ-2020-209,Late (50–80%),4,4,0,871100
PRJ-2020-210,Early (0–20%),3,3,0,308200
PRJ-2020-210,Late (50–80%),1,1,0,384500
PRJ-2020-211,Early (0–20%),1,1,0,406600
PRJ-2020-211,Mid (20–50%),3,3,0,1692800
PRJ-2020-211,Late (50–80%),3,3,0,2339500
PRJ-2020-211,Closeout (80%+),1,1,0,469600
PRJ-2020-212,Early (0–20%),2,2,0,478400
PRJ-2020-212,Mid (20–50%),7,6,1,2047700
PRJ-2020-212,Late (50–80%),8,6,2,4952400
PRJ-2020-212,Closeout (80%+),3,2,1,1458400
PRJ-2020-213,Early (0–20%),1,1,0,70300
PRJ-2020-213,Mid (20–50%),2,2,0,136700
PRJ-2020-213,Late (50–80%),4,4,0,4900
PRJ-2020-214,Early (0–20%),2,1,1,580300
PRJ-2020-214,Late (50–80%),4,4,0,487200
PRJ-2020-215,Early (0–20%),1,0,1,602900
PRJ-2020-215,Mid (20–50%),5,4,1,1977400
PRJ-2020-215,Late (50–80%),3,3,0,406300
PRJ-2020-215,Closeout (80%+),5,4,1,1276400
PRJ-2020-216,Mid (20–50%),4,2,2,3033600
PRJ-2020-216,Late (50–80%),5,4,1,1512400
PRJ-2020-217,Early (0–20%),1,1,0,92100
PRJ-2020-217,Mid (20–50%),3,2,1,243000
PRJ-2020-217,Late (50–80%),2,1,1,75800
PRJ-2020-218,Early (0–20%),2,2,0,166400
PRJ-2020-218,Mid (20–50%),2,2,0,286400
PRJ-2020-218,Late (50–80%),6,5,1,802900
PRJ-2020-218,Closeout (80%+),4,2,2,156500
PRJ-2020-219,Mid (20–50%),4,3,1,1342000
PRJ-2020-219,Late (50–80%),2,2,0,1585700
PRJ-2020-219,Closeout (80%+),1,1,0,-195800
PRJ-2020-220,Early (0–20%),2,1,1,263300
PRJ-2020-220,Mid (20–50%),4,2,2,1068200
PRJ-2020-220,Late (50–80%),3,2,1,897900
PRJ-2020-220,Closeout (80%+),2,1,1,329500
PRJ-2020-221,Early (0–20%),5,4,1,1316800
PRJ-2020-221,Mid (20–50%),3,1,2,662800
PRJ-2020-221,Late (50–80%),5,5,0,821300
PRJ-2020-221,Closeout (80%+),2,2,0,-64300
PRJ-2020-222,Early (0–20%),2,1,1,424000
PRJ-2020-222,Mid (20–50%),5,4,1,370100
PRJ-2020-222,Late (50–80%),3,2,1,448200
PRJ-2020-222,Closeout (80%+),1,1,0,218100
PRJ-2020-223,Early (0–20%),1,0,1,239000
PRJ-2020-223,Mid (20–50%),4,2,2,110000
PRJ-2020-223,Late (50–80%),5,1,4,336200
PRJ-2020-223,Closeout (80%+),2,2,0,190700
PRJ-2020-224,Early (0–20%),1,0,1,55400
PRJ-2020-224,Mid (20–50%),4,3,1,1372300
PRJ-2020-224,Late (50–80%),1,1,0,165300
PRJ-2020-224,Closeout (80%+),4,4,0,653400
PRJ-2020-225,Early (0–20%),1,1,0,26200
PRJ-2020-225,Mid (20–50%),5,5,0,450800
PRJ-2020-225,Late (50–80%),4,3,1,217900
PRJ-2020-226,Early (0–20%),4,3,1,3512400
PRJ-2020-226,Mid (20–50%),4,3,1,2367100
PRJ-2020-226,Late (50–80%),3,2,1,2205500
PRJ-2020-227,Early (0–20%),3,1,2,638400
PRJ-2020-227,Mid (20–50%),6,3,3,1367200
PRJ-2020-227,Late (50–80%),3,0,3,1275300
PRJ-2020-227,Closeout (80%+),2,2,0,600200
PRJ-2020-228,Early (0–20%),4,2,2,388200
PRJ-2020-228,Late (50–80%),1,1,0,109500
PRJ-2020-228,Closeout (80%+),1,1,0,167400
PRJ-2020-229,Mid (20–50%),4,3,1,611100
PRJ-2020-229,Late (50–80%),2,1,1,457100
PRJ-2020-230,Mid (20–50%),1,0,1,-66300
PRJ-2020-230,Late (50–80%),1,1,0,98700
PRJ-2020-230,Closeout (80%+),1,1,0,145600
PRJ-2020-231,Early (0–20%),2,2,0,321200
PRJ-2020-231,Mid (20–50%),8,4,4,1260200
PRJ-2020-231,Late (50–80%),8,6,2,1690800
PRJ-2020-231,Closeout (80%+),2,2,0,150300
PRJ-2020-232,Mid (20–50%),3,1,2,314000
PRJ-2020-232,Late (50–80%),3,2,1,418800
PRJ-2020-232,Closeout (80%+),4,4,0,409200
PRJ-2020-233,Early (0–20%),2,2,0,-26800
PRJ-2020-233,Mid (20–50%),1,1,0,35500
PRJ-2020-233,Late (50–80%),6,5,1,310700
PRJ-2020-234,Mid (20–50%),3,2,1,520100
PRJ-2020-234,Late (50–80%),2,1,1,830200
PRJ-2020-234,Closeout (80%+),1,1,0,344400
PRJ-2020-235,Early (0–20%),2,1,1,-41700
PRJ-2020-235,Mid (20–50%),7,6,1,1089000
PRJ-2020-235,Late (50–80%),3,3,0,1573000
PRJ-2020-235,Closeout (80%+),2,1,1,780600
PRJ-2020-236,Early (0–20%),1,1,0,165900
PRJ-2020-236,Mid (20–50%),2,2,0,479600
PRJ-2020-236,Late (50–80%),4,4,0,669900
PRJ-2020-237,Early (0–20%),1,1,0,1191400
PRJ-2020-237,Mid (20–50%),3,3,0,760200
PRJ-2020-237,Late (50–80%),2,1,1,450200
PRJ-2020-237,Closeout (80%+),1,0,1,149300
PRJ-2020-238,Early (0–20%),2,1,1,178000
PRJ-2020-238,Mid (20–50%),2,2,0,234200
PRJ-2020-238,Late (50–80%),3,1,2,238800
PRJ-2020-238,Closeout (80%+),1,1,0,277900
PRJ-2020-239,Early (0–20%),5,4,1,1482200
PRJ-2020-239,Mid (20–50%),5,3,2,2033700
PRJ-2020-239,Late (50–80%),5,4,1,3283800
PRJ-2020-240,Early (0–20%),4,3,1,521600
PRJ-2020-240,Mid (20–50%),3,3,0,268300
PRJ-2020-240,Late (50–80%),4,3,1,678300
PRJ-2020-240,Closeout (80%+),3,1,2,374900
PRJ-2021-241,Mid (20–50%),4,3,1,1205500
PRJ-2021-241,Late (50–80%),2,0,2,837800
PRJ-2021-242,Mid (20–50%),7,3,4,1305500
PRJ-2021-242,Late (50–80%),3,3,0,816500
PRJ-2021-242,Closeout (80%+),1,1,0,187700
PRJ-2021-243,Early (0–20%),2,2,0,196000
PRJ-2021-243,Mid (20–50%),9,7,2,478500
PRJ-2021-243,Late (50–80%),7,3,4,373800
PRJ-2021-243,Closeout (80%+),2,0,2,4900
PRJ-2021-244,Early (0–20%),1,1,0,307400
PRJ-2021-244,Mid (20–50%),3,2,1,498800
PRJ-2021-244,Late (50–80%),2,1,1,73900
PRJ-2021-245,Early (0–20%),4,3,1,830800
PRJ-2021-245,Mid (20–50%),4,3,1,712100
PRJ-2021-245,Late (50–80%),2,1,1,32800
PRJ-2021-245,Closeout (80%+),1,1,0,169500
PRJ-2021-246,Early (0–20%),4,3,1,269400
PRJ-2021-246,Mid (20–50%),3,3,0,598200
PRJ-2021-246,Late (50–80%),5,4,1,922800
PRJ-2021-246,Closeout (80%+),2,2,0,288600
PRJ-2021-247,Early (0–20%),1,1,0,190800
PRJ-2021-247,Mid (20–50%),3,0,3,1312200
PRJ-2021-247,Late (50–80%),1,0,1,323200
PRJ-2021-247,Closeout (80%+),1,1,0,-153700
PRJ-2021-248,Mid (20–50%),3,3,0,539200
PRJ-2021-248,Late (50–80%),1,1,0,90900
PRJ-2021-248,Closeout (80%+),2,2,0,325400
PRJ-2021-249,Early (0–20%),2,2,0,880200
PRJ-2021-249,Mid (20–50%),5,3,2,1487200
PRJ-2021-249,Late (50–80%),4,4,0,1051000
PRJ-2021-250,Early (0–20%),1,0,1,127400
PRJ-2021-250,Mid (20–50%),4,4,0,830600
PRJ-2021-250,Late (50–80%),4,3,1,976200
PRJ-2021-250,Closeout (80%+),2,2,0,33700
PRJ-2021-251,Early (0–20%),1,0,1,132600
PRJ-2021-251,Mid (20–50%),6,5,1,5214100
PRJ-2021-251,Late (50–80%),2,0,2,980900
PRJ-2021-251,Closeout (80%+),2,1,1,348100
PRJ-2021-252,Early (0–20%),2,2,0,986400
PRJ-2021-252,Mid (20–50%),1,0,1,61700
PRJ-2021-252,Late (50–80%),3,3,0,117500
PRJ-2021-253,Early (0–20%),4,4,0,841900
PRJ-2021-253,Mid (20–50%),4,2,2,808900
PRJ-2021-253,Late (50–80%),3,3,0,776600
PRJ-2021-253,Closeout (80%+),4,4,0,207200
PRJ-2021-254,Early (0–20%),1,1,0,135400
PRJ-2021-254,Mid (20–50%),3,2,1,456300
PRJ-2021-254,Late (50–80%),1,0,1,162500
PRJ-2021-254,Closeout (80%+),2,2,0,179700
PRJ-2021-255,Mid (20–50%),2,1,1,174500
PRJ-2021-255,Late (50–80%),1,1,0,139200
PRJ-2021-256,Mid (20–50%),2,2,0,958000
PRJ-2021-256,Late (50–80%),4,3,1,2044100
PRJ-2021-257,Early (0–20%),2,1,1,1269600
PRJ-2021-257,Mid (20–50%),8,7,1,2074800
PRJ-2021-257,Late (50–80%),2,1,1,626500
PRJ-2021-257,Closeout (80%+),2,1,1,835300
PRJ-2021-258,Early (0–20%),1,0,1,130000
PRJ-2021-258,Mid (20–50%),3,2,1,338900
PRJ-2021-258,Late (50–80%),2,2,0,137900
PRJ-2021-258,Closeout (80%+),2,0,2,237100
PRJ-2021-259,Mid (20–50%),4,3,1,682800
PRJ-2021-259,Late (50–80%),6,5,1,1461100
PRJ-2021-259,Closeout (80%+),1,1,0,234100
PRJ-2021-260,Early (0–20%),6,4,2,26300
PRJ-2021-260,Mid (20–50%),2,2,0,13600
PRJ-2021-260,Late (50–80%),2,2,0,131200
PRJ-2021-260,Closeout (80%+),2,1,1,59800
PRJ-2021-261,Mid (20–50%),2,1,1,480500
PRJ-2021-261,Late (50–80%),1,0,1,53200
PRJ-2021-261,Closeout (80%+),2,1,1,318500
PRJ-2021-262,Early (0–20%),1,0,1,625800
PRJ-2021-262,Mid (20–50%),3,2,1,301200
PRJ-2021-262,Late (50–80%),8,7,1,1502300
PRJ-2021-263,Early (0–20%),1,0,1,160100
PRJ-2021-263,Mid (20–50%),4,3,1,457900
PRJ-2021-263,Late (50–80%),3,3,0,577000
PRJ-2021-263,Closeout (80%+),3,3,0,308400
PRJ-2021-264,Early (0–20%),5,4,1,1354600
PRJ-2021-264,Mid (20–50%),7,2,5,745200
PRJ-2021-264,Late (50–80%),3,0,3,800900
PRJ-2021-264,Closeout (80%+),2,2,0,1529800
PRJ-2021-265,Early (0–20%),2,2,0,75000
PRJ-2021-265,Mid (20–50%),5,4,1,631300
PRJ-2021-265,Late (50–80%),2,2,0,35600
PRJ-2021-265,Closeout (80%+),2,2,0,297100
PRJ-2021-266,Early (0–20%),1,1,0,268800
PRJ-2021-266,Mid (20–50%),5,5,0,542700
PRJ-2021-266,Late (50–80%),2,2,0,476900
PRJ-2021-266,Closeout (80%+),4,4,0,629400
PRJ-2021-267,Early (0–20%),1,1,0,221300
PRJ-2021-267,Mid (20–50%),3,2,1,698900
PRJ-2021-267,Late (50–80%),7,7,0,1468500
PRJ-2021-268,Late (50–80%),1,1,0,49400
PRJ-2021-268,Closeout (80%+),5,3,2,26400
PRJ-2021-269,Early (0–20%),1,1,0,118300
PRJ-2021-269,Mid (20–50%),4,3,1,399100
PRJ-2021-269,Late (50–80%),7,6,1,505400
PRJ-2021-269,Closeout (80%+),1,1,0,111900
PRJ-2021-270,Mid (20–50%),1,1,0,216100
PRJ-2021-270,Late (50–80%),2,2,0,398600
PRJ-2021-270,Closeout (80%+),3,2,1,107600
PRJ-2021-271,Early (0–20%),1,1,0,274900
PRJ-2021-271,Mid (20–50%),5,4,1,3957400
PRJ-2021-271,Late (50–80%),5,5,0,2299000
PRJ-2021-271,Closeout (80%+),2,1,1,862800
PRJ-2021-272,Mid (20–50%),4,3,1,218900
PRJ-2021-273,Mid (20–50%),3,3,0,186100
PRJ-2021-273,Late (50–80%),1,1,0,12200
PRJ-2021-274,Mid (20–50%),5,4,1,1095100
PRJ-2021-274,Late (50–80%),3,3,0,404900
PRJ-2021-274,Closeout (80%+),4,3,1,709000
PRJ-2021-275,Mid (20–50%),3,2,1,829300
PRJ-2021-275,Late (50–80%),2,2,0,326300
PRJ-2021-276,Early (0–20%),2,0,2,682500
PRJ-2021-276,Mid (20–50%),4,3,1,3045300
PRJ-2021-276,Late (50–80%),2,0,2,-393900
PRJ-2021-276,Closeout (80%+),3,3,0,1224000
PRJ-2021-277,Mid (20–50%),4,3,1,394800
PRJ-2021-277,Late (50–80%),2,2,0,409900
PRJ-2021-278,Mid (20–50%),5,3,2,552100
PRJ-2021-278,Late (50–80%),4,3,1,514500
PRJ-2021-279,Early (0–20%),4,4,0,357900
PRJ-2021-279,Mid (20–50%),2,2,0,289500
PRJ-2021-279,Late (50–80%),1,1,0,71300
PRJ-2021-279,Closeout (80%+),1,1,0,33000
PRJ-2021-280,Early (0–20%),4,4,0,101300
PRJ-2021-280,Mid (20–50%),4,2,2,652300
PRJ-2021-280,Late (50–80%),3,2,1,994000
PRJ-2021-281,Early (0–20%),1,1,0,1645700
PRJ-2021-281,Mid (20–50%),2,2,0,91200
PRJ-2021-281,Late (50–80%),6,3,3,3414800
PRJ-2021-282,Early (0–20%),4,2,2,899800
PRJ-2021-282,Mid (20–50%),3,2,1,868000
PRJ-2021-282,Late (50–80%),3,2,1,1521400
PRJ-2021-282,Closeout (80%+),1,0,1,289900
PRJ-2021-283,Early (0–20%),2,2,0,42100
PRJ-2021-283,Mid (20–50%),3,3,0,105300
PRJ-2021-283,Late (50–80%),4,4,0,157800
PRJ-2021-283,Closeout (80%+),1,1,0,-17900
PRJ-2021-284,Early (0–20%),1,1,0,-89400
PRJ-2021-284,Mid (20–50%),2,2,0,31900
PRJ-2021-284,Late (50–80%),1,1,0,17300
PRJ-2021-284,Closeout (80%+),2,1,1,247400
PRJ-2021-285,Early (0–20%),1,1,0,134800
PRJ-2021-285,Mid (20–50%),5,3,2,410600
PRJ-2021-285,Late (50–80%),4,3,1,469800
PRJ-2021-285,Closeout (80%+),1,0,1,118800
PRJ-2021-286,Early (0–20%),2,2,0,1229800
PRJ-2021-286,Mid (20–50%),5,5,0,1644300
PRJ-2021-286,Late (50–80%),4,4,0,1634500
PRJ-2021-287,Late (50–80%),3,3,0,149800
PRJ-2021-287,Closeout (80%+),3,2,1,59200
PRJ-2021-288,Early (0–20%),2,1,1,441600
PRJ-2021-288,Mid (20–50%),3,1,2,380300
PRJ-2021-288,Late (50–80%),4,3,1,683800
PRJ-2021-288,Closeout (80%+),2,0,2,66600
PRJ-2021-289,Early (0–20%),2,2,0,608000
PRJ-2021-289,Mid (20–50%),7,6,1,1956100
PRJ-2021-289,Late (50–80%),6,6,0,1410700
PRJ-2021-289,Closeout (80%+),2,1,1,482000
PRJ-2021-290,Early (0–20%),2,1,1,467400
PRJ-2021-290,Mid (20–50%),4,3,1,530200
PRJ-2021-290,Late (50–80%),5,4,1,1489400
PRJ-2021-290,Closeout (80%+),3,2,1,632400
PRJ-2021-291,Early (0–20%),5,4,1,1336600
PRJ-2021-291,Mid (20–50%),3,1,2,1397200
PRJ-2021-291,Late (50–80%),3,2,1,323000
PRJ-2021-291,Closeout (80%+),2,1,1,349200
PRJ-2021-292,Early (0–20%),3,3,0,454400
PRJ-2021-292,Mid (20–50%),5,5,0,919800
PRJ-2021-292,Late (50–80%),6,3,3,803000
PRJ-2021-292,Closeout (80%+),6,5,1,1093000
PRJ-2021-293,Early (0–20%),1,0,1,74100
PRJ-2021-293,Mid (20–50%),4,4,0,688200
PRJ-2021-293,Late (50–80%),3,3,0,257400
PRJ-2021-293,Closeout (80%+),3,2,1,450200
PRJ-2021-294,Early (0–20%),1,0,1,237200
PRJ-2021-294,Mid (20–50%),4,3,1,627000
PRJ-2021-294,Late (50–80%),6,4,2,855200
PRJ-2021-295,Early (0–20%),8,8,0,405300
PRJ-2021-295,Mid (20–50%),3,3,0,381800
PRJ-2021-295,Late (50–80%),3,3,0,311400
PRJ-2021-295,Closeout (80%+),2,1,1,28000
PRJ-2021-296,Early (0–20%),2,1,1,1659300
PRJ-2021-296,Mid (20–50%),4,2,2,1497800
PRJ-2021-296,Late (50–80%),4,3,1,3350300
PRJ-2021-297,Early (0–20%),2,2,0,19400
PRJ-2021-297,Mid (20–50%),7,7,0,1867400
PRJ-2021-297,Late (50–80%),1,0,1,354800
PRJ-2021-297,Closeout (80%+),1,1,0,-332600
PRJ-2021-298,Early (0–20%),2,1,1,559300
PRJ-2021-298,Mid (20–50%),2,2,0,33500
PRJ-2021-298,Late (50–80%),6,6,0,1226300
PRJ-2021-298,Closeout (80%+),2,2,0,200900
PRJ-2021-299,Early (0–20%),1,1,0,41000
PRJ-2021-299,Mid (20–50%),2,2,0,21200
PRJ-2021-299,Late (50–80%),5,3,2,733300
PRJ-2021-299,Closeout (80%+),1,1,0,188300
PRJ-2021-300,Early (0–20%),1,0,1,439800
PRJ-2021-300,Mid (20–50%),2,2,0,529600
PRJ-2021-300,Late (50–80%),1,1,0,242500
PRJ-2021-301,Mid (20–50%),8,3,5,1097200
PRJ-2021-302,Early (0–20%),2,1,1,520500
PRJ-2021-302,Mid (20–50%),1,1,0,199700
PRJ-2021-302,Late (50–80%),1,0,1,202700
PRJ-2021-303,Early (0–20%),3,1,2,-23100
PRJ-2021-303,Mid (20–50%),4,2,2,492600
PRJ-2021-303,Late (50–80%),4,2,2,782600
PRJ-2021-303,Closeout (80%+),1,1,0,-43400
PRJ-2021-304,Early (0–20%),3,3,0,281600
PRJ-2021-304,Late (50–80%),4,4,0,295800
PRJ-2021-304,Closeout (80%+),3,2,1,126500
PRJ-2021-305,Early (0–20%),2,2,0,105900
PRJ-2021-305,Mid (20–50%),10,8,2,772100
PRJ-2021-305,Late (50–80%),3,3,0,528800
PRJ-2021-305,Closeout (80%+),3,3,0,198500
PRJ-2021-306,Early (0–20%),4,4,0,2553800
PRJ-2021-306,Mid (20–50%),2,2,0,1660400
PRJ-2021-306,Late (50–80%),5,4,1,2406100
PRJ-2021-306,Closeout (80%+),1,1,0,811200
PRJ-2021-307,Early (0–20%),1,1,0,601900
PRJ-2021-307,Mid (20–50%),4,3,1,1623700
PRJ-2021-307,Late (50–80%),2,1,1,1551500
PRJ-2021-307,Closeout (80%+),3,1,2,1365300
PRJ-2021-308,Early (0–20%),3,3,0,1000500
PRJ-2021-308,Mid (20–50%),8,5,3,1367700
PRJ-2021-308,Late (50–80%),5,3,2,661200
PRJ-2021-308,Closeout (80%+),2,2,0,205700
PRJ-2021-309,Early (0–20%),7,5,2,2324900
PRJ-2021-309,Mid (20–50%),4,3,1,489800
PRJ-2021-309,Late (50–80%),4,2,2,1065700
PRJ-2021-309,Closeout (80%+),1,1,0,449500
PRJ-2021-310,Early (0–20%),1,1,0,110600
PRJ-2021-310,Mid (20–50%),2,2,0,940900
PRJ-2021-310,Late (50–80%),2,1,1,289500
PRJ-2021-310,Closeout (80%+),1,1,0,534100
PRJ-2021-311,Early (0–20%),1,1,0,326400
PRJ-2021-311,Mid (20–50%),1,1,0,-112000
PRJ-2021-311,Late (50–80%),8,8,0,1898500
PRJ-2021-311,Closeout (80%+),1,1,0,502200
PRJ-2021-312,Early (0–20%),1,1,0,232300
PRJ-2021-312,Mid (20–50%),2,1,1,-15800
PRJ-2021-312,Late (50–80%),7,6,1,1636700
PRJ-2021-312,Closeout (80%+),1,1,0,229200
PRJ-2021-313,Early (0–20%),1,0,1,123400
PRJ-2021-313,Mid (20–50%),3,3,0,232800
PRJ-2021-313,Late (50–80%),2,2,0,99700
PRJ-2021-314,Early (0–20%),2,2,0,158800
PRJ-2021-314,Mid (20–50%),4,3,1,389700
PRJ-2021-314,Late (50–80%),5,5,0,404500
PRJ-2021-315,Early (0–20%),4,4,0,449400
PRJ-2021-315,Mid (20–50%),3,3,0,130500
PRJ-2021-315,Late (50–80%),1,1,0,13900
PRJ-2021-315,Closeout (80%+),5,4,1,465800
PRJ-2021-316,Early (0–20%),2,2,0,982100
PRJ-2021-316,Mid (20–50%),4,2,2,745400
PRJ-2021-316,Closeout (80%+),1,1,0,1158400
PRJ-2021-317,Mid (20–50%),1,1,0,-17900
PRJ-2021-317,Late (50–80%),2,1,1,26200
PRJ-2021-318,Mid (20–50%),4,3,1,122600
PRJ-2021-318,Late (50–80%),5,5,0,128200
PRJ-2021-318,Closeout (80%+),2,0,2,44000
PRJ-2021-319,Early (0–20%),3,2,1,520700
PRJ-2021-319,Mid (20–50%),5,5,0,650800
PRJ-2021-319,Late (50–80%),2,1,1,164300
PRJ-2021-319,Closeout (80%+),2,1,1,65600
PRJ-2021-320,Early (0–20%),2,2,0,294600
PRJ-2021-320,Mid (20–50%),6,6,0,892100
PRJ-2021-320,Late (50–80%),2,2,0,620000
PRJ-2021-320,Closeout (80%+),1,1,0,502300
PRJ-2022-321,Early (0–20%),2,2,0,1234900
PRJ-2022-321,Mid (20–50%),3,3,0,781000
PRJ-2022-321,Late (50–80%),4,3,1,1446400
PRJ-2022-321,Closeout (80%+),1,1,0,231600
PRJ-2022-322,Early (0–20%),2,2,0,104200
PRJ-2022-322,Mid (20–50%),6,6,0,283100
PRJ-2022-322,Late (50–80%),5,4,1,23300
PRJ-2022-322,Closeout (80%+),4,4,0,113200
PRJ-2022-323,Mid (20–50%),4,4,0,486500
PRJ-2022-323,Late (50–80%),5,3,2,410000
PRJ-2022-324,Early (0–20%),2,2,0,121800
PRJ-2022-324,Mid (20–50%),4,1,3,353400
PRJ-2022-324,Late (50–80%),3,3,0,224000
PRJ-2022-324,Closeout (80%+),3,2,1,179100
PRJ-2022-325,Early (0–20%),3,3,0,-500
PRJ-2022-325,Mid (20–50%),5,1,4,318900
PRJ-2022-325,Late (50–80%),5,4,1,474100
PRJ-2022-325,Closeout (80%+),3,3,0,172400
PRJ-2022-326,Mid (20–50%),2,1,1,-87200
PRJ-2022-326,Late (50–80%),3,2,1,194000
PRJ-2022-326,Closeout (80%+),1,1,0,56800
PRJ-2022-327,Early (0–20%),1,0,1,252600
PRJ-2022-327,Mid (20–50%),6,4,2,2094000
PRJ-2022-327,Late (50–80%),2,1,1,1244900
PRJ-2022-327,Closeout (80%+),3,2,1,812000
PRJ-2022-328,Early (0–20%),2,1,1,296800
PRJ-2022-328,Mid (20–50%),5,4,1,395100
PRJ-2022-328,Late (50–80%),5,4,1,682900
PRJ-2022-328,Closeout (80%+),4,3,1,1387500
PRJ-2022-329,Early (0–20%),4,4,0,1220100
PRJ-2022-329,Mid (20–50%),3,1,2,935000
PRJ-2022-329,Late (50–80%),4,4,0,1200400
PRJ-2022-330,Mid (20–50%),3,3,0,26200
PRJ-2022-330,Late (50–80%),1,0,1,-40200
PRJ-2022-331,Early (0–20%),3,3,0,1865000
PRJ-2022-331,Mid (20–50%),4,3,1,2011800
PRJ-2022-331,Late (50–80%),3,3,0,782300
PRJ-2022-331,Closeout (80%+),1,1,0,364200
PRJ-2022-332,Mid (20–50%),3,2,1,570100
PRJ-2022-332,Late (50–80%),4,3,1,436000
PRJ-2022-332,Closeout (80%+),3,2,1,631600
PRJ-2022-333,Early (0–20%),3,2,1,162400
PRJ-2022-333,Mid (20–50%),2,1,1,563500
PRJ-2022-333,Late (50–80%),3,3,0,402200
PRJ-2022-334,Early (0–20%),5,4,1,1232700
PRJ-2022-334,Mid (20–50%),6,5,1,1187900
PRJ-2022-334,Late (50–80%),5,2,3,1362700
PRJ-2022-334,Closeout (80%+),2,1,1,799700
PRJ-2022-335,Early (0–20%),1,1,0,109100
PRJ-2022-335,Late (50–80%),3,2,1,668100
PRJ-2022-335,Closeout (80%+),3,2,1,458200
PRJ-2022-336,Early (0–20%),2,2,0,1175400
PRJ-2022-336,Mid (20–50%),3,3,0,-319200
PRJ-2022-336,Late (50–80%),3,2,1,323200
PRJ-2022-336,Closeout (80%+),3,2,1,475000
PRJ-2022-337,Early (0–20%),3,2,1,1147400
PRJ-2022-337,Mid (20–50%),3,3,0,1944800
PRJ-2022-337,Late (50–80%),4,4,0,985600
PRJ-2022-338,Mid (20–50%),3,3,0,295800
PRJ-2022-338,Late (50–80%),6,5,1,534900
PRJ-2022-338,Closeout (80%+),1,1,0,250000
PRJ-2022-339,Early (0–20%),4,3,1,1207500
PRJ-2022-339,Mid (20–50%),4,2,2,1535100
PRJ-2022-339,Late (50–80%),8,4,4,2287000
PRJ-2022-339,Closeout (80%+),1,1,0,211500
PRJ-2022-340,Early (0–20%),1,0,1,426600
PRJ-2022-340,Mid (20–50%),4,4,0,1819400
PRJ-2022-340,Late (50–80%),2,2,0,382700
PRJ-2022-341,Mid (20–50%),5,3,2,936500
PRJ-2022-341,Late (50–80%),5,2,3,2270200
PRJ-2022-341,Closeout (80%+),1,1,0,927800
PRJ-2022-342,Early (0–20%),1,1,0,239000
PRJ-2022-342,Mid (20–50%),5,3,2,846600
PRJ-2022-343,Early (0–20%),2,1,1,71700
PRJ-2022-343,Mid (20–50%),3,1,2,208100
PRJ-2022-343,Late (50–80%),1,1,0,33500
PRJ-2022-343,Closeout (80%+),4,3,1,62000
PRJ-2022-344,Early (0–20%),1,1,0,-29200
PRJ-2022-344,Mid (20–50%),2,2,0,293200
PRJ-2022-344,Late (50–80%),3,2,1,449100
PRJ-2022-345,Early (0–20%),2,1,1,600400
PRJ-2022-345,Mid (20–50%),7,6,1,2110600
PRJ-2022-345,Late (50–80%),8,6,2,2966800
PRJ-2022-345,Closeout (80%+),2,2,0,174600
PRJ-2022-346,Early (0–20%),5,4,1,1503700
PRJ-2022-346,Mid (20–50%),4,4,0,1004800
PRJ-2022-346,Late (50–80%),5,2,3,1705500
PRJ-2022-346,Closeout (80%+),6,3,3,911300
PRJ-2022-347,Early (0–20%),2,1,1,750000
PRJ-2022-347,Mid (20–50%),6,3,3,2703300
PRJ-2022-348,Mid (20–50%),4,3,1,89700
PRJ-2022-348,Late (50–80%),2,1,1,99900
PRJ-2022-349,Mid (20–50%),1,1,0,-237200
PRJ-2022-349,Late (50–80%),3,3,0,1465300
PRJ-2022-349,Closeout (80%+),5,4,1,1138400
PRJ-2022-350,Early (0–20%),2,0,2,-180400
PRJ-2022-350,Mid (20–50%),3,3,0,306600
PRJ-2022-350,Late (50–80%),7,4,3,666300
PRJ-2022-350,Closeout (80%+),3,1,2,468900
PRJ-2022-351,Early (0–20%),1,1,0,547300
PRJ-2022-351,Mid (20–50%),5,5,0,1536000
PRJ-2022-351,Late (50–80%),1,1,0,148300
PRJ-2022-351,Closeout (80%+),2,0,2,658000
PRJ-2022-352,Early (0–20%),3,1,2,939800
PRJ-2022-352,Mid (20–50%),5,4,1,845200
PRJ-2022-352,Late (50–80%),7,6,1,762200
PRJ-2022-352,Closeout (80%+),2,2,0,899800
PRJ-2022-353,Mid (20–50%),2,1,1,333200
PRJ-2022-353,Late (50–80%),4,3,1,432900
PRJ-2022-353,Closeout (80%+),1,1,0,122600
PRJ-2022-354,Early (0–20%),4,3,1,654700
PRJ-2022-354,Mid (20–50%),2,1,1,375800
PRJ-2022-354,Late (50–80%),2,2,0,292500
PRJ-2022-355,Early (0–20%),4,3,1,959800
PRJ-2022-355,Mid (20–50%),2,2,0,827200
PRJ-2022-355,Late (50–80%),9,6,3,1708900
PRJ-2022-355,Closeout (80%+),2,2,0,317100
PRJ-2022-356,Early (0–20%),3,2,1,1143300
PRJ-2022-356,Mid (20–50%),3,3,0,1917800
PRJ-2022-356,Late (50–80%),4,4,0,2491400
PRJ-2022-357,Mid (20–50%),4,1,3,257800
PRJ-2022-357,Late (50–80%),3,2,1,495100
PRJ-2022-357,Closeout (80%+),1,1,0,109600
PRJ-2022-358,Early (0–20%),1,1,0,140700
PRJ-2022-358,Mid (20–50%),2,2,0,12400
PRJ-2022-358,Late (50–80%),5,4,1,371400
PRJ-2022-359,Mid (20–50%),4,2,2,517900
PRJ-2022-359,Late (50–80%),2,2,0,336100
PRJ-2022-360,Early (0–20%),1,0,1,65500
PRJ-2022-360,Mid (20–50%),6,5,1,473400
PRJ-2022-360,Late (50–80%),3,3,0,573700
PRJ-2022-361,Early (0–20%),2,2,0,656000
PRJ-2022-361,Mid (20–50%),4,3,1,654900
PRJ-2022-361,Late (50–80%),1,1,0,129500
PRJ-2022-362,Early (0–20%),3,1,2,657000
PRJ-2022-362,Mid (20–50%),3,2,1,469800
PRJ-2022-362,Late (50–80%),3,2,1,739500
PRJ-2022-362,Closeout (80%+),3,2,1,959800
PRJ-2022-363,Early (0–20%),1,1,0,39100
PRJ-2022-363,Mid (20–50%),2,2,0,157300
PRJ-2022-363,Late (50–80%),4,2,2,342400
PRJ-2022-364,Early (0–20%),2,1,1,549000
PRJ-2022-364,Mid (20–50%),3,0,3,729900
PRJ-2022-364,Late (50–80%),4,3,1,710000
PRJ-2022-365,Early (0–20%),1,1,0,166000
PRJ-2022-365,Mid (20–50%),3,3,0,391700
PRJ-2022-365,Late (50–80%),4,3,1,1078100
PRJ-2022-366,Early (0–20%),2,2,0,297900
PRJ-2022-366,Mid (20–50%),1,1,0,53900
PRJ-2022-366,Late (50–80%),3,2,1,273500
PRJ-2022-366,Closeout (80%+),6,5,1,671800
PRJ-2022-367,Early (0–20%),4,2,2,312000
PRJ-2022-367,Mid (20–50%),3,2,1,136100
PRJ-2022-367,Late (50–80%),4,4,0,299200
PRJ-2022-367,Closeout (80%+),3,2,1,369200
PRJ-2022-368,Early (0–20%),1,1,0,150500
PRJ-2022-368,Mid (20–50%),2,2,0,444800
PRJ-2022-368,Late (50–80%),4,4,0,114000
PRJ-2022-368,Closeout (80%+),5,5,0,474500
PRJ-2022-369,Early (0–20%),2,2,0,241100
PRJ-2022-369,Mid (20–50%),6,2,4,1382900
PRJ-2022-369,Late (50–80%),1,1,0,155600
PRJ-2022-369,Closeout (80%+),3,2,1,646000
PRJ-2022-370,Mid (20–50%),4,3,1,229400
PRJ-2022-370,Late (50–80%),4,4,0,251900
PRJ-2022-370,Closeout (80%+),1,1,0,75500
PRJ-2022-371,Early (0–20%),2,1,1,1734000
PRJ-2022-371,Mid (20–50%),2,2,0,-390000
PRJ-2022-371,Late (50–80%),5,4,1,3648300
PRJ-2022-371,Closeout (80%+),1,1,0,653100
PRJ-2022-372,Early (0–20%),1,1,0,-56400
PRJ-2022-372,Mid (20–50%),4,1,3,366600
PRJ-2022-372,Late (50–80%),6,4,2,411000
PRJ-2022-372,Closeout (80%+),1,0,1,168200
PRJ-2022-373,Mid (20–50%),1,1,0,192100
PRJ-2022-373,Late (50–80%),4,3,1,371000
PRJ-2022-374,Early (0–20%),1,1,0,60600
PRJ-2022-374,Mid (20–50%),6,5,1,403200
PRJ-2022-374,Late (50–80%),10,6,4,700500
PRJ-2022-374,Closeout (80%+),3,3,0,263500
PRJ-2022-375,Early (0–20%),5,4,1,1446200
PRJ-2022-375,Mid (20–50%),3,3,0,423900
PRJ-2022-375,Late (50–80%),4,2,2,597900
PRJ-2022-376,Early (0–20%),2,1,1,1273300
PRJ-2022-376,Mid (20–50%),4,3,1,3305300
PRJ-2022-376,Late (50–80%),3,3,0,1133700
PRJ-2022-376,Closeout (80%+),1,1,0,-302000
PRJ-2022-377,Early (0–20%),1,0,1,108200
PRJ-2022-377,Mid (20–50%),2,1,1,313100
PRJ-2022-377,Late (50–80%),2,1,1,450400
PRJ-2022-377,Closeout (80%+),1,1,0,214900
PRJ-2022-378,Mid (20–50%),3,3,0,15700
PRJ-2022-378,Late (50–80%),2,2,0,33600
PRJ-2022-379,Early (0–20%),6,3,3,980600
PRJ-2022-379,Mid (20–50%),5,3,2,892900
PRJ-2022-379,Late (50–80%),2,1,1,383500
PRJ-2022-379,Closeout (80%+),3,3,0,77100
PRJ-2022-380,Mid (20–50%),6,3,3,1756200
PRJ-2022-380,Late (50–80%),2,2,0,642500
PRJ-2022-380,Closeout (80%+),1,0,1,150900
PRJ-2023-381,Mid (20–50%),5,3,2,3421600
PRJ-2023-381,Late (50–80%),1,1,0,115600
PRJ-2023-381,Closeout (80%+),1,1,0,-249900
PRJ-2023-382,Mid (20–50%),4,2,2,651500
PRJ-2023-382,Late (50–80%),3,0,3,538800
PRJ-2023-383,Early (0–20%),1,1,0,-45900
PRJ-2023-383,Mid (20–50%),6,5,1,251600
PRJ-2023-383,Late (50–80%),1,1,0,-44400
PRJ-2023-384,Early (0–20%),3,3,0,1118600
PRJ-2023-384,Mid (20–50%),4,4,0,784800
PRJ-2023-384,Late (50–80%),4,4,0,917300
PRJ-2023-384,Closeout (80%+),1,0,1,187200
PRJ-2023-385,Mid (20–50%),2,2,0,479000
PRJ-2023-385,Late (50–80%),3,2,1,932100
PRJ-2023-385,Closeout (80%+),3,2,1,604000
PRJ-2023-386,Late (50–80%),1,0,1,276300
PRJ-2023-386,Closeout (80%+),3,2,1,706000
PRJ-2023-387,Early (0–20%),2,2,0,236700
PRJ-2023-387,Mid (20–50%),9,8,1,1136300
PRJ-2023-387,Late (50–80%),8,7,1,1029500
PRJ-2023-387,Closeout (80%+),1,1,0,197200
PRJ-2023-388,Early (0–20%),2,2,0,154700
PRJ-2023-388,Mid (20–50%),3,1,2,535200
PRJ-2023-388,Late (50–80%),3,3,0,642500
PRJ-2023-388,Closeout (80%+),3,3,0,744600
PRJ-2023-389,Late (50–80%),2,1,1,771200
PRJ-2023-389,Closeout (80%+),2,1,1,-253600
PRJ-2023-390,Early (0–20%),4,3,1,343800
PRJ-2023-390,Mid (20–50%),11,8,3,1119300
PRJ-2023-390,Late (50–80%),2,2,0,217100
PRJ-2023-390,Closeout (80%+),1,0,1,91200
PRJ-2023-391,Early (0–20%),3,3,0,369300
PRJ-2023-391,Mid (20–50%),7,4,3,893500
PRJ-2023-391,Late (50–80%),4,3,1,774500
PRJ-2023-391,Closeout (80%+),5,5,0,519100
PRJ-2023-392,Mid (20–50%),5,4,1,436300
PRJ-2023-392,Late (50–80%),1,0,1,222100
PRJ-2023-393,Early (0–20%),1,1,0,11700
PRJ-2023-393,Mid (20–50%),2,2,0,123400
PRJ-2023-393,Late (50–80%),3,3,0,71600
PRJ-2023-393,Closeout (80%+),1,1,0,-76100
PRJ-2023-394,Early (0–20%),1,1,0,-49200
PRJ-2023-394,Mid (20–50%),2,1,1,499900
PRJ-2023-394,Late (50–80%),4,3,1,555400
PRJ-2023-395,Mid (20–50%),4,2,2,156900
PRJ-2023-395,Late (50–80%),1,1,0,114900
PRJ-2023-396,Mid (20–50%),3,1,2,1137500
PRJ-2023-396,Late (50–80%),4,4,0,543300
PRJ-2023-396,Closeout (80%+),2,2,0,1171400
PRJ-2023-397,Early (0–20%),3,2,1,1198800
PRJ-2023-397,Mid (20–50%),1,1,0,376800
PRJ-2023-397,Late (50–80%),3,2,1,1343200
PRJ-2023-397,Closeout (80%+),4,2,2,1622000
PRJ-2023-398,Early (0–20%),2,1,1,152000
PRJ-2023-398,Mid (20–50%),4,3,1,343000
PRJ-2023-398,Late (50–80%),6,4,2,728600
PRJ-2023-399,Early (0–20%),5,5,0,631100
PRJ-2023-399,Mid (20–50%),3,3,0,465600
PRJ-2023-399,Late (50–80%),5,3,2,767000
PRJ-2023-399,Closeout (80%+),3,2,1,528900
PRJ-2023-400,Early (0–20%),1,1,0,165400
PRJ-2023-400,Mid (20–50%),3,2,1,565100
PRJ-2023-400,Late (50–80%),2,2,0,690100
PRJ-2024-001,Early (0–20%),4,4,0,1715700
PRJ-2024-001,Mid (20–50%),2,1,1,760100
PRJ-2024-001,Late (50–80%),3,1,2,1362400
PRJ-2024-001,Closeout (80%+),3,3,0,1649100
PRJ-2024-002,Early (0–20%),1,1,0,93200
PRJ-2024-002,Mid (20–50%),9,7,2,3625700
PRJ-2024-002,Late (50–80%),6,5,1,3716200
PRJ-2024-002,Closeout (80%+),4,1,3,1280200
PRJ-2024-003,Early (0–20%),2,1,1,227000
PRJ-2024-003,Mid (20–50%),3,1,2,370500
PRJ-2024-003,Late (50–80%),3,3,0,96600
PRJ-2024-004,Mid (20–50%),5,4,1,1581000
PRJ-2024-004,Late (50–80%),5,2,3,1469200
PRJ-2024-004,Closeout (80%+),2,2,0,908300
PRJ-2024-005,Early (0–20%),4,4,0,265100
PRJ-2024-005,Mid (20–50%),2,1,1,194000
PRJ-2024-005,Late (50–80%),3,1,2,964800
PRJ-2024-005,Closeout (80%+),3,3,0,1053600
