project_id,early_co_count,early_co_rejection_rate_%,early_upstream_design_%,early_rfi_count,early_rfi_cost_impact_%,early_ot_ratio_%,early_partial_shipment_%,risk_score_0_100,risk_category,project_cpi,is_poor_performer
PRJ-2024-001,4.0,0.0,25.0,18.0,38.88888888888889,6.067415730337078,28.57142857142857,57.1,Elevated (55–75),1.3491,0
PRJ-2024-002,1.0,0.0,0.0,19.0,21.052631578947366,5.992063492063492,20.0,28.6,Low Risk (0–30),1.3355,0
PRJ-2024-003,2.0,50.0,50.0,6.0,16.666666666666664,5.817610062893082,25.0,28.6,Low Risk (0–30),0.6163,1
PRJ-2024-004,0.0,0.0,0.0,8.0,25.0,5.535055350553505,8.333333333333332,0.0,Low Risk (0–30),1.3131,0
PRJ-2024-005,4.0,0.0,0.0,4.0,25.0,6.424242424242424,0.0,14.3,Low Risk (0–30),1.2667,0
PRJ-2018-001,3.0,33.33333333333333,66.66666666666666,10.0,10.0,6.24551328068916,16.666666666666664,28.6,Low Risk (0–30),1.6511,0
PRJ-2018-002,3.0,66.66666666666666,0.0,10.0,30.0,4.750450992182802,0.0,42.9,Moderate (30–55),1.3823,0
PRJ-2018-003,1.0,0.0,0.0,10.0,30.0,5.214723926380368,11.11111111111111,28.6,Low Risk (0–30),1.2882,0
PRJ-2018-004,0.0,0.0,0.0,10.0,20.0,4.996379435191891,25.0,28.6,Low Risk (0–30),1.2598,0
PRJ-2018-005,1.0,0.0,0.0,6.0,33.33333333333333,4.748603351955307,0.0,28.6,Low Risk (0–30),1.1785,0
PRJ-2018-006,3.0,0.0,66.66666666666666,2.0,50.0,5.495893872394189,0.0,28.6,Low Risk (0–30),1.0894,0
PRJ-2018-007,2.0,50.0,50.0,5.0,0.0,4.726735598227474,0.0,28.6,Low Risk (0–30),1.6136,0
PRJ-2018-008,1.0,0.0,0.0,15.0,26.666666666666668,5.6381342901076374,16.666666666666664,42.9,Moderate (30–55),0.7458,1
PRJ-2018-009,1.0,0.0,0.0,4.0,75.0,5.805038335158817,25.0,28.6,Low Risk (0–30),1.3812,0
PRJ-2018-010,0.0,0.0,0.0,5.0,60.0,7.582260371959943,0.0,14.3,Low Risk (0–30),1.3002,0
PRJ-2018-011,0.0,0.0,0.0,9.0,33.33333333333333,5.985552115583075,12.5,14.3,Low Risk (0–30),1.4927,0
PRJ-2018-012,1.0,0.0,0.0,8.0,50.0,5.360561582641991,57.14285714285714,42.9,Moderate (30–55),1.1226,0
PRJ-2018-013,3.0,66.66666666666666,0.0,8.0,50.0,5.373831775700935,30.76923076923077,57.1,Elevated (55–75),0.8166,1
PRJ-2018-014,0.0,0.0,0.0,5.0,40.0,5.985267034990792,0.0,14.3,Low Risk (0–30),1.4033,0
PRJ-2018-015,4.0,50.0,75.0,7.0,28.57142857142857,4.442200908632004,22.22222222222222,57.1,Elevated (55–75),1.29,0
PRJ-2018-016,2.0,50.0,0.0,22.0,27.27272727272727,5.664488017429194,0.0,42.9,Moderate (30–55),1.1824,0
PRJ-2018-017,0.0,0.0,0.0,12.0,41.66666666666667,5.206073752711497,22.22222222222222,57.1,Elevated (55–75),1.5999,0
PRJ-2018-018,2.0,0.0,50.0,14.0,14.285714285714285,4.19516643866849,28.57142857142857,57.1,Elevated (55–75),0.9494,0
PRJ-2018-019,4.0,25.0,25.0,11.0,18.181818181818183,5.231949773282177,0.0,42.9,Moderate (30–55),1.021,0
PRJ-2018-020,2.0,0.0,50.0,12.0,25.0,5.752212389380531,15.384615384615385,28.6,Low Risk (0–30),1.0159,0
PRJ-2018-021,2.0,0.0,0.0,8.0,50.0,5.041628122109159,25.0,57.1,Elevated (55–75),1.3744,0
PRJ-2018-022,2.0,50.0,0.0,11.0,36.36363636363637,6.5149136577708004,25.0,57.1,Elevated (55–75),1.3258,0
PRJ-2018-023,2.0,50.0,0.0,6.0,0.0,4.642166344294004,0.0,28.6,Low Risk (0–30),1.0412,0
PRJ-2018-024,1.0,0.0,0.0,10.0,10.0,5.625990491283677,25.0,14.3,Low Risk (0–30),1.4998,0
PRJ-2018-025,3.0,0.0,66.66666666666666,17.0,23.52941176470588,5.050188205771644,16.666666666666664,57.1,Elevated (55–75),1.2255,0
PRJ-2018-026,3.0,0.0,33.33333333333333,13.0,0.0,5.175600739371535,20.0,57.1,Elevated (55–75),0.6783,1
PRJ-2018-027,5.0,40.0,20.0,14.0,21.428571428571427,5.560271646859083,0.0,28.6,Low Risk (0–30),0.9653,0
PRJ-2018-028,4.0,25.0,0.0,17.0,17.647058823529413,5.563480741797433,22.22222222222222,42.9,Moderate (30–55),1.2394,0
PRJ-2018-029,1.0,0.0,0.0,8.0,25.0,5.375603032391455,20.0,28.6,Low Risk (0–30),0.9784,0
PRJ-2018-030,1.0,0.0,0.0,18.0,27.77777777777778,6.050420168067227,50.0,42.9,Moderate (30–55),1.325,0
PRJ-2018-031,2.0,0.0,50.0,25.0,20.0,4.757670075589151,62.5,57.1,Elevated (55–75),1.4036,0
PRJ-2018-032,5.0,0.0,40.0,7.0,0.0,5.9192825112107625,0.0,14.3,Low Risk (0–30),1.331,0
PRJ-2018-033,2.0,0.0,50.0,9.0,11.11111111111111,5.271695052716951,0.0,28.6,Low Risk (0–30),1.3478,0
PRJ-2018-034,4.0,25.0,0.0,14.0,42.857142857142854,6.175972927241963,16.666666666666664,57.1,Elevated (55–75),1.0231,0
PRJ-2018-035,0.0,0.0,0.0,10.0,20.0,5.692803437164339,14.285714285714285,0.0,Low Risk (0–30),1.3266,0
PRJ-2018-036,2.0,0.0,100.0,11.0,0.0,5.606060606060606,11.11111111111111,28.6,Low Risk (0–30),1.5125,0
PRJ-2018-037,3.0,33.33333333333333,33.33333333333333,15.0,26.666666666666668,5.477424130273871,0.0,42.9,Moderate (30–55),1.3098,0
PRJ-2018-038,1.0,100.0,100.0,6.0,33.33333333333333,4.553734061930783,0.0,28.6,Low Risk (0–30),1.3951,0
PRJ-2018-039,0.0,0.0,0.0,6.0,33.33333333333333,4.447533009034052,30.0,42.9,Moderate (30–55),0.8785,0
PRJ-2018-040,0.0,0.0,0.0,9.0,22.22222222222222,4.3478260869565215,16.666666666666664,28.6,Low Risk (0–30),1.1567,0
PRJ-2018-041,2.0,0.0,50.0,8.0,12.5,7.137129109863673,9.090909090909092,14.3,Low Risk (0–30),1.3836,0
PRJ-2018-042,2.0,0.0,50.0,10.0,10.0,4.54914703493095,0.0,28.6,Low Risk (0–30),1.4385,0
PRJ-2018-043,5.0,40.0,0.0,17.0,17.647058823529413,5.580608793686584,60.0,42.9,Moderate (30–55),0.959,0
PRJ-2018-044,2.0,50.0,50.0,6.0,16.666666666666664,6.202618883528601,36.36363636363637,28.6,Low Risk (0–30),1.0773,0
PRJ-2018-045,1.0,100.0,0.0,6.0,16.666666666666664,5.015873015873016,25.0,28.6,Low Risk (0–30),0.8019,1
PRJ-2018-046,3.0,33.33333333333333,33.33333333333333,11.0,18.181818181818183,5.084745762711865,14.285714285714285,42.9,Moderate (30–55),1.0617,0
PRJ-2018-047,0.0,0.0,0.0,10.0,40.0,5.305755395683454,0.0,28.6,Low Risk (0–30),1.3459,0
PRJ-2018-048,1.0,100.0,0.0,11.0,18.181818181818183,5.9137733689431515,0.0,14.3,Low Risk (0–30),0.686,1
PRJ-2018-049,2.0,0.0,50.0,9.0,44.44444444444444,5.237084217975937,37.5,57.1,Elevated (55–75),0.8151,1
PRJ-2018-050,0.0,0.0,0.0,5.0,40.0,5.0482553823311065,14.285714285714285,28.6,Low Risk (0–30),0.7263,1
PRJ-2018-051,2.0,0.0,50.0,6.0,16.666666666666664,5.465742879137799,0.0,14.3,Low Risk (0–30),0.8563,0
PRJ-2018-052,1.0,0.0,0.0,17.0,29.411764705882355,6.0249816311535636,0.0,28.6,Low Risk (0–30),0.5783,1
PRJ-2018-053,1.0,0.0,0.0,5.0,20.0,5.10752688172043,0.0,14.3,Low Risk (0–30),0.7843,1
PRJ-2018-054,4.0,50.0,0.0,9.0,22.22222222222222,6.141672946495856,14.285714285714285,14.3,Low Risk (0–30),0.9945,0
PRJ-2018-055,5.0,20.0,20.0,11.0,18.181818181818183,5.646359583952452,12.5,28.6,Low Risk (0–30),0.6334,1
PRJ-2018-056,3.0,66.66666666666666,0.0,5.0,20.0,5.296229802513465,0.0,28.6,Low Risk (0–30),1.4184,0
PRJ-2018-057,3.0,0.0,66.66666666666666,4.0,0.0,5.246720799500312,50.0,42.9,Moderate (30–55),1.1978,0
PRJ-2018-058,0.0,0.0,0.0,4.0,50.0,7.142857142857142,40.0,28.6,Low Risk (0–30),1.3754,0
PRJ-2018-059,3.0,33.33333333333333,0.0,12.0,16.666666666666664,5.648441030275643,12.5,28.6,Low Risk (0–30),1.1484,0
PRJ-2018-060,0.0,0.0,0.0,5.0,60.0,5.7174887892376685,0.0,14.3,Low Risk (0–30),1.3462,0
PRJ-2018-061,0.0,0.0,0.0,7.0,28.57142857142857,5.362583790371724,16.666666666666664,42.9,Moderate (30–55),1.5589,0
PRJ-2018-062,3.0,66.66666666666666,33.33333333333333,5.0,20.0,5.426356589147287,12.5,14.3,Low Risk (0–30),1.0978,0
PRJ-2018-063,2.0,0.0,0.0,6.0,16.666666666666664,4.25764192139738,0.0,28.6,Low Risk (0–30),1.172,0
PRJ-2018-064,3.0,66.66666666666666,33.33333333333333,17.0,23.52941176470588,5.668684645019263,15.384615384615385,28.6,Low Risk (0–30),1.03,0
PRJ-2018-065,2.0,50.0,0.0,8.0,12.5,5.054811205846529,11.11111111111111,28.6,Low Risk (0–30),1.1869,0
PRJ-2018-066,1.0,100.0,100.0,7.0,0.0,5.573558003888529,16.666666666666664,14.3,Low Risk (0–30),1.3557,0
PRJ-2018-067,1.0,0.0,100.0,6.0,0.0,6.293706293706294,30.0,14.3,Low Risk (0–30),1.6916,0
PRJ-2018-068,1.0,0.0,0.0,12.0,16.666666666666664,5.205278592375366,0.0,28.6,Low Risk (0–30),1.0907,0
PRJ-2018-069,0.0,0.0,0.0,7.0,28.57142857142857,5.7586837294332724,28.57142857142857,28.6,Low Risk (0–30),1.449,0
PRJ-2018-070,4.0,0.0,25.0,4.0,0.0,4.427736006683375,12.5,28.6,Low Risk (0–30),1.4235,0
PRJ-2018-071,1.0,0.0,100.0,15.0,26.666666666666668,7.303877366997296,0.0,28.6,Low Risk (0–30),1.536,0
PRJ-2018-072,1.0,0.0,0.0,4.0,75.0,4.66321243523316,0.0,28.6,Low Risk (0–30),1.3928,0
PRJ-2018-073,1.0,0.0,100.0,7.0,14.285714285714285,5.394990366088632,22.22222222222222,14.3,Low Risk (0–30),1.3259,0
PRJ-2018-074,1.0,0.0,0.0,11.0,27.27272727272727,6.214039125431531,14.285714285714285,28.6,Low Risk (0–30),1.0,0
PRJ-2018-075,6.0,50.0,0.0,15.0,46.666666666666664,5.762018411183089,16.666666666666664,57.1,Elevated (55–75),0.877,0
PRJ-2018-076,1.0,0.0,0.0,11.0,18.181818181818183,4.974619289340102,22.22222222222222,42.9,Moderate (30–55),1.2966,0
PRJ-2018-077,0.0,0.0,0.0,8.0,50.0,5.350877192982456,0.0,28.6,Low Risk (0–30),0.9314,0
PRJ-2018-078,2.0,0.0,100.0,16.0,37.5,6.679389312977099,25.0,57.1,Elevated (55–75),0.8347,1
PRJ-2018-079,1.0,100.0,100.0,13.0,23.076923076923077,4.428904428904429,16.666666666666664,42.9,Moderate (30–55),1.3142,0
PRJ-2018-080,2.0,0.0,0.0,13.0,23.076923076923077,5.2718286655683695,0.0,42.9,Moderate (30–55),1.3974,0
PRJ-2019-081,3.0,0.0,0.0,10.0,20.0,5.503292568203198,50.0,28.6,Low Risk (0–30),1.357,0
PRJ-2019-082,0.0,0.0,0.0,11.0,18.181818181818183,5.289108023307933,66.66666666666666,42.9,Moderate (30–55),1.4148,0
PRJ-2019-083,2.0,0.0,50.0,9.0,77.77777777777779,6.385404789053592,27.27272727272727,42.9,Moderate (30–55),1.0754,0
PRJ-2019-084,4.0,50.0,25.0,14.0,28.57142857142857,6.35500365230095,66.66666666666666,57.1,Elevated (55–75),0.9356,0
PRJ-2019-085,2.0,0.0,0.0,9.0,0.0,6.190125276344879,0.0,14.3,Low Risk (0–30),1.0722,0
PRJ-2019-086,2.0,0.0,0.0,3.0,0.0,6.349206349206349,8.333333333333332,14.3,Low Risk (0–30),1.3654,0
PRJ-2019-087,1.0,0.0,0.0,4.0,25.0,5.4189085318985395,25.0,14.3,Low Risk (0–30),1.2031,0
PRJ-2019-088,3.0,33.33333333333333,33.33333333333333,15.0,33.33333333333333,5.566343042071197,0.0,42.9,Moderate (30–55),1.0822,0
PRJ-2019-089,2.0,50.0,0.0,11.0,36.36363636363637,4.282655246252676,27.27272727272727,71.4,Elevated (55–75),0.957,0
PRJ-2019-090,2.0,0.0,0.0,4.0,25.0,5.488474204171241,0.0,14.3,Low Risk (0–30),0.8415,1
PRJ-2019-091,0.0,0.0,0.0,4.0,25.0,4.1067761806981515,100.0,28.6,Low Risk (0–30),1.5752,0
PRJ-2019-092,2.0,100.0,50.0,10.0,60.0,4.534313725490196,25.0,57.1,Elevated (55–75),1.2164,0
PRJ-2019-093,1.0,0.0,0.0,12.0,16.666666666666664,5.067300079176563,35.714285714285715,42.9,Moderate (30–55),1.2542,0
PRJ-2019-094,0.0,0.0,0.0,5.0,20.0,4.431599229287091,0.0,14.3,Low Risk (0–30),1.4229,0
PRJ-2019-095,1.0,0.0,100.0,17.0,29.411764705882355,5.327675624705328,33.33333333333333,57.1,Elevated (55–75),0.878,0
PRJ-2019-096,0.0,0.0,0.0,9.0,22.22222222222222,6.572769953051644,7.6923076923076925,0.0,Low Risk (0–30),1.2054,0
PRJ-2019-097,2.0,0.0,0.0,14.0,42.857142857142854,6.109822119102862,7.6923076923076925,42.9,Moderate (30–55),1.2045,0
PRJ-2019-098,0.0,0.0,0.0,6.0,16.666666666666664,5.519053876478318,14.285714285714285,0.0,Low Risk (0–30),1.1242,0
PRJ-2019-099,2.0,0.0,0.0,3.0,0.0,4.716981132075472,0.0,28.6,Low Risk (0–30),1.2566,0
PRJ-2019-100,0.0,0.0,0.0,1.0,0.0,5.061349693251533,33.33333333333333,28.6,Low Risk (0–30),1.1431,0
PRJ-2019-101,1.0,0.0,0.0,7.0,14.285714285714285,2.9585798816568047,0.0,14.3,Low Risk (0–30),1.6346,0
PRJ-2019-102,2.0,0.0,50.0,10.0,20.0,4.797208896641954,25.0,42.9,Moderate (30–55),1.4555,0
PRJ-2019-103,2.0,0.0,50.0,15.0,33.33333333333333,5.363984674329502,33.33333333333333,71.4,Elevated (55–75),0.7239,1
PRJ-2019-104,0.0,0.0,0.0,5.0,0.0,5.177372962607862,14.285714285714285,14.3,Low Risk (0–30),1.6318,0
PRJ-2019-105,0.0,0.0,0.0,2.0,0.0,7.412790697674419,14.285714285714285,0.0,Low Risk (0–30),1.4015,0
PRJ-2019-106,2.0,0.0,0.0,6.0,0.0,5.099601593625498,23.076923076923077,42.9,Moderate (30–55),1.4924,0
PRJ-2019-107,3.0,0.0,33.33333333333333,6.0,0.0,6.072210065645514,42.857142857142854,28.6,Low Risk (0–30),1.2571,0
PRJ-2019-108,4.0,0.0,75.0,17.0,17.647058823529413,5.637254901960785,37.5,42.9,Moderate (30–55),0.9384,0
PRJ-2019-109,2.0,0.0,50.0,5.0,0.0,5.93886462882096,0.0,14.3,Low Risk (0–30),1.2854,0
PRJ-2019-110,0.0,0.0,0.0,5.0,20.0,5.7324840764331215,25.0,14.3,Low Risk (0–30),0.8486,1
PRJ-2019-111,1.0,0.0,0.0,6.0,16.666666666666664,5.974652987326494,37.5,14.3,Low Risk (0–30),1.2038,0
PRJ-2019-112,2.0,0.0,50.0,13.0,30.76923076923077,4.344262295081967,14.285714285714285,57.1,Elevated (55–75),1.2803,0
PRJ-2019-113,0.0,0.0,0.0,13.0,15.384615384615385,5.356556030233323,14.285714285714285,28.6,Low Risk (0–30),0.2871,1
PRJ-2019-114,2.0,50.0,0.0,9.0,22.22222222222222,4.697072838665759,12.5,28.6,Low Risk (0–30),1.2204,0
PRJ-2019-115,2.0,50.0,0.0,19.0,31.57894736842105,4.69208211143695,11.11111111111111,57.1,Elevated (55–75),1.4807,0
PRJ-2019-116,0.0,0.0,0.0,6.0,66.66666666666666,6.128702757916241,6.25,14.3,Low Risk (0–30),1.4697,0
PRJ-2019-117,3.0,0.0,0.0,7.0,28.57142857142857,4.41717791411043,0.0,42.9,Moderate (30–55),1.5704,0
PRJ-2019-118,1.0,0.0,100.0,9.0,55.55555555555556,5.644402634054563,0.0,14.3,Low Risk (0–30),0.8716,0
PRJ-2019-119,2.0,50.0,100.0,7.0,42.857142857142854,3.9501039501039505,27.27272727272727,57.1,Elevated (55–75),1.2946,0
PRJ-2019-120,0.0,0.0,0.0,8.0,25.0,5.921052631578947,0.0,0.0,Low Risk (0–30),0.8053,1
PRJ-2019-121,4.0,0.0,25.0,23.0,21.73913043478261,5.439481268011527,10.0,28.6,Low Risk (0–30),1.3048,0
PRJ-2019-122,0.0,0.0,0.0,5.0,40.0,3.91304347826087,25.0,42.9,Moderate (30–55),0.8766,0
PRJ-2019-123,0.0,0.0,0.0,7.0,0.0,5.852417302798982,16.666666666666664,14.3,Low Risk (0–30),1.1266,0
PRJ-2019-124,0.0,0.0,0.0,11.0,18.181818181818183,6.367924528301887,0.0,14.3,Low Risk (0–30),1.2303,0
PRJ-2019-125,1.0,0.0,100.0,10.0,40.0,5.425709515859766,14.285714285714285,14.3,Low Risk (0–30),1.1308,0
PRJ-2019-126,4.0,50.0,50.0,14.0,28.57142857142857,4.570567553992968,33.33333333333333,71.4,Elevated (55–75),1.296,0
PRJ-2019-127,2.0,0.0,0.0,6.0,33.33333333333333,5.728643216080402,14.285714285714285,28.6,Low Risk (0–30),1.3121,0
PRJ-2019-128,1.0,100.0,100.0,7.0,14.285714285714285,6.005830903790088,16.666666666666664,14.3,Low Risk (0–30),0.6371,1
PRJ-2019-129,0.0,0.0,0.0,2.0,50.0,5.751633986928105,12.5,14.3,Low Risk (0–30),1.2652,0
PRJ-2019-130,2.0,0.0,0.0,14.0,7.142857142857142,5.402298850574713,0.0,28.6,Low Risk (0–30),0.8811,0
PRJ-2019-131,1.0,100.0,0.0,6.0,16.666666666666664,5.053191489361701,33.33333333333333,28.6,Low Risk (0–30),1.468,0
PRJ-2019-132,3.0,0.0,33.33333333333333,5.0,40.0,4.400241109101868,30.0,57.1,Elevated (55–75),0.8073,1
PRJ-2019-133,2.0,50.0,50.0,4.0,75.0,5.415162454873646,11.11111111111111,28.6,Low Risk (0–30),1.4163,0
PRJ-2019-134,1.0,0.0,0.0,8.0,25.0,5.635245901639344,0.0,0.0,Low Risk (0–30),1.0893,0
PRJ-2019-135,1.0,0.0,0.0,11.0,36.36363636363637,5.690492713393477,11.11111111111111,28.6,Low Risk (0–30),1.4264,0
PRJ-2019-136,2.0,0.0,50.0,8.0,50.0,4.150197628458498,0.0,42.9,Moderate (30–55),1.3598,0
PRJ-2019-137,1.0,0.0,0.0,8.0,37.5,6.806282722513089,14.285714285714285,14.3,Low Risk (0–30),1.3809,0
PRJ-2019-138,2.0,0.0,0.0,15.0,33.33333333333333,5.123479542941394,7.6923076923076925,57.1,Elevated (55–75),1.0069,0
PRJ-2019-139,2.0,0.0,50.0,10.0,40.0,5.402298850574713,33.33333333333333,42.9,Moderate (30–55),1.1261,0
PRJ-2019-140,3.0,33.33333333333333,0.0,15.0,26.666666666666668,5.255474452554744,25.0,71.4,Elevated (55–75),1.0507,0
PRJ-2019-141,0.0,0.0,0.0,5.0,0.0,6.176853055916775,20.0,14.3,Low Risk (0–30),1.3199,0
PRJ-2019-142,0.0,0.0,0.0,5.0,40.0,3.7484885126964933,0.0,28.6,Low Risk (0–30),1.597,0
PRJ-2019-143,1.0,0.0,0.0,2.0,0.0,4.5038167938931295,12.5,14.3,Low Risk (0–30),0.745,1
PRJ-2019-144,1.0,0.0,0.0,21.0,19.047619047619047,5.942142298670837,0.0,14.3,Low Risk (0–30),1.0014,0
PRJ-2019-145,1.0,0.0,0.0,7.0,14.285714285714285,5.315870570107858,14.285714285714285,14.3,Low Risk (0–30),0.869,0
PRJ-2019-146,0.0,0.0,0.0,5.0,60.0,5.979760809567617,6.666666666666667,14.3,Low Risk (0–30),1.2272,0
PRJ-2019-147,2.0,50.0,0.0,7.0,14.285714285714285,6.545153272576636,0.0,14.3,Low Risk (0–30),1.4015,0
PRJ-2019-148,4.0,25.0,25.0,12.0,16.666666666666664,6.162876008804108,12.5,28.6,Low Risk (0–30),0.9842,0
PRJ-2019-149,1.0,0.0,100.0,6.0,33.33333333333333,5.570839064649244,16.666666666666664,28.6,Low Risk (0–30),1.4711,0
PRJ-2019-150,2.0,0.0,50.0,13.0,23.076923076923077,5.309000414765657,0.0,42.9,Moderate (30–55),1.2228,0
PRJ-2019-151,1.0,0.0,0.0,7.0,14.285714285714285,5.328504914640455,0.0,14.3,Low Risk (0–30),1.3663,0
PRJ-2019-152,2.0,50.0,50.0,6.0,66.66666666666666,5.560307955517536,50.0,42.9,Moderate (30–55),0.4194,1
PRJ-2019-153,3.0,33.33333333333333,0.0,11.0,27.27272727272727,5.078958600085361,18.181818181818183,71.4,Elevated (55–75),0.7516,1
PRJ-2019-154,2.0,0.0,50.0,10.0,30.0,5.868544600938967,12.5,28.6,Low Risk (0–30),0.6942,1
PRJ-2019-155,0.0,0.0,0.0,9.0,22.22222222222222,5.324459234608985,22.22222222222222,28.6,Low Risk (0–30),1.0896,0
PRJ-2019-156,1.0,0.0,0.0,14.0,21.428571428571427,5.766062602965404,20.0,28.6,Low Risk (0–30),1.7511,0
PRJ-2019-157,3.0,0.0,33.33333333333333,12.0,41.66666666666667,6.520292747837658,33.33333333333333,57.1,Elevated (55–75),0.8272,1
PRJ-2019-158,0.0,0.0,0.0,11.0,9.090909090909092,5.2304964539007095,33.33333333333333,42.9,Moderate (30–55),0.946,0
PRJ-2019-159,1.0,0.0,0.0,10.0,20.0,6.22154779969651,0.0,0.0,Low Risk (0–30),1.2484,0
PRJ-2019-160,3.0,33.33333333333333,33.33333333333333,9.0,11.11111111111111,5.775922059846903,0.0,14.3,Low Risk (0–30),0.9918,0
PRJ-2020-161,2.0,100.0,50.0,14.0,35.714285714285715,6.568300809138505,40.0,57.1,Elevated (55–75),1.402,0
PRJ-2020-162,0.0,0.0,0.0,8.0,12.5,4.3478260869565215,14.285714285714285,14.3,Low Risk (0–30),1.6038,0
PRJ-2020-163,1.0,0.0,100.0,19.0,31.57894736842105,5.328653477983408,12.5,42.9,Moderate (30–55),0.8226,1
PRJ-2020-164,1.0,0.0,0.0,12.0,50.0,5.942492012779553,28.57142857142857,42.9,Moderate (30–55),0.9983,0
PRJ-2020-165,3.0,0.0,0.0,16.0,18.75,4.94044993383326,12.5,42.9,Moderate (30–55),0.77,1
PRJ-2020-166,1.0,0.0,0.0,9.0,22.22222222222222,5.540166204986149,27.27272727272727,14.3,Low Risk (0–30),1.7162,0
PRJ-2020-167,1.0,100.0,0.0,9.0,44.44444444444444,6.075635461872288,33.33333333333333,28.6,Low Risk (0–30),1.1065,0
PRJ-2020-168,0.0,0.0,0.0,5.0,60.0,4.908675799086757,9.090909090909092,28.6,Low Risk (0–30),1.3401,0
PRJ-2020-169,2.0,50.0,50.0,11.0,27.27272727272727,4.906333630686887,50.0,71.4,Elevated (55–75),1.3545,0
PRJ-2020-170,0.0,0.0,0.0,5.0,60.0,5.726872246696035,20.0,28.6,Low Risk (0–30),1.2504,0
PRJ-2020-171,1.0,0.0,100.0,8.0,37.5,4.642409033877039,12.5,28.6,Low Risk (0–30),1.3485,0
PRJ-2020-172,1.0,0.0,0.0,4.0,25.0,5.151729004940014,14.285714285714285,14.3,Low Risk (0–30),0.9077,0
PRJ-2020-173,1.0,0.0,0.0,11.0,0.0,5.0761421319796955,16.666666666666664,42.9,Moderate (30–55),0.7833,1
PRJ-2020-174,3.0,0.0,0.0,8.0,50.0,4.920721705850192,0.0,42.9,Moderate (30–55),0.7912,1
PRJ-2020-175,3.0,0.0,0.0,4.0,25.0,4.37544107268878,36.36363636363637,42.9,Moderate (30–55),1.2635,0
PRJ-2020-176,1.0,0.0,100.0,8.0,25.0,4.970760233918129,11.11111111111111,14.3,Low Risk (0–30),1.4555,0
PRJ-2020-177,1.0,0.0,100.0,8.0,25.0,6.7748091603053435,16.666666666666664,14.3,Low Risk (0–30),1.2639,0
PRJ-2020-178,1.0,0.0,0.0,7.0,28.57142857142857,3.8620689655172415,0.0,28.6,Low Risk (0–30),1.1777,0
PRJ-2020-179,1.0,100.0,0.0,13.0,30.76923076923077,4.746709214200239,14.285714285714285,42.9,Moderate (30–55),1.1735,0
PRJ-2020-180,4.0,25.0,75.0,15.0,33.33333333333333,5.829770695685969,0.0,42.9,Moderate (30–55),0.8508,0
PRJ-2020-181,2.0,0.0,100.0,1.0,100.0,4.969879518072289,28.57142857142857,57.1,Elevated (55–75),1.6056,0
PRJ-2020-182,4.0,75.0,75.0,6.0,33.33333333333333,4.6276211135213305,22.22222222222222,57.1,Elevated (55–75),0.8519,0
PRJ-2020-183,3.0,66.66666666666666,0.0,8.0,25.0,6.020942408376963,0.0,14.3,Low Risk (0–30),1.0446,0
PRJ-2020-184,2.0,0.0,0.0,13.0,15.384615384615385,5.685833601027947,10.0,28.6,Low Risk (0–30),0.5949,1
PRJ-2020-185,2.0,50.0,0.0,8.0,50.0,4.694255713403336,14.285714285714285,42.9,Moderate (30–55),0.758,1
PRJ-2020-186,4.0,50.0,0.0,9.0,11.11111111111111,5.697770437654831,14.285714285714285,14.3,Low Risk (0–30),1.4403,0
PRJ-2020-187,1.0,0.0,0.0,11.0,9.090909090909092,4.935064935064935,33.33333333333333,42.9,Moderate (30–55),1.2285,0
PRJ-2020-188,2.0,0.0,50.0,9.0,22.22222222222222,5.269683818970862,28.57142857142857,42.9,Moderate (30–55),0.9942,0
PRJ-2020-189,2.0,100.0,0.0,13.0,38.46153846153847,4.6117647058823525,16.666666666666664,71.4,Elevated (55–75),1.1827,0
PRJ-2020-190,0.0,0.0,0.0,6.0,33.33333333333333,5.402930402930403,42.857142857142854,28.6,Low Risk (0–30),1.0911,0
PRJ-2020-191,1.0,0.0,0.0,9.0,33.33333333333333,6.442953020134229,0.0,14.3,Low Risk (0–30),1.6436,0
PRJ-2020-192,1.0,0.0,100.0,9.0,33.33333333333333,4.6038543897216275,10.0,28.6,Low Risk (0–30),1.3802,0
PRJ-2020-193,1.0,0.0,0.0,11.0,0.0,6.101254868022501,25.0,28.6,Low Risk (0–30),0.9178,0
PRJ-2020-194,0.0,0.0,0.0,5.0,20.0,5.500705218617771,20.0,14.3,Low Risk (0–30),1.5167,0
PRJ-2020-195,4.0,50.0,0.0,12.0,25.0,5.679367361610352,0.0,28.6,Low Risk (0–30),1.1453,0
PRJ-2020-196,3.0,66.66666666666666,100.0,8.0,12.5,5.900086132644272,15.384615384615385,14.3,Low Risk (0–30),1.2449,0
PRJ-2020-197,0.0,0.0,0.0,6.0,16.666666666666664,3.923766816143498,0.0,14.3,Low Risk (0–30),0.8707,0
PRJ-2020-198,0.0,0.0,0.0,7.0,28.57142857142857,5.177664974619289,0.0,28.6,Low Risk (0–30),1.2717,0
PRJ-2020-199,1.0,0.0,100.0,8.0,25.0,4.799426934097421,11.11111111111111,14.3,Low Risk (0–30),1.3666,0
PRJ-2020-200,3.0,0.0,33.33333333333333,12.0,25.0,6.341463414634147,0.0,28.6,Low Risk (0–30),1.1253,0
PRJ-2020-201,1.0,0.0,0.0,18.0,44.44444444444444,5.7249533291848165,0.0,28.6,Low Risk (0–30),1.6232,0
PRJ-2020-202,3.0,33.33333333333333,100.0,21.0,28.57142857142857,5.07796881247501,0.0,57.1,Elevated (55–75),1.1592,0
PRJ-2020-203,2.0,0.0,50.0,17.0,11.76470588235294,6.497277676950998,16.666666666666664,42.9,Moderate (30–55),0.3964,1
PRJ-2020-204,2.0,50.0,0.0,6.0,33.33333333333333,4.436557231588288,0.0,42.9,Moderate (30–55),1.4195,0
PRJ-2020-205,2.0,50.0,0.0,14.0,21.428571428571427,4.655493482309125,25.0,57.1,Elevated (55–75),0.7731,1
PRJ-2020-206,0.0,0.0,0.0,10.0,20.0,6.096654275092937,22.22222222222222,14.3,Low Risk (0–30),1.4067,0
PRJ-2020-207,1.0,0.0,0.0,7.0,28.57142857142857,4.298642533936651,12.5,28.6,Low Risk (0–30),0.993,0
PRJ-2020-208,2.0,0.0,100.0,19.0,36.84210526315789,5.800653594771242,7.6923076923076925,42.9,Moderate (30–55),1.0921,0
PRJ-2020-209,0.0,0.0,0.0,11.0,18.181818181818183,6.0402684563758395,25.0,28.6,Low Risk (0–30),1.3311,0
PRJ-2020-210,3.0,0.0,33.33333333333333,2.0,0.0,5.88235294117647,16.666666666666664,28.6,Low Risk (0–30),1.4163,0
PRJ-2020-211,1.0,0.0,0.0,7.0,28.57142857142857,5.213903743315508,20.0,42.9,Moderate (30–55),1.3664,0
PRJ-2020-212,2.0,0.0,50.0,15.0,20.0,4.39297124600639,16.666666666666664,57.1,Elevated (55–75),1.3666,0
PRJ-2020-213,1.0,0.0,100.0,8.0,25.0,6.123973114264376,25.0,14.3,Low Risk (0–30),0.9056,0
PRJ-2020-214,2.0,50.0,50.0,11.0,27.27272727272727,4.773462783171521,21.428571428571427,71.4,Elevated (55–75),1.2395,0
PRJ-2020-215,1.0,100.0,0.0,15.0,33.33333333333333,5.377008652657602,20.0,57.1,Elevated (55–75),1.2496,0
PRJ-2020-216,0.0,0.0,0.0,11.0,27.27272727272727,5.622489959839357,0.0,28.6,Low Risk (0–30),1.5151,0
PRJ-2020-217,1.0,0.0,0.0,5.0,20.0,5.004721435316336,23.076923076923077,28.6,Low Risk (0–30),0.9867,0
PRJ-2020-218,2.0,0.0,0.0,21.0,23.809523809523807,5.063291139240507,0.0,42.9,Moderate (30–55),0.9474,0
PRJ-2020-219,0.0,0.0,0.0,18.0,22.22222222222222,4.909409701928697,0.0,28.6,Low Risk (0–30),1.2721,0
PRJ-2020-220,2.0,50.0,0.0,16.0,25.0,6.187548039969255,35.714285714285715,42.9,Moderate (30–55),1.0899,0
PRJ-2020-221,5.0,20.0,60.0,15.0,33.33333333333333,4.759660697455231,0.0,57.1,Elevated (55–75),1.1624,0
PRJ-2020-222,2.0,50.0,0.0,14.0,42.857142857142854,5.533421868083223,25.0,57.1,Elevated (55–75),0.8925,0
PRJ-2020-223,1.0,100.0,100.0,4.0,0.0,4.476093591047812,12.5,14.3,Low Risk (0–30),1.177,0
PRJ-2020-224,1.0,100.0,0.0,11.0,18.181818181818183,5.3839364518976165,10.0,28.6,Low Risk (0–30),1.3557,0
PRJ-2020-225,1.0,0.0,100.0,12.0,25.0,4.625984251968504,14.285714285714285,28.6,Low Risk (0–30),0.7512,1
PRJ-2020-226,4.0,25.0,0.0,6.0,16.666666666666664,5.2264808362369335,16.666666666666664,42.9,Moderate (30–55),1.4384,0
PRJ-2020-227,3.0,66.66666666666666,0.0,18.0,27.77777777777778,5.89307411907655,14.285714285714285,42.9,Moderate (30–55),1.2834,0
PRJ-2020-228,4.0,50.0,0.0,4.0,25.0,5.5790960451977405,25.0,28.6,Low Risk (0–30),1.0488,0
PRJ-2020-229,0.0,0.0,0.0,3.0,0.0,4.2682926829268295,0.0,14.3,Low Risk (0–30),1.2066,0
PRJ-2020-230,0.0,0.0,0.0,6.0,33.33333333333333,5.989583333333334,20.0,28.6,Low Risk (0–30),1.2216,0
PRJ-2020-231,2.0,0.0,50.0,15.0,0.0,5.994787141615986,27.27272727272727,42.9,Moderate (30–55),0.985,0
PRJ-2020-232,0.0,0.0,0.0,9.0,44.44444444444444,4.6966731898238745,0.0,28.6,Low Risk (0–30),1.0155,0
PRJ-2020-233,2.0,0.0,0.0,10.0,40.0,5.980271270036992,0.0,28.6,Low Risk (0–30),0.845,1
PRJ-2020-234,0.0,0.0,0.0,4.0,25.0,5.651491365777081,0.0,0.0,Low Risk (0–30),1.3244,0
PRJ-2020-235,2.0,50.0,0.0,25.0,32.0,5.6829035339064,11.11111111111111,42.9,Moderate (30–55),1.1778,0
PRJ-2020-236,1.0,0.0,0.0,10.0,30.0,4.932735426008969,0.0,28.6,Low Risk (0–30),1.3355,0
PRJ-2020-237,1.0,0.0,100.0,10.0,20.0,6.193078324225866,28.57142857142857,14.3,Low Risk (0–30),1.443,0
PRJ-2020-238,2.0,50.0,0.0,10.0,0.0,4.853675945753034,16.666666666666664,42.9,Moderate (30–55),1.1938,0
PRJ-2020-239,5.0,20.0,40.0,12.0,16.666666666666664,3.8562091503267975,50.0,57.1,Elevated (55–75),1.4278,0
PRJ-2020-240,4.0,25.0,50.0,16.0,25.0,5.194123819517314,14.285714285714285,42.9,Moderate (30–55),0.9565,0
PRJ-2021-241,0.0,0.0,0.0,6.0,16.666666666666664,5.796217205613178,8.333333333333332,0.0,Low Risk (0–30),1.2942,0
PRJ-2021-242,0.0,0.0,0.0,21.0,9.523809523809524,4.777777777777778,0.0,28.6,Low Risk (0–30),1.0922,0
PRJ-2021-243,2.0,0.0,0.0,15.0,26.666666666666668,5.8352941176470585,14.285714285714285,42.9,Moderate (30–55),0.6749,1
PRJ-2021-244,1.0,0.0,0.0,7.0,14.285714285714285,6.0967944688874915,0.0,0.0,Low Risk (0–30),1.2607,0
PRJ-2021-245,4.0,25.0,0.0,9.0,44.44444444444444,5.079681274900398,33.33333333333333,57.1,Elevated (55–75),1.2553,0
PRJ-2021-246,4.0,25.0,0.0,9.0,22.22222222222222,4.5385007649158595,50.0,42.9,Moderate (30–55),0.8581,0
PRJ-2021-247,1.0,0.0,0.0,5.0,0.0,6.0927152317880795,25.0,14.3,Low Risk (0–30),1.3182,0
PRJ-2021-248,0.0,0.0,0.0,10.0,20.0,5.633802816901409,0.0,0.0,Low Risk (0–30),1.1086,0
PRJ-2021-249,2.0,0.0,50.0,16.0,25.0,5.70005534034311,0.0,28.6,Low Risk (0–30),1.4074,0
PRJ-2021-250,1.0,100.0,0.0,12.0,33.33333333333333,5.866666666666666,0.0,28.6,Low Risk (0–30),1.2543,0
PRJ-2021-251,1.0,100.0,0.0,19.0,15.789473684210526,5.681818181818182,12.5,14.3,Low Risk (0–30),1.2116,0
PRJ-2021-252,2.0,0.0,0.0,7.0,14.285714285714285,5.207226354941551,0.0,28.6,Low Risk (0–30),1.4613,0
PRJ-2021-253,4.0,0.0,50.0,13.0,30.76923076923077,5.532953620829943,40.0,57.1,Elevated (55–75),1.0865,0
PRJ-2021-254,1.0,0.0,0.0,11.0,45.45454545454545,6.2970568104038325,14.285714285714285,28.6,Low Risk (0–30),1.0397,0
PRJ-2021-255,0.0,0.0,0.0,5.0,20.0,5.771643663739021,0.0,0.0,Low Risk (0–30),1.2459,0
PRJ-2021-256,0.0,0.0,0.0,9.0,44.44444444444444,5.305039787798409,25.0,42.9,Moderate (30–55),1.5027,0
PRJ-2021-257,2.0,50.0,50.0,14.0,28.57142857142857,4.514975413500223,0.0,57.1,Elevated (55–75),1.2192,0
PRJ-2021-258,1.0,100.0,0.0,5.0,60.0,5.188284518828452,12.5,28.6,Low Risk (0–30),1.0408,0
PRJ-2021-259,0.0,0.0,0.0,19.0,21.052631578947366,7.175925925925926,0.0,14.3,Low Risk (0–30),1.1123,0
PRJ-2021-260,6.0,33.33333333333333,16.666666666666664,19.0,31.57894736842105,5.74184657785944,12.5,42.9,Moderate (30–55),0.2313,1
PRJ-2021-261,0.0,0.0,0.0,2.0,0.0,5.542986425339366,42.857142857142854,14.3,Low Risk (0–30),1.427,0
PRJ-2021-262,1.0,100.0,0.0,9.0,22.22222222222222,5.917955615332885,31.25,14.3,Low Risk (0–30),1.3683,0
PRJ-2021-263,1.0,100.0,0.0,7.0,28.57142857142857,5.613305613305614,0.0,14.3,Low Risk (0–30),1.0887,0
PRJ-2021-264,5.0,20.0,60.0,18.0,38.88888888888889,5.557699729834041,33.33333333333333,57.1,Elevated (55–75),1.1156,0
PRJ-2021-265,2.0,0.0,0.0,12.0,16.666666666666664,4.801200300075019,20.0,57.1,Elevated (55–75),0.9523,0
PRJ-2021-266,1.0,0.0,0.0,5.0,40.0,4.4464609800362975,16.666666666666664,42.9,Moderate (30–55),1.2385,0
PRJ-2021-267,1.0,0.0,0.0,16.0,25.0,6.034868126955744,7.6923076923076925,14.3,Low Risk (0–30),0.953,0
PRJ-2021-268,0.0,0.0,0.0,6.0,0.0,4.847396768402154,0.0,14.3,Low Risk (0–30),0.8227,1
PRJ-2021-269,1.0,0.0,0.0,24.0,37.5,6.344950848972298,16.666666666666664,42.9,Moderate (30–55),0.622,1
PRJ-2021-270,0.0,0.0,0.0,8.0,37.5,5.4519368723099,60.0,28.6,Low Risk (0–30),1.0993,0
PRJ-2021-271,1.0,0.0,100.0,14.0,28.57142857142857,6.618582944420874,14.285714285714285,28.6,Low Risk (0–30),1.2793,0
PRJ-2021-272,0.0,0.0,0.0,3.0,0.0,4.854368932038835,16.666666666666664,28.6,Low Risk (0–30),0.9718,0
PRJ-2021-273,0.0,0.0,0.0,4.0,25.0,4.725415070242656,50.0,28.6,Low Risk (0–30),0.9812,0
PRJ-2021-274,0.0,0.0,0.0,7.0,57.14285714285714,5.603448275862069,0.0,14.3,Low Risk (0–30),1.339,0
PRJ-2021-275,0.0,0.0,0.0,8.0,12.5,4.786324786324787,20.0,28.6,Low Risk (0–30),1.3724,0
PRJ-2021-276,2.0,100.0,0.0,7.0,28.57142857142857,6.134969325153374,14.285714285714285,28.6,Low Risk (0–30),1.576,0
PRJ-2021-277,0.0,0.0,0.0,8.0,25.0,6.536856745479833,25.0,14.3,Low Risk (0–30),1.2379,0
PRJ-2021-278,0.0,0.0,0.0,9.0,11.11111111111111,5.4613935969868175,37.5,14.3,Low Risk (0–30),1.2009,0
PRJ-2021-279,4.0,0.0,0.0,8.0,12.5,4.184829991281604,0.0,28.6,Low Risk (0–30),1.0591,0
PRJ-2021-280,4.0,0.0,0.0,17.0,52.94117647058824,5.774591796097173,20.0,57.1,Elevated (55–75),1.0739,0
PRJ-2021-281,1.0,0.0,100.0,8.0,25.0,4.5531197301854975,0.0,14.3,Low Risk (0–30),1.4607,0
PRJ-2021-282,4.0,50.0,0.0,15.0,26.666666666666668,5.943450663589152,37.5,57.1,Elevated (55–75),1.196,0
PRJ-2021-283,2.0,0.0,0.0,9.0,33.33333333333333,4.520990312163617,10.0,42.9,Moderate (30–55),0.6534,1
PRJ-2021-284,1.0,0.0,0.0,5.0,0.0,4.901960784313726,14.285714285714285,14.3,Low Risk (0–30),0.9122,0
PRJ-2021-285,1.0,0.0,0.0,7.0,28.57142857142857,4.5053003533568905,16.666666666666664,42.9,Moderate (30–55),0.9369,0
PRJ-2021-286,2.0,0.0,50.0,11.0,27.27272727272727,4.91183879093199,28.57142857142857,71.4,Elevated (55–75),1.5553,0
PRJ-2021-287,0.0,0.0,0.0,4.0,25.0,4.608938547486034,12.5,14.3,Low Risk (0–30),1.1483,0
PRJ-2021-288,2.0,50.0,50.0,8.0,12.5,5.72851805728518,14.285714285714285,14.3,Low Risk (0–30),1.1119,0
PRJ-2021-289,2.0,0.0,50.0,13.0,15.384615384615385,5.150040551500405,20.0,57.1,Elevated (55–75),1.063,0
PRJ-2021-290,2.0,50.0,50.0,13.0,30.76923076923077,4.235463029432879,20.0,71.4,Elevated (55–75),1.4754,0
PRJ-2021-291,5.0,20.0,40.0,15.0,20.0,6.41025641025641,16.666666666666664,42.9,Moderate (30–55),1.5639,0
PRJ-2021-292,3.0,0.0,0.0,22.0,9.090909090909092,4.995938261575954,0.0,42.9,Moderate (30–55),0.9656,0
PRJ-2021-293,1.0,100.0,0.0,9.0,44.44444444444444,5.937016004130098,22.22222222222222,28.6,Low Risk (0–30),1.0099,0
PRJ-2021-294,1.0,100.0,100.0,9.0,22.22222222222222,5.578578259483583,28.57142857142857,14.3,Low Risk (0–30),0.6938,1
PRJ-2021-295,8.0,0.0,25.0,20.0,20.0,4.911323328785812,37.5,57.1,Elevated (55–75),0.843,1
PRJ-2021-296,2.0,50.0,0.0,13.0,0.0,5.010224948875256,0.0,42.9,Moderate (30–55),1.4572,0
PRJ-2021-297,2.0,0.0,0.0,11.0,0.0,4.984093319194061,45.45454545454545,57.1,Elevated (55–75),1.5017,0
PRJ-2021-298,2.0,50.0,0.0,10.0,60.0,5.64373897707231,16.666666666666664,42.9,Moderate (30–55),1.1777,0
PRJ-2021-299,1.0,0.0,0.0,11.0,18.181818181818183,4.885270170244263,0.0,28.6,Low Risk (0–30),1.2679,0
PRJ-2021-300,1.0,100.0,100.0,1.0,100.0,4.692556634304207,0.0,28.6,Low Risk (0–30),1.399,0
PRJ-2021-301,0.0,0.0,0.0,14.0,21.428571428571427,5.540166204986149,16.666666666666664,28.6,Low Risk (0–30),1.096,0
PRJ-2021-302,2.0,50.0,50.0,5.0,40.0,6.47410358565737,20.0,42.9,Moderate (30–55),1.2887,0
PRJ-2021-303,3.0,66.66666666666666,0.0,13.0,0.0,5.5957365816520745,0.0,28.6,Low Risk (0–30),0.8829,0
PRJ-2021-304,3.0,0.0,66.66666666666666,5.0,0.0,4.777070063694268,40.0,42.9,Moderate (30–55),0.8874,0
PRJ-2021-305,2.0,0.0,0.0,11.0,27.27272727272727,5.314625850340136,13.333333333333334,57.1,Elevated (55–75),0.8681,0
PRJ-2021-306,4.0,0.0,25.0,7.0,14.285714285714285,4.997060552616108,20.0,42.9,Moderate (30–55),1.5285,0
PRJ-2021-307,1.0,0.0,0.0,13.0,15.384615384615385,3.519061583577713,0.0,28.6,Low Risk (0–30),1.3115,0
PRJ-2021-308,3.0,0.0,66.66666666666666,16.0,18.75,5.788497217068646,16.666666666666664,42.9,Moderate (30–55),0.9547,0
PRJ-2021-309,7.0,28.57142857142857,0.0,12.0,16.666666666666664,4.781009695753928,37.5,57.1,Elevated (55–75),1.1859,0
PRJ-2021-310,1.0,0.0,0.0,5.0,0.0,6.093579978237215,0.0,0.0,Low Risk (0–30),1.3101,0
PRJ-2021-311,1.0,0.0,100.0,6.0,50.0,4.552469135802469,0.0,28.6,Low Risk (0–30),1.6233,0
PRJ-2021-312,1.0,0.0,0.0,13.0,15.384615384615385,4.721753794266442,18.181818181818183,42.9,Moderate (30–55),1.2493,0
PRJ-2021-313,1.0,100.0,100.0,10.0,30.0,6.102635228848821,0.0,14.3,Low Risk (0–30),1.0434,0
PRJ-2021-314,2.0,0.0,50.0,10.0,10.0,4.727564102564102,33.33333333333333,42.9,Moderate (30–55),1.1495,0
PRJ-2021-315,4.0,0.0,25.0,16.0,43.75,4.824041122973507,25.0,71.4,Elevated (55–75),0.6132,1
PRJ-2021-316,2.0,0.0,0.0,10.0,40.0,4.152933421226105,0.0,42.9,Moderate (30–55),1.4251,0
PRJ-2021-317,0.0,0.0,0.0,3.0,33.33333333333333,4.62046204620462,14.285714285714285,28.6,Low Risk (0–30),1.1597,0
PRJ-2021-318,0.0,0.0,0.0,8.0,0.0,4.871447902571042,30.0,28.6,Low Risk (0–30),0.5484,1
PRJ-2021-319,3.0,33.33333333333333,33.33333333333333,20.0,20.0,5.037206639954207,12.5,42.9,Moderate (30–55),1.059,0
PRJ-2021-320,2.0,0.0,0.0,12.0,16.666666666666664,5.380673499267936,28.57142857142857,57.1,Elevated (55–75),1.1793,0
PRJ-2022-321,2.0,0.0,50.0,7.0,0.0,5.755947812739831,20.0,28.6,Low Risk (0–30),1.4245,0
PRJ-2022-322,2.0,0.0,0.0,7.0,14.285714285714285,4.695164681149264,16.666666666666664,42.9,Moderate (30–55),0.3939,1
PRJ-2022-323,0.0,0.0,0.0,6.0,33.33333333333333,5.83864118895966,0.0,14.3,Low Risk (0–30),1.1508,0
PRJ-2022-324,2.0,0.0,50.0,2.0,0.0,4.484657749803304,33.33333333333333,42.9,Moderate (30–55),0.9372,0
PRJ-2022-325,3.0,0.0,0.0,13.0,38.46153846153847,5.465493283927744,27.27272727272727,57.1,Elevated (55–75),0.6654,1
PRJ-2022-326,0.0,0.0,0.0,7.0,0.0,5.8049535603715166,14.285714285714285,0.0,Low Risk (0–30),0.9553,0
PRJ-2022-327,1.0,100.0,0.0,16.0,43.75,5.307145842039281,0.0,42.9,Moderate (30–55),1.3399,0
PRJ-2022-328,2.0,50.0,50.0,10.0,30.0,5.635838150289017,16.666666666666664,42.9,Moderate (30–55),1.2401,0
PRJ-2022-329,4.0,0.0,50.0,15.0,26.666666666666668,5.4979253112033195,20.0,57.1,Elevated (55–75),1.1998,0
PRJ-2022-330,0.0,0.0,0.0,9.0,0.0,5.433526011560693,20.0,14.3,Low Risk (0–30),1.0786,0
PRJ-2022-331,3.0,0.0,33.33333333333333,6.0,33.33333333333333,4.434589800443459,16.666666666666664,57.1,Elevated (55–75),1.4823,0
PRJ-2022-332,0.0,0.0,0.0,9.0,33.33333333333333,5.239179954441914,20.0,42.9,Moderate (30–55),1.2041,0
PRJ-2022-333,3.0,33.33333333333333,33.33333333333333,8.0,25.0,5.715969357690041,28.57142857142857,28.6,Low Risk (0–30),1.1523,0
PRJ-2022-334,5.0,20.0,40.0,20.0,30.0,6.371441482150926,14.285714285714285,42.9,Moderate (30–55),1.0876,0
PRJ-2022-335,1.0,0.0,0.0,6.0,16.666666666666664,6.120527306967985,0.0,0.0,Low Risk (0–30),1.2594,0
PRJ-2022-336,2.0,0.0,50.0,6.0,33.33333333333333,3.747323340471092,0.0,42.9,Moderate (30–55),1.4364,0
PRJ-2022-337,3.0,33.33333333333333,0.0,15.0,46.666666666666664,4.116222760290557,0.0,57.1,Elevated (55–75),1.3263,0
PRJ-2022-338,0.0,0.0,0.0,7.0,28.57142857142857,5.964912280701754,0.0,14.3,Low Risk (0–30),0.9861,0
PRJ-2022-339,4.0,25.0,50.0,10.0,30.0,6.6815144766147,20.0,42.9,Moderate (30–55),1.0805,0
PRJ-2022-340,1.0,100.0,100.0,2.0,0.0,5.497170573969281,0.0,0.0,Low Risk (0–30),1.3784,0
PRJ-2022-341,0.0,0.0,0.0,6.0,33.33333333333333,5.294705294705294,25.0,42.9,Moderate (30–55),1.621,0
PRJ-2022-342,1.0,0.0,0.0,15.0,20.0,5.332239540607055,35.714285714285715,42.9,Moderate (30–55),1.4684,0
PRJ-2022-343,2.0,50.0,0.0,12.0,8.333333333333332,5.353728489483748,12.5,42.9,Moderate (30–55),0.8134,1
PRJ-2022-344,1.0,0.0,0.0,8.0,12.5,5.1020408163265305,0.0,14.3,Low Risk (0–30),1.3148,0
PRJ-2022-345,2.0,50.0,0.0,21.0,19.047619047619047,5.268490374873354,20.0,57.1,Elevated (55–75),1.2615,0
PRJ-2022-346,5.0,20.0,20.0,17.0,29.411764705882355,5.912096460521198,66.66666666666666,57.1,Elevated (55–75),1.2435,0
PRJ-2022-347,2.0,50.0,0.0,7.0,28.57142857142857,4.754937820043892,12.5,42.9,Moderate (30–55),1.3885,0
PRJ-2022-348,0.0,0.0,0.0,12.0,25.0,4.95603517186251,50.0,42.9,Moderate (30–55),0.7947,1
PRJ-2022-349,0.0,0.0,0.0,11.0,18.181818181818183,5.794831636648395,14.285714285714285,14.3,Low Risk (0–30),1.294,0
PRJ-2022-350,2.0,100.0,0.0,13.0,38.46153846153847,4.428341384863124,22.22222222222222,71.4,Elevated (55–75),0.7414,1
PRJ-2022-351,1.0,0.0,100.0,10.0,20.0,4.973544973544974,0.0,14.3,Low Risk (0–30),1.4304,0
PRJ-2022-352,3.0,66.66666666666666,66.66666666666666,17.0,41.17647058823529,6.016688625384278,0.0,42.9,Moderate (30–55),1.0563,0
PRJ-2022-353,0.0,0.0,0.0,7.0,71.42857142857143,5.443698732289336,0.0,14.3,Low Risk (0–30),1.1358,0
PRJ-2022-354,4.0,25.0,25.0,12.0,16.666666666666664,4.370179948586118,0.0,42.9,Moderate (30–55),1.217,0
PRJ-2022-355,4.0,25.0,0.0,8.0,12.5,5.444555444555445,20.0,28.6,Low Risk (0–30),1.166,0
PRJ-2022-356,3.0,33.33333333333333,0.0,12.0,41.66666666666667,5.226960110041266,0.0,57.1,Elevated (55–75),1.3495,0
PRJ-2022-357,0.0,0.0,0.0,7.0,42.857142857142854,5.238095238095238,50.0,42.9,Moderate (30–55),1.1445,0
PRJ-2022-358,1.0,0.0,0.0,8.0,12.5,6.161137440758294,22.22222222222222,14.3,Low Risk (0–30),0.9846,0
PRJ-2022-359,0.0,0.0,0.0,1.0,0.0,4.294478527607362,14.285714285714285,14.3,Low Risk (0–30),1.3301,0
PRJ-2022-360,1.0,100.0,0.0,13.0,46.15384615384615,5.912930474333983,16.666666666666664,42.9,Moderate (30–55),1.0396,0
PRJ-2022-361,2.0,0.0,0.0,7.0,28.57142857142857,5.885922330097087,10.0,28.6,Low Risk (0–30),1.2182,0
PRJ-2022-362,3.0,66.66666666666666,66.66666666666666,7.0,0.0,6.3439065108514185,25.0,28.6,Low Risk (0–30),1.4485,0
PRJ-2022-363,1.0,0.0,0.0,4.0,0.0,6.976744186046512,7.142857142857142,0.0,Low Risk (0–30),1.0614,0
PRJ-2022-364,2.0,50.0,0.0,3.0,66.66666666666666,6.393442622950819,0.0,28.6,Low Risk (0–30),1.3863,0
PRJ-2022-365,1.0,0.0,0.0,12.0,41.66666666666667,4.672245467224546,0.0,42.9,Moderate (30–55),1.3437,0
PRJ-2022-366,2.0,0.0,50.0,13.0,46.15384615384615,5.008278145695364,11.11111111111111,57.1,Elevated (55–75),0.72,1
PRJ-2022-367,4.0,50.0,25.0,18.0,33.33333333333333,5.0884955752212395,0.0,57.1,Elevated (55–75),0.7595,1
PRJ-2022-368,1.0,0.0,0.0,9.0,11.11111111111111,4.712404712404712,0.0,14.3,Low Risk (0–30),1.0862,0
PRJ-2022-369,2.0,0.0,50.0,8.0,12.5,5.506072874493928,16.666666666666664,28.6,Low Risk (0–30),1.3473,0
PRJ-2022-370,0.0,0.0,0.0,4.0,50.0,6.042654028436019,30.0,28.6,Low Risk (0–30),1.0704,0
PRJ-2022-371,2.0,50.0,0.0,4.0,25.0,5.5910543130990416,0.0,14.3,Low Risk (0–30),1.5029,0
PRJ-2022-372,1.0,0.0,0.0,19.0,31.57894736842105,5.355064027939465,0.0,42.9,Moderate (30–55),0.691,1
PRJ-2022-373,0.0,0.0,0.0,5.0,20.0,3.810623556581986,40.0,28.6,Low Risk (0–30),1.2464,0
PRJ-2022-374,1.0,0.0,100.0,13.0,30.76923076923077,6.4927857935627085,33.33333333333333,42.9,Moderate (30–55),0.8147,1
PRJ-2022-375,5.0,20.0,40.0,17.0,11.76470588235294,4.692691029900333,27.27272727272727,57.1,Elevated (55–75),0.9077,0
PRJ-2022-376,2.0,50.0,50.0,7.0,14.285714285714285,5.745614035087719,16.666666666666664,28.6,Low Risk (0–30),1.2924,0
PRJ-2022-377,1.0,100.0,0.0,10.0,20.0,5.711206896551724,44.44444444444444,14.3,Low Risk (0–30),1.2762,0
PRJ-2022-378,0.0,0.0,0.0,4.0,25.0,3.9603960396039604,14.285714285714285,14.3,Low Risk (0–30),1.449,0
PRJ-2022-379,6.0,50.0,16.666666666666664,15.0,13.333333333333334,5.88235294117647,28.57142857142857,42.9,Moderate (30–55),1.0713,0
PRJ-2022-380,0.0,0.0,0.0,6.0,50.0,4.4166117336849045,11.11111111111111,28.6,Low Risk (0–30),1.257,0
PRJ-2023-381,0.0,0.0,0.0,11.0,36.36363636363637,4.976462676529926,22.22222222222222,57.1,Elevated (55–75),1.7303,0
PRJ-2023-382,0.0,0.0,0.0,8.0,25.0,4.784688995215311,18.181818181818183,28.6,Low Risk (0–30),1.2047,0
PRJ-2023-383,1.0,0.0,0.0,6.0,33.33333333333333,4.665542439572794,0.0,28.6,Low Risk (0–30),0.64,1
PRJ-2023-384,3.0,0.0,66.66666666666666,20.0,20.0,4.534792806880375,14.285714285714285,42.9,Moderate (30–55),1.3335,0
PRJ-2023-385,0.0,0.0,0.0,10.0,0.0,4.566744730679157,14.285714285714285,14.3,Low Risk (0–30),1.2631,0
PRJ-2023-386,0.0,0.0,0.0,5.0,20.0,7.063572149344097,0.0,0.0,Low Risk (0–30),1.2398,0
PRJ-2023-387,2.0,0.0,0.0,10.0,30.0,5.666251556662515,8.333333333333332,28.6,Low Risk (0–30),0.878,0
PRJ-2023-388,2.0,0.0,0.0,13.0,38.46153846153847,5.265289590927501,0.0,57.1,Elevated (55–75),0.9713,0
PRJ-2023-389,0.0,0.0,0.0,1.0,0.0,4.8582995951417,0.0,14.3,Low Risk (0–30),1.591,0
PRJ-2023-390,4.0,25.0,25.0,15.0,13.333333333333334,6.3301613570542,10.0,28.6,Low Risk (0–30),1.0131,0
PRJ-2023-391,3.0,0.0,100.0,18.0,33.33333333333333,4.6893317702227435,28.57142857142857,71.4,Elevated (55–75),0.9959,0
PRJ-2023-392,0.0,0.0,0.0,5.0,0.0,4.0455120101137805,28.57142857142857,28.6,Low Risk (0–30),1.4321,0
PRJ-2023-393,1.0,0.0,0.0,11.0,36.36363636363637,6.006389776357827,11.11111111111111,28.6,Low Risk (0–30),0.9593,0
PRJ-2023-394,1.0,0.0,0.0,7.0,14.285714285714285,6.374501992031872,11.11111111111111,0.0,Low Risk (0–30),1.3496,0
PRJ-2023-395,0.0,0.0,0.0,1.0,100.0,6.572769953051644,55.55555555555556,28.6,Low Risk (0–30),1.157,0
PRJ-2023-396,0.0,0.0,0.0,10.0,20.0,7.017543859649122,0.0,0.0,Low Risk (0–30),1.5024,0
PRJ-2023-397,3.0,33.33333333333333,66.66666666666666,12.0,41.66666666666667,5.521472392638037,16.666666666666664,57.1,Elevated (55–75),1.2821,0
PRJ-2023-398,2.0,50.0,50.0,10.0,40.0,5.862304021813224,0.0,28.6,Low Risk (0–30),0.9821,0
PRJ-2023-399,5.0,0.0,20.0,15.0,33.33333333333333,5.605718585402558,27.27272727272727,57.1,Elevated (55–75),0.7719,1
PRJ-2023-400,1.0,0.0,0.0,6.0,33.33333333333333,5.561277033985582,33.33333333333333,28.6,Low Risk (0–30),1.2129,0
